"id","answer","context"
"1","La obesidad es definida como una enfermedad crónica compleja en la que la grasa corporal anormal o excesiva perjudica la salud, aumenta el riesgo de complicaciones médicas a largo plazo y reduce la esperanza de vida. Se caracteriza por la acumulación de grasa corporal que impacta desfavorablemente la salud física y mental y la calidad de vida de la persona.","[Fuente: chunk_0]
La obesidad es definida como una enfermedad crónica compleja en  la  que  la  grasa  corporal  anormal  o  excesiva  adiposidad perjudican  la  salud,  aumentan  el  riesgo  de  complicaciones médicas a largo plazo y reducen la esperanza de vida. Utilizamos esta definición en lugar de la de peso o IMC al referirnos a las personas adultas con obesidad aplicando un lenguaje que prioriza a  las  personas 61 y  apoyando  el  cambio  de  narrativa  sobre  la obesidad. 63,69

Reconocemos que esto puede ser controversial y que se necesita más  investigación  para  conciliar  las  intervenciones  nutricionales utilizando las nuevas definiciones de obesidad. De todas formas, un diagnóstico de obesidad desde la práctica clínica requiere una evaluación exhaustiva que mitigue los prejuicios involuntarios hacia el peso y otros estigmas que puedan surgir si sólo se utiliza el IMC.

---

[Fuente: chunk_1]
La obesidad es una enfermedad crónica compleja en la que el exceso de grasa corporal (adiposidad) perjudica la salud, aumenta el riesgo de complicaciones médicas a largo plazo y reduce la esperanza de vida. 22-27 La  obesidad  se  ha  considerado  tradicionalmente  como un factor de riesgo para una amplia gama de otros problemas de salud. Sin embargo, la Asociación Médica Canadiense, 20  considera actualmente  a    la  obesidad  como  una  enfermedad  crónica  por sí  misma,  similar  a  la  diabetes  de  tipo  2,  la  hipertensión  arterial crónica y la dislipidemia (en consonancia con otras organizaciones como  Obesity  Canada,  la  Asociación  Médica  Americana, 25   la Organización Mundial de la Salud 24 , la Federación Mundial de la Obesidad y otras. 25-27 ) Para que una enfermedad sea considerada como crónica, debe cumplir con tres criterios que son: 1) deterioro del funcionamiento normal del cuerpo, 2) debe presentar síntomas y signos, y 3) que produzca daño o morbilidad. 28-31

---

[Fuente: chunk_2]
## MENSAJES CLAVE PARA EL PERSONAL DE SALUD

<!-- image -->

-  La  obesidad  es  una  enfermedad  crónica,  progresiva  y recurrente caracterizada por la presencia de una adiposidad anormal o excesiva que perjudica en diferentes formas la salud y el bienestar social.
-  La detección de la obesidad debe realizarse regularmente midiendo el índice de masa corporal (IMC) y la circunferencia de cintura (CC).
-  La  evaluación  clínica  de  la  obesidad  debe  tener  como objetivo diagnosticar e identificar las causas y consecuencias

## MENSAJES CLAVE PARA PERSONAS QUE VIVEN CON OBESIDAD

<!-- image -->

-  La obesidad es una enfermedad crónica que se caracteriza por la acumulación de grasa corporal que impacta desfavorablemente la salud física y mental y la calidad de vida de la persona.
-  Es necesario realizar una evaluación clínica que determine cómo afecta el peso a su salud para orientarlo a usted y a su

## Cómo citar este documento

---

[Fuente: chunk_3]
Se han propuesto otros métodos para establecer la presencia de exceso de tejido adiposo que cause daño a la salud. Una definición apropiada para la obesidad es el exceso de tejido graso que causa daño a la salud, y por lo tanto, un diagnóstico de obesidad con mayor especificidad. Utilizar para el diagnóstico de obesidad un criterio que no discrimina la composición corporal como el IMC puede conducir a sobreestimación de la enfermedad. La medición de circunferencia de cintura es una medida fácil y práctica que ha demostrado buena correlación con riesgo de salud por exceso de tejido graso, especialmente en estudios de riesgo cardiovascular.

---

[Fuente: chunk_4]
## DEFINICIONES DE LOS TÉRMINOS UTILIZADOS EN ESTE CAPÍTULO

Obesidad : Históricamente, la obesidad ha sido definida utilizando el índice de masa corporal (IMC) de ≥ 30 kg/m 2 . En el capítulo sobre Evaluación de las personas que viven con obesidad se revisan las limitaciones y los prejuicios asociados a la utilización del IMC. Aunque el aumento de la grasa corporal suele repercutir en la salud y el bienestar, el aumento de la grasa corporal en sí mismo no implica necesariamente un deterioro de la salud ni lo predice  de  forma  inequívoca.  Por  esta  razón,  las  personas  con obesidad o sobrepeso según su IMC (≥ 25 kg/m 2  o ≥ 30 kg/m 2 , respectivamente), mencionadas en este capítulo, que su salud no se haya deteriorado y que su bienestar social no haya empeorado, son  mencionadas  como  'personas  con  un  IMC  ≥  25  kg/m 2 ' (características descriptivas del peso, no de la salud)."
"2","La diferencia entre sobrepeso y obesidad se basa en el índice de masa corporal (IMC). El sobrepeso se define como un IMC de 25,0 a 29,9 kg/m², mientras que la obesidad se define como un IMC de más de 30,0 kg/m². Además, el sobrepeso se clasifica en ""en riesgo"" (23-24,9 kg/m²) y ""riesgo moderado"" (25-29,9 kg/m²), mientras que la obesidad se clasifica en diferentes grados, comenzando con obesidad grado I (30-34,9 kg/m²) y avanzando hasta obesidad grado V (≥ 60 kg/m²).","[Fuente: chunk_0]
| Sobrepeso (25,0-29,9 kg/m 2 )   | 7-11,5                  | 15-25                   | 0,28 (0,23-0,33)                                | 0,6 (0,5-0,7)                                   |
| Obesidad (>30,0 kg/m 2 )        | 5-9                     | 11-20                   | 0,22 (0,17-0,27)                                | 0,5 (0,4-0,6)                                   |

---

[Fuente: chunk_1]
## DEFINICIONES DE LOS TÉRMINOS UTILIZADOS EN ESTE CAPÍTULO

Obesidad : Históricamente, la obesidad ha sido definida utilizando el índice de masa corporal (IMC) de ≥ 30 kg/m 2 . En el capítulo sobre Evaluación de las personas que viven con obesidad se revisan las limitaciones y los prejuicios asociados a la utilización del IMC. Aunque el aumento de la grasa corporal suele repercutir en la salud y el bienestar, el aumento de la grasa corporal en sí mismo no implica necesariamente un deterioro de la salud ni lo predice  de  forma  inequívoca.  Por  esta  razón,  las  personas  con obesidad o sobrepeso según su IMC (≥ 25 kg/m 2  o ≥ 30 kg/m 2 , respectivamente), mencionadas en este capítulo, que su salud no se haya deteriorado y que su bienestar social no haya empeorado, son  mencionadas  como  'personas  con  un  IMC  ≥  25  kg/m 2 ' (características descriptivas del peso, no de la salud).

---

[Fuente: chunk_2]
| Obesidad grado III                             | 40-49,9                                        |
| Obesidad grado IV                              | 50-59,9                                        |
| Obesidad grado V                               | ≥ 60                                           |
| Etnias del sur, sudeste y este de Asia 58      | Etnias del sur, sudeste y este de Asia 58      |
| Bajo peso                                      | < 18,5                                         |
| Normal                                         | 18,5-22,9                                      |
| Sobrepeso - En riesgo                          | 23-24,9                                        |
| Sobrepeso - Riesgo moderado                    | 25-29,9                                        |
| Sobrepeso - Riesgo grave                       | ≥ 30                                           |

---

[Fuente: chunk_3]
En lo que respecta a la obesidad, se puede pensar en esto como un chequeo regular para así prevenir un mayor aumento de peso en individuos con obesidad leve no complicada (es decir, el estadio 0  o  1  según  el  EOSS).  Aunque  la  obesidad  está  fuertemente asociada  a  la  morbilidad  y  la  mortalidad,  hay  una  variación sustancial  en  los  perfiles  de  salud  observados  entre  personas con  el  mismo  índice  de  masa  corporal.  Además,  en  el  umbral inferior de la obesidad, hay personas que aún no han desarrollado comorbilidades  relacionadas,  como  hipertensión,  dislipidemia, problemas ortopédicos o diabetes.

---

[Fuente: chunk_4]
Se han propuesto otros métodos para establecer la presencia de exceso de tejido adiposo que cause daño a la salud. Una definición apropiada para la obesidad es el exceso de tejido graso que causa daño a la salud, y por lo tanto, un diagnóstico de obesidad con mayor especificidad. Utilizar para el diagnóstico de obesidad un criterio que no discrimina la composición corporal como el IMC puede conducir a sobreestimación de la enfermedad. La medición de circunferencia de cintura es una medida fácil y práctica que ha demostrado buena correlación con riesgo de salud por exceso de tejido graso, especialmente en estudios de riesgo cardiovascular."
"3","Tener obesidad es peligroso porque aumenta el riesgo de padecer enfermedades crónicas graves como enfermedades cardíacas, cáncer, derrames cerebrales, diabetes tipo 2 (DM2) e hígado graso no alcohólico, lo que perjudica la calidad de vida y reduce la esperanza de vida. Además, la obesidad se asocia con un mayor riesgo de complicaciones médicas a largo plazo y puede interferir con la movilidad, aumentando el riesgo de resbalones, tropiezos y caídas.","[Fuente: chunk_0]
## RIESGOS PARA LA SALUD

La obesidad, por sus características fisiopatológicas de inflamación,  alteraciones  hormonales,  inmunodepresión  y  por ser  una  enfermedad  crónica,  constituye  un  factor  reconocido de  riesgo  para  la  salud,  involucrado  en  el  desarrollo  de  cáncer y de enfermedades crónicas no transmisibles como la DM2 y la hipertensión arterial.  En años recientes, también se ha demostrado que constituye un factor de riesgo para enfermedades infecciosas causadas  por  los  virus  influenza  y  Sars-Cov  2. 21 El  exceso  de peso  categorizado  en  base  al  Índice  de  Masa  Corporal  (IMC) ha  mostrado  que  las  categorías  de  obesidad  II  y  III  se  asocian significativamente  con  mayor  mortalidad  por  cualquier  causa. 22 En  Chile,  la  obesidad  también  se  ha  identificado  dentro  de  los principales factores de riesgo modificables para desarrollar DM2 e hipertensión arterial. 23,24

---

[Fuente: chunk_1]
-  La  obesidad  aumenta  el  riesgo  de  padecer  enfermedades crónicas graves como enfermedades cardíacas, cáncer, derrames cerebrales, diabetes tipo 2 (DM2) e hígado graso no alcohólico, entre otras; perjudicando la calidad de vida relacionada con la salud de la persona, y reduce la esperanza de vida.
-  En  Chile,  la  prevalencia  de  la  obesidad  ha  aumentado  en todos  los  grupos  etarios  y  se  presenta  muy  precozmente desde la niñez. Además, se concentra en la población de menor nivel educativo y en mujeres.

---

[Fuente: chunk_2]
La obesidad es una enfermedad crónica compleja en la que el exceso de grasa corporal (adiposidad) perjudica la salud, aumenta el riesgo de complicaciones médicas a largo plazo y reduce la esperanza de vida. 22-27 La  obesidad  se  ha  considerado  tradicionalmente  como un factor de riesgo para una amplia gama de otros problemas de salud. Sin embargo, la Asociación Médica Canadiense, 20  considera actualmente  a    la  obesidad  como  una  enfermedad  crónica  por sí  misma,  similar  a  la  diabetes  de  tipo  2,  la  hipertensión  arterial crónica y la dislipidemia (en consonancia con otras organizaciones como  Obesity  Canada,  la  Asociación  Médica  Americana, 25   la Organización Mundial de la Salud 24 , la Federación Mundial de la Obesidad y otras. 25-27 ) Para que una enfermedad sea considerada como crónica, debe cumplir con tres criterios que son: 1) deterioro del funcionamiento normal del cuerpo, 2) debe presentar síntomas y signos, y 3) que produzca daño o morbilidad. 28-31

---

[Fuente: chunk_3]
El riesgo de resbalones, tropiezos y caídas aumenta en todas las clases de obesidad, con un mayor riesgo de lesiones en los adultos que tienen obesidad clase II o III. 15-18 En adultos, la obesidad clase III  se  asocia  con  una  disminución  del  equilibrio,  medida  por  el tiempo de mantenimiento del equilibrio y la oscilación postural del tronco durante la postura unipodal en una plataforma móvil. 19  El riesgo de caídas puede mejorar con el tratamiento de la obesidad. Un  estudio  demostró  en  una  pequeña  muestra  de  hombres adultos que una pérdida de peso significativa mejora la estabilidad postural,  y  que,  dicha  mejora  estaba  directamente  relacionada con la cantidad de peso perdido (el promedio de peso perdido fue de 12,3 kg tras una intervención dietética y de 71,3 kg tras una intervención quirúrgica). 20

---

[Fuente: chunk_4]
## MENSAJES CLAVE PARA PERSONAS QUE VIVEN CON OBESIDAD

<!-- image -->

-  Algunas  personas  con  obesidad  tienen  problemas  de movilidad y corren el riesgo de sufrir resbalones, tropiezos o caídas. Esto podría interferir con su capacidad e interés en participar en la actividad física. Informe al personal de salud que lo atiende si ha tenido una caída o tiene miedo a caerse mientras realiza sus actividades cotidianas. 6
-  Las  consultas  de  atención  de  sus  médicos  y  los  espacios de atención clínica deben ser físicamente accesibles y estar equipados para que todos los pacientes puedan acceder a toda la gama de servicios de atención clínica, incluida la evaluación y el tratamiento. Comunique al personal de salud si existen barreras que le impiden participar plenamente y tener acceso a la atención médica. Esto incluye el acceso a estacionamiento, transporte público, ascensores, escaleras, asientos, puertas, accesibilidad a los baños, etc.

## RECOMENDACIONES ADOPTADAS"
"4","Sí, la obesidad es considerada una enfermedad crónica compleja que perjudica la salud, aumenta el riesgo de complicaciones médicas a largo plazo y reduce la esperanza de vida.","[Fuente: chunk_0]
La obesidad es una enfermedad crónica compleja en la que el exceso de grasa corporal (adiposidad) perjudica la salud, aumenta el riesgo de complicaciones médicas a largo plazo y reduce la esperanza de vida. 22-27 La  obesidad  se  ha  considerado  tradicionalmente  como un factor de riesgo para una amplia gama de otros problemas de salud. Sin embargo, la Asociación Médica Canadiense, 20  considera actualmente  a    la  obesidad  como  una  enfermedad  crónica  por sí  misma,  similar  a  la  diabetes  de  tipo  2,  la  hipertensión  arterial crónica y la dislipidemia (en consonancia con otras organizaciones como  Obesity  Canada,  la  Asociación  Médica  Americana, 25   la Organización Mundial de la Salud 24 , la Federación Mundial de la Obesidad y otras. 25-27 ) Para que una enfermedad sea considerada como crónica, debe cumplir con tres criterios que son: 1) deterioro del funcionamiento normal del cuerpo, 2) debe presentar síntomas y signos, y 3) que produzca daño o morbilidad. 28-31

---

[Fuente: chunk_1]
La obesidad es definida como una enfermedad crónica compleja en  la  que  la  grasa  corporal  anormal  o  excesiva  adiposidad perjudican  la  salud,  aumentan  el  riesgo  de  complicaciones médicas a largo plazo y reducen la esperanza de vida. Utilizamos esta definición en lugar de la de peso o IMC al referirnos a las personas adultas con obesidad aplicando un lenguaje que prioriza a  las  personas 61 y  apoyando  el  cambio  de  narrativa  sobre  la obesidad. 63,69

Reconocemos que esto puede ser controversial y que se necesita más  investigación  para  conciliar  las  intervenciones  nutricionales utilizando las nuevas definiciones de obesidad. De todas formas, un diagnóstico de obesidad desde la práctica clínica requiere una evaluación exhaustiva que mitigue los prejuicios involuntarios hacia el peso y otros estigmas que puedan surgir si sólo se utiliza el IMC.

---

[Fuente: chunk_2]
## RECOMENDACIONES ADOPTADAS

<!-- image -->

-  El  personal  de  salud  tiene  que  reconocer  y  tratar  la obesidad como una enfermedad crónica, causada por una acumulación anormal o excesiva de grasa corporal (adiposidad),  que  perjudica  la  salud,  con  un  mayor riesgo de morbilidad y mortalidad prematuras (Nivel 2b, Grado B).

## ANTECEDENTES

En los años sesenta y setenta la población chilena era afectada por una alta incidencia de enfermedades infectocontagiosas (300 por 100 mil habitantes). Asimismo, prevalecía un porcentaje de mortalidad  infantil  cercano  al  40%, 10   desnutrición  en  37%  de los niños y niñas, y 20% presentaba anemia. 11  En esa época, las políticas públicas tenían como prioridad disminuir la mortalidad materno-infantil, la desnutrición y deficiencia de micronutrientes. 12 Sin embargo, esta ha cambiado en las últimas décadas, ya que Chile ha manifestado una abrupta y rápida transición nutricional. 1,12

---

[Fuente: chunk_3]
23.   Garvey  WT,  Mechanick  JI.  Proposal  for  a  Scientifically  Correct  and  Medically Actionable Disease Classification System (ICD) for Obesity. Obesity. 2020;28(3). doi:10.1002/oby.22727
24.   Obesity:  preventing  and  managing  the  global  epidemic.  Report  of  a  WHO consultation. World Health Organization - Technical Report Series. 2000;894.
25.   Kyle TK, Dhurandhar EJ, Allison DB. Regarding Obesity as a Disease: Evolving Policies and Their Implications. Endocrinology and Metabolism Clinics of North America. 2016;45(3). doi:10.1016/j.ecl.2016.04.004
26.   Vallgårda  S,  Nielsen  MEJ,  Hansen  AKK,  et  al.  Should  Europe  follow  the US  and  declare  obesity  a  disease?:  A  discussion  of  the  so-called  utilitarian argument. European Journal of Clinical Nutrition. 2017;71(11). doi:10.1038/ ejcn.2017.103

---

[Fuente: chunk_4]
## INTRODUCCIÓN

Al  entender la obesidad como una enfermedad médica crónica y  no  simplemente como una consecuencia de malas elecciones de  comportamiento  en  materia  de  salud,  el  tratamiento  de  la obesidad  adopta  muchos  de  los  principios  del  tratamiento  de las  enfermedades  crónicas. 44 Hay  varias  implicaciones  de  esta perspectiva de enfermedad crónica que son dignas de mención en relación con las intervenciones psicológicas para el tratamiento de la obesidad."
"5","El contexto no proporciona información que indique que la obesidad se puede curar. Se menciona que es una enfermedad crónica y recidivante, lo que sugiere que su manejo requiere un enfoque continuo y a largo plazo.","[Fuente: chunk_0]
Para la mayoría de las personas que viven con obesidad severa, las intervenciones destinadas a establecer hábitos saludables pueden inducir pérdidas de peso de baja magnitud y de corta duración, siendo la recuperación del peso perdido un fenómeno frecuente una  vez  terminado  el  tratamiento.  Adicionalmente,  el  impacto de estas intervenciones en  conseguir  un  adecuado  control de  las  enfermedades  o  trastornos  metabólicos  asociados  es limitado. Por ejemplo, la gran mayoría (74%) de las personas con obesidad severa y diabetes que se sometieron a una intervención conductual  intensiva  en  el  estudio  Look  AHEAD  (Action  for Health in Diabetes) no mantuvieron una pérdida de peso mayor o igual al 10% del peso corporal inicial luego de cuatro años

---

[Fuente: chunk_1]
La obesidad es una enfermedad crónica y recidivante cuyas causas son múltiples y tienen un impacto significativo en la vida y salud de las personas. La prevalencia de la obesidad sugiere que debe abordarse de forma temprana, eficaz y continua en la atención primaria  en  salud,  donde  existe  una  capacidad  potencial  para tratar  la  obesidad  a  mayor  escala.  Los  beneficios  de  hacerlo son  innumerables,  no  solamente  para  reducir  la  avalancha  de enfermedades crónicas en nuestros sistemas de salud, sino también para mejorar la vida de las personas al reducir el sufrimiento y mejorar  la  salud  mental,  física  y  emocional.  Para  empezar  a hacerlo, tenemos que cambiar los corazones y las mentes. Tenemos que respetar y tratar la obesidad como una enfermedad médica, educar al personal médico en su formación y apoyar su capacidad para realizar este trabajo en la práctica

---

[Fuente: chunk_2]
## MENSAJES CLAVE PARA LAS PERSONAS CON OBESIDAD

<!-- image -->

-  Los medicamentos para la obesidad pueden ayudar en el control de la obesidad cuando los cambios de estilo de vida por sí solos no han sido eficaces o sostenibles.
-  Los  medicamentos  para  la  obesidad  forman  parte  de  una estrategia de tratamiento a largo plazo. Los ensayos clínicos para la farmacoterapia de la obesidad han demostrado la recuperación del peso cuando se interrumpe el tratamiento activo. 1,2
-  Hay tres  medicamentos  aprobados  por  la  FDA  para el  tratamiento  de  la  obesidad  a  largo  plazo  en  Chile:

## RECOMENDACIONES ADOPTADAS

<!-- image -->

---

[Fuente: chunk_3]
## RECOMENDACIONES ADOPTADAS

<!-- image -->

1. No  recomendamos  el  uso  de  productos  comerciales  de venta libre para el control de la obesidad debido a la falta de evidencia (Nivel 4, Grado D). 1
2. No  sugerimos  que  se  utilicen  programas  comerciales  de pérdida de peso para mejorar el control de la presión arterial y los lípidos en adultos con obesidad (Nivel 4, Grado D). 2

## INTRODUCCIÓN

«Un estudio exhaustivo de los fraudes y modas médicas realizado a lo largo de casi veinte años me ha convencido de que en todo el ámbito de la charlatanería no hay un campo que se trabaje con más facilidad  ni  que  ofrezca  mayores  beneficios  económicos  al estafador médico que el dedicado a la explotación de las 'curas de la obesidad» (Arthur J Cramp, MD, 1929). 6

---

[Fuente: chunk_4]
## RECOMENDACIONES ADOPTADAS

<!-- image -->

1. No  recomendamos  el  uso  de  productos  comerciales  de venta libre para el control de la obesidad debido a la falta de evidencia (Nivel 4, Grado D). 1
2. No  sugerimos  que  se  utilicen  programas  comerciales  de pérdida de peso para mejorar el control de la presión arterial y los lípidos en adultos con obesidad (Nivel 4, Grado D). 2

## INTRODUCCIÓN

«Un estudio exhaustivo de los fraudes y modas médicas realizado a lo largo de casi veinte años me ha convencido de que en todo el ámbito de la charlatanería no hay un campo que se trabaje con más facilidad  ni  que  ofrezca  mayores  beneficios  económicos  al estafador médico que el dedicado a la explotación de las 'curas de la obesidad» (Arthur J Cramp, MD, 1929). 6"
"6","La obesidad en la mayoría de las personas es causada por una compleja interacción de factores genéticos, metabólicos, conductuales, ambientales y sociales. Entre estos, la mayor disponibilidad de alimentos de alta densidad calórica, de bajo costo y fácil accesibilidad, así como cambios en los estilos de vida debido a la urbanización y el crecimiento económico, son factores que promueven una mayor ingesta energética relativa al gasto energético. Además, otros factores como el estrés, la falta de sueño, trastornos psicológicos, y el uso de ciertos medicamentos también pueden contribuir al aumento de peso.","[Fuente: chunk_0]
## INTRODUCCIÓN

La obesidad, es una enfermedad crónica compleja que aumenta el  riesgo  de  complicaciones  médicas  a  largo  plazo  y  reduce  la expectativa  de  vida. 1   La  acumulación  de  grasa  corporal  está determinada por la compleja interacción de factores  genéticos, metabólicos, conductuales, ambientales y sociales; siendo estos últimos la causa directa del aumento en la prevalencia de obesidad observada  en  las  últimas  décadas. 2   La  mayor  disponibilidad de  alimentos  de  alta  densidad  calórica,  de  bajo  costo  y  fácil accesibilidad,  junto  con  un  mayor  grado  de  urbanización  en  la sociedad y un crecimiento económico conducen a cambios de los estilos de vida, por lo que son factores que promueven una mayor ingesta energética relativa al gasto energético. 3

---

[Fuente: chunk_1]
## MENSAJES CLAVE PARA PERSONAS QUE VIVEN CON OBESIDAD

<!-- image -->

-  Prevenir o retardar la aparición de obesidad es probablemente de menor dificultad en comparación a lograr la pérdida de peso y el no subir de peso a largo plazo.
-  Las causas y los factores de riesgo del aumento de peso son muy variados, y van más allá de las preferencias personales en  el  estilo  de  vida,  tales  como  la  ingesta  de  alimentos y  el  ejercicio,  e  incluyen  factores  que  pueden  o  no  ser controlados o tratados (ej. factores genéticos)
-  La obesidad puede desarrollarse por un aumento gradual de  peso  durante  un  largo  periodo  de  tiempo  o  por incrementos de menor duración pero de mayor intensidad en un corto periodo de tiempo.

## INTRODUCCIÓN

---

[Fuente: chunk_2]
Por otra parte, aunque es indudable que una mala alimentación y  la  falta  de  actividad  física  son  importantes  factores  de  riesgo para  el  desarrollo  de  obesidad,  pueden  existir  otros  factores que también jueguen un rol muy importante. Es por esto que el personal médico deba considerar las posibles causas subyacentes del  aumento  de  peso,  y  no  solo  enfocarse  en  el  síntoma  del aumento de peso. Por ejemplo, el estrés, el trabajo por turnos o la falta de sueño podrían ser la causa principal del aumento de la ingesta alimentaria; y por otra parte la depresión y el cansancio pueden provocar una disminución de la actividad física. Además, dependiendo de la situación, el atenuar el aumento de peso en lugar de prevenirlo o bajar de peso puede ser un objetivo más razonable y posible de alcanzar. 13

---

[Fuente: chunk_3]
Como se ha destacado en el capítulo dedicado a la Evaluación de las  personas  que  viven  con  obesidad  las  causas  fundamentales de la obesidad son múltiples. Son especialmente importantes los trastornos psicológicos y mentales, el dolor crónico, los problemas locomotores, incluidos el sueño y los trastornos metabólicos, el contexto cultural, social y político. Es importante destacar que el aumento del uso de medicamentos para tratar diversas afecciones médicas  ha  contribuido  a  aumentar  las  tasas  de  sobrepeso  y obesidad que se han observado. Por lo tanto, es imperativo que el personal médico de atención primaria también esté familiarizado con  los  efectos  sobre  el  peso  de  los  medicamentos  prescritos habitualmente.  Más  adelante  revisaremos  los  medicamentos antipsicóticos y anticonceptivos.

---

[Fuente: chunk_4]
propuesto que el incremento de la ingesta energética podría ser el factor determinante en la epidemia de la obesidad. 5  En efecto, estudios de gasto energético total basados en el método de agua doblemente marcada que abarcan todas las etapas de la vida han mostrado que el gasto energético, una vez ajustado por tamaño corporal,  es  similar  en  personas  con  obesidad  comparado  con personas delgadas. 6,7 Así,  la  obesidad parece estar parcialmente explicada por un excedente de ingesta calórica más que un gasto energético disminuido. Este excedente basta que sea pequeño y constante (menos del 1%) para conducir a un aumento de peso. 8

## SISTEMA LEPTINA-MELANOCORTINA EN LA INGESTA HOMEOSTÁTICA"
"7","No, la obesidad no siempre es solo por comer demasiado. Existen otros factores que pueden influir, como el estrés, el trabajo por turnos, la falta de sueño, la depresión y el cansancio, que pueden afectar la ingesta alimentaria y la actividad física. Además, se ha sugerido que la ingesta de energía que supera las necesidades fisiológicas es un factor, pero no el único.","[Fuente: chunk_0]
La ingesta de energía que supera las necesidades fisiológicas es un factor,  de  los  varios  existentes,  que  provoca  la  obesidad.  La ingesta  de  calorías  por  encima  de  las  necesidades  energéticas suele producirse en ausencia de una verdadera hambre fisiológica. Se ha sugerido que las propiedades sensoriales de los alimentos apetecibles promueven el deseo de comer, independientemente de las necesidades energéticas reales. 28,31  No es de extrañar que el valor de refuerzo de los alimentos se asocie con el IMC 83,84  y prevé el aumento de peso en la niñez y adultez. 85,86 Las evidencias sugieren que el sistema del apetito es muy sensible a las señales de alimentos apetecibles disponibles en el entorno, y que las señales de  alimentos  apetecibles  pueden  sobrepasar  los  mecanismos homeostáticos  de  saciedad  del  organismo

---

[Fuente: chunk_1]
Por otra parte, aunque es indudable que una mala alimentación y  la  falta  de  actividad  física  son  importantes  factores  de  riesgo para  el  desarrollo  de  obesidad,  pueden  existir  otros  factores que también jueguen un rol muy importante. Es por esto que el personal médico deba considerar las posibles causas subyacentes del  aumento  de  peso,  y  no  solo  enfocarse  en  el  síntoma  del aumento de peso. Por ejemplo, el estrés, el trabajo por turnos o la falta de sueño podrían ser la causa principal del aumento de la ingesta alimentaria; y por otra parte la depresión y el cansancio pueden provocar una disminución de la actividad física. Además, dependiendo de la situación, el atenuar el aumento de peso en lugar de prevenirlo o bajar de peso puede ser un objetivo más razonable y posible de alcanzar. 13

---

[Fuente: chunk_2]
propuesto que el incremento de la ingesta energética podría ser el factor determinante en la epidemia de la obesidad. 5  En efecto, estudios de gasto energético total basados en el método de agua doblemente marcada que abarcan todas las etapas de la vida han mostrado que el gasto energético, una vez ajustado por tamaño corporal,  es  similar  en  personas  con  obesidad  comparado  con personas delgadas. 6,7 Así,  la  obesidad parece estar parcialmente explicada por un excedente de ingesta calórica más que un gasto energético disminuido. Este excedente basta que sea pequeño y constante (menos del 1%) para conducir a un aumento de peso. 8

## SISTEMA LEPTINA-MELANOCORTINA EN LA INGESTA HOMEOSTÁTICA

---

[Fuente: chunk_3]
93.   Fuster V, Wayne R, O'Rourke R. Hurst's The Heart. 10th ed.; 2000.
94.   Sharma  AM,  Padwal  R.  Obesity  is  a  sign  -  Over-eating  is  a  symptom:  An aetiological framework for the assessment and management of obesity. Obesity Reviews. 2010;11(5). doi:10.1111/j.1467-789X.2009.00689.x

---

[Fuente: chunk_4]
. 20 El  placer  de  comer  también  puede  ser  disfuncional  en  algunos pacientes  con  obesidad,  y  se  reduce  en  comparación  con  la anticipación, lo que da lugar a la necesidad de comer en exceso para alcanzar el nivel de la anticipación. 21"
"8","Sí, la genética influye en la obesidad. Los estudios han mostrado un alto grado de heredabilidad del peso corporal y la conducta de alimentación, y se han identificado más de 140 regiones genéticas que afectan la variación del IMC. Sin embargo, el efecto individual de cada variante genética es muy modesto. Además, se pueden calcular puntajes poligénicos de riesgo que muestran una alta asociación con la obesidad.","[Fuente: chunk_0]
En  relación  a  la  obesidad  común  multifactorial,  los  estudios con  gemelos  mono-  y  dicigóticos  han  mostrado  un  grado relativamente  alto de  heredabilidad  del peso  corporal  y la conducta  de  alimentación. 40,41 Los  estudios  de  asociación  de genoma completo que evalúan millones  de  variantes  genéticas comunes (single  nucleotide  polymorphisms  o  SNPs)  en  grandes cohortes epidemiológicas, han identificado más de 140 regiones genéticas que influyen en la variación del IMC, siendo la variación en regiones intrónicas de FTO la más significativamente asociada el exceso de peso. 32  Sin embargo, el efecto individual de cada una de  estas  variantes  genéticas  sobre  el  IMC  es  muy  modesto.  La carga genética acumulativa de diferentes SNPs significativamente asociados al IMC puede cuantificarse vía el cálculo de puntajes poligénicos de riesgo. Estos puntajes de riesgo genético muestran un alto grado de asociación con obesidad

---

[Fuente: chunk_1]
La obesidad presenta una alta presencia familiar entre varias  generaciones  previas;  lo  que  plantea  la  existencia  de determinantes y entornos familiares comunes, así como de algún grado  de  predisposición  biológica.  Los  hijos  e  hijas  de  madres o padres con exceso de peso tienen mayor riesgo de presentar esta misma condición. Factores ambientales y del estilo de vida de  padres  y  madres  pueden  inducir  cambios  epigenéticos  que afectan  el  embarazo,  el  feto,  e  incluso  a  futuras  generaciones. Estas marcas epigenéticas son modificables con intervenciones de comportamiento. 20

---

[Fuente: chunk_2]
## GENES ASOCIADOS CON LA OBESIDAD

Estudios en animales de experimentación sobre obesidad e  hiperfagia  causadas  por  alteraciones  de  un  solo  gen  han mostrado  que  tienen  correspondencia  directa  con  diferentes tipos de obesidad monogénica humana, entre las que sobresalen mutaciones  en  genes  que  participan  en  el  sistema  leptinamelanocortina tales como: la propia leptina y su receptor (LEPR), POMC, proproteína convertasa subtilisina/kexina tipo 1 (PCSK1; implicada en el procesamiento de POMC) y MC4R. 31,32

---

[Fuente: chunk_3]
. Estos puntajes de riesgo genético muestran un alto grado de asociación con obesidad. Sin embargo, el limitado grado de explicación de la variabilidad fenotípica de los SNPs y el escaso poder de clasificación de estos puntajes poligénicos de riesgo hacen que la predicción de obesidad en el adulto basada en marcadores genéticos no tenga utilidad clínica. 32

---

[Fuente: chunk_4]
-  Las causas y los factores que contribuyen a la obesidad son complejos y van mucho más allá de la elección individual de la ingesta de alimentos. Entre los factores que contribuyen a  la  obesidad  se  encuentran  aquellos  catalogados  como factores  determinantes sociales  de  la  salud,  tales  como  el estatus  socioeconómico,  el  sexo,  la  etnia,  el  acceso  a  la atención  médica,  la  genética,  la  cultura  alimentaria  y  los entornos socioambientales ya existentes.
-  La  obesidad  afecta  a  las  personas,  a  las  familias  y  a  la sociedad.  La  carga  económica  es  importante.  En  2016, el  impacto  económico  mundial  de  la  obesidad  se  estimó en 2,0 billones de dólares, es decir, el 2,8% del producto interno  bruto  (PIB)  mundial.  En  Chile,  la  obesidad  y  las enfermedades  relacionadas  suponen  un  gran  costo  para"
"9","El contexto no proporciona información específica sobre si el metabolismo lento causa obesidad.","[Fuente: chunk_0]
A pesar de la fuerte relación entre el exceso de grasa corporal y el riesgo cardiometabólico, no todas las personas con sobrepeso u obesidad desarrollarán diabetes o enfermedades cardiovasculares. Un subgrupo de personas con obesidad no padece enfermedades crónicas ni factores de riesgo cardiometabólico. A estas personas se  les  suele  denominar  'sujetos  metabólicamente  sanos  con obesidad',  aunque  la  existencia  de  esta  entidad  está  sujeta  a controversia. La prevalencia de los sujetos metabólicamente sanos con fenotipo de obesidad en la población general varía en función de los criterios utilizados, y puede llegar a ser del 32%. 66  Datos más  recientes  de  la  Encuesta  Nacional  de  Examen  de  Salud  y Nutrición (NHANES) III identificaron que solamente 40 de 1160 de las personas con obesidad en el estudio cumplían los criterios de sujetos metabólicamente sanos con obesidad

---

[Fuente: chunk_1]
## MENSAJES CLAVE PARA PERSONAS QUE VIVEN CON OBESIDAD

<!-- image -->

-  Prevenir o retardar la aparición de obesidad es probablemente de menor dificultad en comparación a lograr la pérdida de peso y el no subir de peso a largo plazo.
-  Las causas y los factores de riesgo del aumento de peso son muy variados, y van más allá de las preferencias personales en  el  estilo  de  vida,  tales  como  la  ingesta  de  alimentos y  el  ejercicio,  e  incluyen  factores  que  pueden  o  no  ser controlados o tratados (ej. factores genéticos)
-  La obesidad puede desarrollarse por un aumento gradual de  peso  durante  un  largo  periodo  de  tiempo  o  por incrementos de menor duración pero de mayor intensidad en un corto periodo de tiempo.

## INTRODUCCIÓN

---

[Fuente: chunk_2]
| Metabolismo             | Oncología Colorrectal, vesícula biliar, páncreas, mama, renal, uterino, cervical, próstata                                                                       | +                  | Detección rutinaria del cáncer                                                                                                                                                            | Los pacientes con obesidad corren un alto riesgo de padecer determinados tipos de cánceres y tienen menos probabilidades de someterse a las pruebas de detección debido a los problemas técnicos de las pruebas de diagnóstico y a la postergación de la búsqueda de atención médica. |

---

[Fuente: chunk_3]
Existe un debate en la literatura publicada sobre si las personas con obesidad metabólicamente sanas tienen mejores resultados de  salud  a  largo  plazo  y  un  menor  riesgo  de  mortalidad  en comparación  con  las  personas  con  obesidad  y  complicaciones relacionadas  con  la  obesidad. 87,91   Las  personas  con  obesidad metabólicamente  sanas  tienden  a  ser  más  activas  físicamente, mientras que las diferencias dietéticas son menos consistentes. 92 Esto  puede  sugerir  que  las  estrategias  conductuales  también pueden  desempeñar  un  papel  importante  en  la  prevención secundaria.

## IMPORTANCIA DEL AUTOMONITOREO DEL PESO

---

[Fuente: chunk_4]
## INTRODUCCIÓN

La obesidad, es una enfermedad crónica compleja que aumenta el  riesgo  de  complicaciones  médicas  a  largo  plazo  y  reduce  la expectativa  de  vida. 1   La  acumulación  de  grasa  corporal  está determinada por la compleja interacción de factores  genéticos, metabólicos, conductuales, ambientales y sociales; siendo estos últimos la causa directa del aumento en la prevalencia de obesidad observada  en  las  últimas  décadas. 2   La  mayor  disponibilidad de  alimentos  de  alta  densidad  calórica,  de  bajo  costo  y  fácil accesibilidad,  junto  con  un  mayor  grado  de  urbanización  en  la sociedad y un crecimiento económico conducen a cambios de los estilos de vida, por lo que son factores que promueven una mayor ingesta energética relativa al gasto energético. 3"
"10","Un médico puede determinar si tienes obesidad midiendo tu índice de masa corporal (IMC) y la circunferencia de tu cintura. La evaluación clínica también debe incluir un historial completo para identificar las causas y consecuencias del aumento de peso.","[Fuente: chunk_0]
## MENSAJES CLAVE PARA EL PERSONAL DE SALUD

<!-- image -->

-  La  obesidad  es  una  enfermedad  crónica,  progresiva  y recurrente caracterizada por la presencia de una adiposidad anormal o excesiva que perjudica en diferentes formas la salud y el bienestar social.
-  La detección de la obesidad debe realizarse regularmente midiendo el índice de masa corporal (IMC) y la circunferencia de cintura (CC).
-  La  evaluación  clínica  de  la  obesidad  debe  tener  como objetivo diagnosticar e identificar las causas y consecuencias

## MENSAJES CLAVE PARA PERSONAS QUE VIVEN CON OBESIDAD

<!-- image -->

-  La obesidad es una enfermedad crónica que se caracteriza por la acumulación de grasa corporal que impacta desfavorablemente la salud física y mental y la calidad de vida de la persona.
-  Es necesario realizar una evaluación clínica que determine cómo afecta el peso a su salud para orientarlo a usted y a su

## Cómo citar este documento

---

[Fuente: chunk_1]
-  Los  prejuicios  y  el  estigma  sobre  el  peso  presentes  en algunos contextos del sistema de salud pueden entorpecer el adecuado enfrentamia enfermedad. El personal de salud debe  realizar  su  evaluación  sobre  la  obesidad  de  forma amable, empática y respetuosa.

## RECOMENDACIONES ADOPTADAS

<!-- image -->

1. El personal de salud puede medir la altura, el peso y calcular el  índice  de  masa  corporal  (IMC)  en  todas  las  personas adultas (Nivel 2a, Grado B), 1-9  y medir la circunferencia de la cintura en personas con un IMC de 25-35 kg/m 2  (Nivel 2b, Grado B). 10-12
2. Sugerimos  que  se  incluya  en  la  evaluación  el  historial completo con el fin de identificar las causas fundamentales del aumento de peso, así como las complicaciones de la obesidad  y  las  posibles  barreras  al  tratamiento  (Nivel  4, Grado D). 13-15

## INTRODUCCIÓN

---

[Fuente: chunk_2]
## Tabla 6: Componentes clave de un examen físico centrado en la obesidad

Signos vitales presión arterial (esfigmomanómetro de tamaño adecuado), frecuencia cardíaca Medición antropométrica peso, altura, circunferencia de la cintura, IMC

## Cabeza y cuello

-  Circunferencia del cuello, puntuación de Mallampati
-  Examen de tiroides
-  Cushing (facies lunar, almohadilla de grasa supraclavicular y dorsocervical prominente)
-  Síndrome de ovario poliquístico (acantosis nigricans, hirsutismo, acné)

## Cardiorrespiratorio

-  Frecuencia y pulso cardíacos
-  Signos de insuficiencia cardíaca (ruidos cardíacos añadidos, edema pedal, estertores pulmonares)

## Gastrointestinal

-  Extensión del hígado
-  Hernias umbilicales, incisionales
-  Detección de signos comunes de la enfermedad hepática crónica (encefalopatía, ascitis, ictericia, eritema palmar, etc.)

## Musculoesquelético

---

[Fuente: chunk_3]
Un  examen  físico  centrado  en  la  obesidad  debe  centrarse  en determinar el fenotipo, los factores que impulsan el aumento de peso y las barreras del tratamiento para todos los pacientes. En la T abla 6 se describen los componentes clave de un examen físico centrado en  la  obesidad.  Las  mediciones  antropométricas  rutinarias  deben incluir la altura, el peso, el IMC y la circunferencia de la cintura. La presión arterial debe medirse con un esfingomanómetro de tamaño adecuado para la circunferencia del brazo del paciente. Si el tamaño de la parte superior del brazo tiene un tamaño aumentado, se puede medir  la  presión  arterial  sistólica  en  el  antebrazo  con  el  tamaño del  esfigmomanómetro  (esfingomanómetro  pequeño  [20,0-  26,0 cm],  esfingomanómetro  estándar  [25,4-40,6  y  25,0-34,0  cm]  y esfingomanómetro grande [&gt; 32,0 cm]) adecuado a la circunferencia del antebrazo del paciente

---

[Fuente: chunk_4]
Este  capítulo  ofrece  un  enfoque  basado  en  la  evidencia  para evaluar  la  obesidad  en  la  atención  primaria  de  salud  mediante un historial estructurado, examen físico y pruebas de laboratorio clínicamente apropiadas. Las autoras también analizan las herramientas clínicas que pueden ser fáciles de usar y eficientes para la práctica clínica habitual.

## DEFINICIÓN DE OBESIDAD"
"11","El IMC, o índice de masa corporal, es una medida que se calcula dividiendo el peso en kilogramos por la altura en metros al cuadrado (kg/m²). Se utiliza como una herramienta de detección temprana para identificar la obesidad en estudios epidemiológicos y clínicos. Aunque es una medida sencilla, objetiva y replicable, no debe ser la única base para diagnosticar la obesidad, ya que tiene limitaciones y no mide directamente la grasa corporal ni el riesgo de salud. Se recomienda usar el IMC junto con otros indicadores clínicos para una evaluación más completa.","[Fuente: chunk_0]
Health Canada recomienda que la obesidad no sea diagnosticada únicamente con base al IMC. 61   No  obstante,  dada  su  sencillez, objetividad y reproducibilidad, el IMC sigue siendo una medida importante para los estudios epidemiológicos y de vigilancia de la población. En un entorno clínico, el IMC debería servir como una  medida  de  detección  temprana  o  screening.  Cuando  se utiliza  junto  con  otros  indicadores  clínicos,  como  la  evaluación de complicaciones cardiometabólicas y otras relacionadas con la obesidad, el IMC puede ayudar a identificar a las personas que podrían beneficiarse de un tratamiento para la obesidad.

---

[Fuente: chunk_1]
Aunque  el  IMC  es  una  medida  sencilla,  objetiva  y  replicable, tiene  ciertas  limitaciones  que  los  clínicos  que  la  utilizan  como herramienta diagnóstica deberían reconocer. 40,41

---

[Fuente: chunk_2]
-  El IMC no es una medición directa de la grasa corporal, el riesgo cardiovascular o de la salud.
-  El IMC no indica la distribución de la grasa corporal.
-  El  IMC  no  tiene  en  cuenta  la  masa  muscular  (sobreestima  la grasa corporal en individuos con mayor masa muscular).
-  El IMC puede subestimar la grasa corporal de personas que han perdido masa muscular (obesidad sarcopénica).
-  El IMC no distingue entre hombres, mujeres o etnias.
-  El IMC es menos preciso en determinados tipos de poblaciones (por  ejemplo,  personas  ancianas,  personas  con  discapacidad física,  menores  de  18  años,  personas  con  obesidad  grave, embarazadas y pacientes con ascitis o un edema grave).
-  El IMC sobreestima y subestima la grasa corporal en determinados grupos étnicos, como lo son pueblos indígenas, los asiáticos del sur, chinos y otros grupos étnicos.

## Cuadro 2: Cómo medir la circunferencia de la cintura

---

[Fuente: chunk_3]
Tradicionalmente,  el  IMC  (peso  [kg]/altura 2 [m])  se  ha  utilizado como medida sustituta de la grasa corporal y, por lo tanto, como parámetro  objetivo  para  definir  la  obesidad,  tanto  en  estudios epidemiológicos como clínicos. 11,50-53   Estudios epidemiológicos a nivel mundial han demostrado que las poblaciones de Asia podrían presentar más adiposidad y riesgo cardiometabólico incluso con un IMC más bajo, por lo tanto, se han propuesto puntos de corte alternativos para esta población de pacientes. 54-59 En la tabla 1 se presenta una clasificación de la obesidad ampliamente aceptada basada en puntos de corte específicos del IMC.

---

[Fuente: chunk_4]
## Cuadro 1: Medición del índice de masa corporal

Todas las mediciones antropométricas deben realizarse con ropa ligera y descalzo.

Solo trabajadores del área de la salud capacitados deberían medir el peso y la estatura y se deberán utilizar técnicas y equipos estandarizados registrando con una precisión de +/- 0,1 kg y +/-1 cm.

El IMC debe calcularse como el peso (kg) dividido por la altura en metros al cuadrado (kg/m 2 ).

Tabla 1: Clasificación recomendada del IMC 50,58"
"12","Sí, es posible estar sano y tener sobrepeso. Existe un subgrupo de personas con obesidad que no presentan enfermedades crónicas ni factores de riesgo cardiometabólico, conocidos como 'sujetos metabólicamente sanos con obesidad'. Sin embargo, esta condición está sujeta a controversia y no todas las personas con sobrepeso u obesidad desarrollarán complicaciones metabólicas.","[Fuente: chunk_0]
A pesar de la fuerte relación entre el exceso de grasa corporal y el riesgo cardiometabólico, no todas las personas con sobrepeso u obesidad desarrollarán diabetes o enfermedades cardiovasculares. Un subgrupo de personas con obesidad no padece enfermedades crónicas ni factores de riesgo cardiometabólico. A estas personas se  les  suele  denominar  'sujetos  metabólicamente  sanos  con obesidad',  aunque  la  existencia  de  esta  entidad  está  sujeta  a controversia. La prevalencia de los sujetos metabólicamente sanos con fenotipo de obesidad en la población general varía en función de los criterios utilizados, y puede llegar a ser del 32%. 66  Datos más  recientes  de  la  Encuesta  Nacional  de  Examen  de  Salud  y Nutrición (NHANES) III identificaron que solamente 40 de 1160 de las personas con obesidad en el estudio cumplían los criterios de sujetos metabólicamente sanos con obesidad

---

[Fuente: chunk_1]
Se  ha  informado  de  que  hasta  40%  de  la  población  puede presentar  un  índice  de  masa  corporal  elevado  y,  sin  embargo, aún  no  presentar  complicaciones  metabólicas,  (condición  que se  denominaba  'metabólicamente  sana',  hoy  término  muy cuestionado) 87  o el 20-25% con un estadio 0 o 1 del EOSS. 88  A diferencia de la prevención terciaria, en la que la pérdida de peso se asocia claramente con beneficios para la salud de los pacientes con morbilidad prevalente relacionada con la obesidad, no está claro qué beneficios, si es que hay alguno, puede haber para los pacientes  que  presentan  una  obesidad  metabólicamente  sana 89 o un estadio 0 o 1 del EOSS. 90

---

[Fuente: chunk_2]
## EVALUAR EL IMPACTO EN LA SALUD DEL EXCESO DE ADIPOSIDAD

La asociación entre el diagnóstico de la obesidad y el desarrollo de complicaciones relacionadas con la obesidad es estrecha, pero no siempre lineal; por lo tanto, excesos de adiposidad similares pueden impactar de manera diferente en la salud y la calidad de vida de diferentes  pacientes.  Del  mismo  modo,  existen  múltiples  estudios que han documentado un subgrupo de pacientes 'metabólicamente sanos' con obesidad que se caracterizan por la ausencia de cualquier evidencia objetiva de mayor riesgo cardiometabólico a pesar de tener un IMC y una circunferencia de cintura elevados. 80,81

---

[Fuente: chunk_3]
Existe un debate en la literatura publicada sobre si las personas con obesidad metabólicamente sanas tienen mejores resultados de  salud  a  largo  plazo  y  un  menor  riesgo  de  mortalidad  en comparación  con  las  personas  con  obesidad  y  complicaciones relacionadas  con  la  obesidad. 87,91   Las  personas  con  obesidad metabólicamente  sanas  tienden  a  ser  más  activas  físicamente, mientras que las diferencias dietéticas son menos consistentes. 92 Esto  puede  sugerir  que  las  estrategias  conductuales  también pueden  desempeñar  un  papel  importante  en  la  prevención secundaria.

## IMPORTANCIA DEL AUTOMONITOREO DEL PESO

---

[Fuente: chunk_4]
En lo que respecta a la obesidad, se puede pensar en esto como un chequeo regular para así prevenir un mayor aumento de peso en individuos con obesidad leve no complicada (es decir, el estadio 0  o  1  según  el  EOSS).  Aunque  la  obesidad  está  fuertemente asociada  a  la  morbilidad  y  la  mortalidad,  hay  una  variación sustancial  en  los  perfiles  de  salud  observados  entre  personas con  el  mismo  índice  de  masa  corporal.  Además,  en  el  umbral inferior de la obesidad, hay personas que aún no han desarrollado comorbilidades  relacionadas,  como  hipertensión,  dislipidemia, problemas ortopédicos o diabetes."
"13","Sí, la obesidad reduce la esperanza de vida.","[Fuente: chunk_0]
-  La  obesidad  aumenta  el  riesgo  de  padecer  enfermedades crónicas graves como enfermedades cardíacas, cáncer, derrames cerebrales, diabetes tipo 2 (DM2) e hígado graso no alcohólico, entre otras; perjudicando la calidad de vida relacionada con la salud de la persona, y reduce la esperanza de vida.
-  En  Chile,  la  prevalencia  de  la  obesidad  ha  aumentado  en todos  los  grupos  etarios  y  se  presenta  muy  precozmente desde la niñez. Además, se concentra en la población de menor nivel educativo y en mujeres.

---

[Fuente: chunk_1]
Las  personas  que  viven  con  obesidad  en  ocasiones  tienen dificultades  para  participar  o  realizar  las  AVD,  lo  que  puede conducir a situaciones inseguras y a una mala calidad de vida. La obesidad se asocia a un mayor tiempo dedicado a las actividades de autocuidado, lo que indica que los pacientes pueden necesitar más  tiempo  para  completar  las  AVD,  como  bañarse,  vestirse  y desplazarse de un lugar a otro.  Se ha informado que las personas que  viven  con  obesidad  dedican  casi  el  triple  de  tiempo  a  las AVD versus personas sin obesidad de la misma edad, lo que deja menos tiempo para el trabajo, descanso y actividades de ocio. 7  La obesidad clase II y III se asocian a un aumento de las probabilidades de deterioro de las AVD como acostarse y levantarse de la cama, vestirse, bañarse, comer. 6,7,9

---

[Fuente: chunk_2]
A nivel  mundial,  se  ha  estimado  que,  al  disminuir  la  obesidad, se podría reducir en un tercio el riesgo de cáncer. En Chile, se ha reportado que las neoplasias asociadas a obesidad principalmente en localizaciones de endometrio, esófago, riñón y vesícula biliar representan 30% de las muertes en mujeres; y las localizaciones en  esófago  y  páncreas,  representan  el  21%  de  las  muertes  en hombres, estimándose que sin la presencia del factor obesidad se podría prevenir el cáncer en 20%. 25 Durante la gestación, el exceso de peso aumenta el riesgo de preeclampsia, diabetes gestacional de la madre y distocia en el neonato. 26  En las mujeres chilenas también  se  ha  demostrado  que  la  obesidad  causa  ansiedad  y depresión, afectando así la salud mental y la calidad de vida. 27

---

[Fuente: chunk_3]
La obesidad es una enfermedad crónica compleja en la que el exceso de grasa corporal (adiposidad) perjudica la salud, aumenta el riesgo de complicaciones médicas a largo plazo y reduce la esperanza de vida. 22-27 La  obesidad  se  ha  considerado  tradicionalmente  como un factor de riesgo para una amplia gama de otros problemas de salud. Sin embargo, la Asociación Médica Canadiense, 20  considera actualmente  a    la  obesidad  como  una  enfermedad  crónica  por sí  misma,  similar  a  la  diabetes  de  tipo  2,  la  hipertensión  arterial crónica y la dislipidemia (en consonancia con otras organizaciones como  Obesity  Canada,  la  Asociación  Médica  Americana, 25   la Organización Mundial de la Salud 24 , la Federación Mundial de la Obesidad y otras. 25-27 ) Para que una enfermedad sea considerada como crónica, debe cumplir con tres criterios que son: 1) deterioro del funcionamiento normal del cuerpo, 2) debe presentar síntomas y signos, y 3) que produzca daño o morbilidad. 28-31

---

[Fuente: chunk_4]
## EVALUAR EL IMPACTO EN LA SALUD DEL EXCESO DE ADIPOSIDAD

La asociación entre el diagnóstico de la obesidad y el desarrollo de complicaciones relacionadas con la obesidad es estrecha, pero no siempre lineal; por lo tanto, excesos de adiposidad similares pueden impactar de manera diferente en la salud y la calidad de vida de diferentes  pacientes.  Del  mismo  modo,  existen  múltiples  estudios que han documentado un subgrupo de pacientes 'metabólicamente sanos' con obesidad que se caracterizan por la ausencia de cualquier evidencia objetiva de mayor riesgo cardiometabólico a pesar de tener un IMC y una circunferencia de cintura elevados. 80,81"
"14","Bajar de peso puede ser difícil debido a varios factores. La pérdida de peso no es lineal y puede ser insostenible a largo plazo, no solo por elecciones personales, sino también por mecanismos biológicos y fisiológicos que protegen al cuerpo contra la pérdida de peso. Además, la restricción calórica puede aumentar el hambre y el apetito, lo que contribuye al aumento de peso con el tiempo. También es importante considerar que factores como el estrés, la falta de sueño y la depresión pueden influir en la ingesta alimentaria y la actividad física, complicando aún más el proceso de pérdida de peso.","[Fuente: chunk_0]
## MENSAJES CLAVE PARA PERSONAS QUE VIVEN CON OBESIDAD

<!-- image -->

-  Prevenir o retardar la aparición de obesidad es probablemente de menor dificultad en comparación a lograr la pérdida de peso y el no subir de peso a largo plazo.
-  Las causas y los factores de riesgo del aumento de peso son muy variados, y van más allá de las preferencias personales en  el  estilo  de  vida,  tales  como  la  ingesta  de  alimentos y  el  ejercicio,  e  incluyen  factores  que  pueden  o  no  ser controlados o tratados (ej. factores genéticos)
-  La obesidad puede desarrollarse por un aumento gradual de  peso  durante  un  largo  periodo  de  tiempo  o  por incrementos de menor duración pero de mayor intensidad en un corto periodo de tiempo.

## INTRODUCCIÓN

---

[Fuente: chunk_1]
## INTRODUCCIÓN

Generalmente,  se  suele  estigmatizar  a  las  personas  que  viven con  obesidad 61   y  a  las  personas  con  cuerpos  más  grandes. También se les crítica por los alimentos y porciones que escogen y  sus  comportamientos  alimentarios. 61-63   Muchos  esfuerzos  de mercadotecnia social, salud pública y mensajes clínicos sobre comida se han centrado en comer menos o elegir alimentos buenos. Como consecuencia de estos mensajes, las dietas y los objetivos centrados en la pérdida de peso perpetúan la noción de que la pérdida de peso y/o la salud pueden alcanzarse únicamente mediante la restricción calórica, la privación de alimentos y/o las prácticas de dieta. Estos relatos simplistas a menudo ignoran que la pérdida de peso podría ser insostenible, no debido a las elecciones personales o a la falta de voluntad, sino debido a fuertes mecanismos biológicos y fisiológicos que protegen al cuerpo contra la pérdida de peso.

---

[Fuente: chunk_2]
Aunque  el  TMN  que  consigue  un  déficit  calórico  puede  dar lugar a una pérdida de peso a corto plazo (de seis a 12 meses), el cambio de peso no suele mantenerse en el tiempo. Además, la recomendación común de que un déficit calórico de 500 kcal/día o 3500 kcal/semana produciría una pérdida de peso de 0,45 kg no es válida, ya que la pérdida de peso no es lineal. 73,74 Polidori et al. cuantificaron por primera vez la cantidad de ingesta calórica compensada por los cambios de pérdida de peso en seres humanos de vida libre y estimaron que el apetito aumentaba en ~100 kcal/día por cada kilogramo de peso perdido, lo que contribuía al aumento de peso con el tiempo. 75  La restricción calórica puede, en algunas personas, conducir a impulsos fisiopatológicos que promueven el aumento de peso a través del aumento del hambre, el apetito y la disminución de la saciedad. 66 Además, las restricciones calóricas pueden tener consecuencias negativas para la salud del esqueleto

---

[Fuente: chunk_3]
63.   Salas XR, Forhan M, Caulfield T, Sharma AM, Raine KD. Addressing internalized weight  bias  and  changing  damaged  social  identities  for  people  living  with obesity. Front Psychol. 2019;10(JUN). doi:10.3389/fpsyg.2019.01409
64.   Sumithran  P ,  Prendergast  LA,  Delbridge  E,  et  al.  Long-Term  Persistence of  Hormonal  Adaptations  to  Weight  Loss.  N  Engl  J  Med.  2011;365(17). doi:10.1056/nejmoa1105816
65.   Rosenbaum  M,  Hirsch  J,  Gallagher  DA,  Leibel  RL.  Long-term  persistence  of adaptive  thermogenesis  in  subjects  who  have  maintained  a  reduced  body weight. Am J Clin Nutr. 2008;88(4). doi:10.1093/ajcn/88.4.906
66.   Hall  KD,  Heymsfield  SB,  Kemnitz  JW,  Klein  S,  Schoeller  DA,  Speakman  JR. Energy balance and its components: Implications for body weight regulation. Am J Clin Nutr. 2012;95(4). doi:10.3945/ajcn.112.036350

---

[Fuente: chunk_4]
Por otra parte, aunque es indudable que una mala alimentación y  la  falta  de  actividad  física  son  importantes  factores  de  riesgo para  el  desarrollo  de  obesidad,  pueden  existir  otros  factores que también jueguen un rol muy importante. Es por esto que el personal médico deba considerar las posibles causas subyacentes del  aumento  de  peso,  y  no  solo  enfocarse  en  el  síntoma  del aumento de peso. Por ejemplo, el estrés, el trabajo por turnos o la falta de sueño podrían ser la causa principal del aumento de la ingesta alimentaria; y por otra parte la depresión y el cansancio pueden provocar una disminución de la actividad física. Además, dependiendo de la situación, el atenuar el aumento de peso en lugar de prevenirlo o bajar de peso puede ser un objetivo más razonable y posible de alcanzar. 13"
"15","El contexto no proporciona una respuesta directa sobre si la obesidad es reversible. Sin embargo, menciona que las intervenciones para establecer hábitos saludables pueden inducir pérdidas de peso de baja magnitud y de corta duración, y que la recuperación del peso perdido es un fenómeno frecuente una vez terminado el tratamiento. Esto sugiere que, aunque puede haber pérdida de peso, la reversibilidad de la obesidad no está garantizada.","[Fuente: chunk_0]
Para la mayoría de las personas que viven con obesidad severa, las intervenciones destinadas a establecer hábitos saludables pueden inducir pérdidas de peso de baja magnitud y de corta duración, siendo la recuperación del peso perdido un fenómeno frecuente una  vez  terminado  el  tratamiento.  Adicionalmente,  el  impacto de estas intervenciones en  conseguir  un  adecuado  control de  las  enfermedades  o  trastornos  metabólicos  asociados  es limitado. Por ejemplo, la gran mayoría (74%) de las personas con obesidad severa y diabetes que se sometieron a una intervención conductual  intensiva  en  el  estudio  Look  AHEAD  (Action  for Health in Diabetes) no mantuvieron una pérdida de peso mayor o igual al 10% del peso corporal inicial luego de cuatro años

---

[Fuente: chunk_1]
## MENSAJES CLAVE PARA LAS PERSONAS CON OBESIDAD

<!-- image -->

-  Los medicamentos para la obesidad pueden ayudar en el control de la obesidad cuando los cambios de estilo de vida por sí solos no han sido eficaces o sostenibles.
-  Los  medicamentos  para  la  obesidad  forman  parte  de  una estrategia de tratamiento a largo plazo. Los ensayos clínicos para la farmacoterapia de la obesidad han demostrado la recuperación del peso cuando se interrumpe el tratamiento activo. 1,2
-  Hay tres  medicamentos  aprobados  por  la  FDA  para el  tratamiento  de  la  obesidad  a  largo  plazo  en  Chile:

## RECOMENDACIONES ADOPTADAS

<!-- image -->

---

[Fuente: chunk_2]
El riesgo de resbalones, tropiezos y caídas aumenta en todas las clases de obesidad, con un mayor riesgo de lesiones en los adultos que tienen obesidad clase II o III. 15-18 En adultos, la obesidad clase III  se  asocia  con  una  disminución  del  equilibrio,  medida  por  el tiempo de mantenimiento del equilibrio y la oscilación postural del tronco durante la postura unipodal en una plataforma móvil. 19  El riesgo de caídas puede mejorar con el tratamiento de la obesidad. Un  estudio  demostró  en  una  pequeña  muestra  de  hombres adultos que una pérdida de peso significativa mejora la estabilidad postural,  y  que,  dicha  mejora  estaba  directamente  relacionada con la cantidad de peso perdido (el promedio de peso perdido fue de 12,3 kg tras una intervención dietética y de 71,3 kg tras una intervención quirúrgica). 20

---

[Fuente: chunk_3]
## MENSAJES CLAVE PARA LAS PERSONAS CON OBESIDAD

<!-- image -->

-  La  prevención  del  aumento  de  peso  es  importante  y relevante, la pérdida de peso es potencialmente muy difícil dependiendo de los impulsores del aumento de peso de la persona. Establecer un objetivo funcional basado en el valor cambia el enfoque del peso a la salud y la calidad de vida, lo cual puede ayudar a realizar cambios sostenibles.

## Cómo citar este documento

---

[Fuente: chunk_4]
## INTRODUCCIÓN

Los programas convencionales para el tratamiento de la obesidad han  demostrado  ser  eficaces  en  la  reducción  del  peso  a  corto plazo  de  pacientes  que  viven  con  obesidad. 5,6 Muchos  de  los programas  convencionales  para  el  tratamiento  de  la  obesidad también  han  resultado  ser  costosos,  laboriosos  y  exigentes  en cuanto a tiempo. 5,7   Los intentos de reducir la frecuencia de los encuentros  o  las  interacciones  no  han  dado  buenos  resultados en  cuanto  al  tratamiento  de  la  obesidad  y  otros  indicadores secundarios, como los factores de riesgo cardiometabólico. 8   El desafío en el tratamiento de la obesidad es mantener o mejorar los programas ya probados manteniendo aspectos esenciales que incluyen el soporte social y clínico, como el apoyo social y clínico, la responsabilidad y la retroalimentación personal."
"16","El contexto menciona varios patrones dietéticos que han mostrado ventajas para la pérdida de peso, entre ellos:

1. **Patrón dietético mediterráneo**: Ha demostrado pérdida de peso y mejoras en el control glicémico y de los lípidos sanguíneos en personas con diabetes tipo 2.
2. **Régimen dietético nórdico**: Efectivo para bajar de peso y mejorar la presión arterial y los lípidos en sangre.
3. **Regímenes dietéticos de bajo índice glicémico**: Para reducir el peso corporal y controlar la glicemia.
4. **Régimen dietético DASH**: Para reducir el peso corporal y la circunferencia de la cintura, además de mejorar la presión arterial y controlar la glicemia.
5. **Sustituciones alimentarias parciales**: Para reducir el peso corporal y mejorar el control glicémico.
6. **Restricción intermitente o continua de calorías**: Logra una reducción similar del peso a corto plazo.

Por lo tanto, no hay un único tipo de dieta que sea mejor, ya que varios patrones dietéticos han mostrado eficacia para la pérdida de peso.","[Fuente: chunk_0]
Varias intervenciones que utilizan patrones dietéticos específicos han  mostrado  ventajas  para  la  pérdida  y  el  mantenimiento  del peso  con  mejoras  en  los  factores  de  riesgo  cardiometabólico  y reducciones asociadas en las complicaciones relacionadas con la obesidad (Tabla 1). El patrón dietético mediterráneo es un patrón dietético  basado  en  las  plantas  que  hace  hincapié  en  un  alto consumo de aceite  de  oliva  extra  virgen,  frutos  secos,  frutas  y verduras, cereales integrales y legumbres; un consumo moderado de vino, pescado y lácteos; y un bajo consumo de carnes rojas. Este patrón dietético ha demostrado una pérdida de peso y mejoras en el control glicémico y de los lípidos sanguíneos en comparación con otros patrones dietéticos en personas con diabetes tipo 2. 8 Estas  mejoras  se  han  reflejado  en  beneficios  en  importantes resultados clínicos

---

[Fuente: chunk_1]
- g. Régimen dietético nórdico para bajar de peso (Nivel 2a, Grado B) 32 y para recuperar peso (Nivel 2b, Grado B), 33 mejorar la presión arterial (Nivel 2b, Grado B) 33 y cumplir objetivos en materia de lípidos en sangre, incluyendo el C-LDL, la APO B, (Nivel 2a, Grado B), 34 y el colesterol no HDL (Nivel  2a,  Grado  B); 35 así  como  reducir  el  riesgo de mortalidad cardiovascular y por todas las otras causas (Nivel 3, Grado C). 36
- h. Sustituciones  alimentarias  parciales  (sustituyendo  una o  dos  comidas  al  día  como  parte  de  una  intervención de restricción calórica) para reducir el peso corporal, la circunferencia de la cintura, la presión arterial y mejorar el control glicémico (Nivel 1a, Grado B). 37
- i.  La  restricción  intermitente o continua de calorías logró una reducción similar del peso a corto plazo (Nivel 2a, Grado B). 38

---

[Fuente: chunk_2]
- e. Regímenes  dietéticos de  bajo índice glicémico  para reducir el peso corporal (Nivel 2a, Grado B) 22  ,controlar la glicemia (Nivel 2a, Grado B), 23,24 cumplir los objetivos establecidos  de  lípidos  en  sangre,  incluyendo  el  C-LDL (Nivel 2a, Grado B), 11,25 reducir la presión arterial (Nivel 2a, Grado B) 26 y el riesgo de diabetes tipo 2 (Nivel 3, Grado C) 27 y enfermedades coronarias (Nivel 3, Grado C). 28
- f.  Régimen dietético DASH (Dietary Approaches to Stop  Hypertension)  para  reducir  el  peso  corporal  y la  circunferencia  de  la  cintura  (Nivel  1a,  Grado  B); 29 mejorar la presión arterial (Nivel 2a, Grado B); 30  cumplir los  objetivos  lipídicos  establecidos,  incluyendo  C-LDL (Nivel 2a, Grado B), 30 PCR (Nivel 2b, Grado B), 31 controlar la glicemia (Nivel 2a, Grado B) 30 y reducir el riesgo de diabetes,  enfermedades  cardiovasculares,  cardiopatías coronarias y accidentes cardiovasculares (Nivel 3, Grado C). 30

---

[Fuente: chunk_3]
5. Razaz  JM,  Rahmani  J,  Varkaneh  HK,  Thompson  J,  Clark  C,  Abdulazeem HM. The health effects of medical nutrition therapy by dietitians in patients with diabetes: A systematic review and meta-analysis: Nutrition therapy and diabetes. Prim Care Diabetes. 2019;13(5). doi:10.1016/j.pcd.2019.05.001
6. Ge  L,  Sadeghirad  B,  Ball  GDC,  et  al.  Comparison  of  dietary  macronutrient patterns of 14 popular named dietary programmes for weight and cardiovascular risk factor reduction in adults: systematic review and network meta-analysis of randomised trials. BMJ. 2020;369. doi:10.1136/BMJ.M696
7. Johnston BC, Kanters S, Bandayrel K, et al. Comparison of weight loss among named diet programs in overweight and obese adults: A meta-analysis. JAMA - J Am Med Assoc. 2014;312(9). doi:10.1001/jama.2014.10397

---

[Fuente: chunk_4]
- i.  La  restricción  intermitente o continua de calorías logró una reducción similar del peso a corto plazo (Nivel 2a, Grado B). 38
- j.  Legumbres  (porotos,  garbanzos,  lentejas,  arvejas  secas) para  mejorar  el  peso  (Nivel  2,  Grado  B), 39 mejorar  el control glicémico (Nivel 2, Grado B), 40 cumplir los objetivos"
"17","El contexto proporcionado no menciona la dieta keto ni su efectividad para la obesidad. Por lo tanto, no se puede afirmar si sirve o no para la obesidad.","[Fuente: chunk_0]
## RECOMENDACIÓN NUEVA

1. En  personas  adultas  que  viven  con  sobrepeso  u  obesidad, la Coalición Chilena para el Estudio de la Obesidad recomienda el uso de dieta vegetariana como intervención no farmacológica para disminuir el peso y el índice de masa corporal  (Ver aquí el resumen de la metodología).

Certeza de la evidencia: Moderada Fuerza de la recomendación: Fuerte

## INTRODUCCIÓN

---

[Fuente: chunk_1]
## RECOMENDACIONES ADOPTADAS

<!-- image -->

1. No  recomendamos  el  uso  de  productos  comerciales  de venta libre para el control de la obesidad debido a la falta de evidencia (Nivel 4, Grado D). 1
2. No  sugerimos  que  se  utilicen  programas  comerciales  de pérdida de peso para mejorar el control de la presión arterial y los lípidos en adultos con obesidad (Nivel 4, Grado D). 2

## INTRODUCCIÓN

«Un estudio exhaustivo de los fraudes y modas médicas realizado a lo largo de casi veinte años me ha convencido de que en todo el ámbito de la charlatanería no hay un campo que se trabaje con más facilidad  ni  que  ofrezca  mayores  beneficios  económicos  al estafador médico que el dedicado a la explotación de las 'curas de la obesidad» (Arthur J Cramp, MD, 1929). 6

---

[Fuente: chunk_2]
## RECOMENDACIONES ADOPTADAS

<!-- image -->

1. No  recomendamos  el  uso  de  productos  comerciales  de venta libre para el control de la obesidad debido a la falta de evidencia (Nivel 4, Grado D). 1
2. No  sugerimos  que  se  utilicen  programas  comerciales  de pérdida de peso para mejorar el control de la presión arterial y los lípidos en adultos con obesidad (Nivel 4, Grado D). 2

## INTRODUCCIÓN

«Un estudio exhaustivo de los fraudes y modas médicas realizado a lo largo de casi veinte años me ha convencido de que en todo el ámbito de la charlatanería no hay un campo que se trabaje con más facilidad  ni  que  ofrezca  mayores  beneficios  económicos  al estafador médico que el dedicado a la explotación de las 'curas de la obesidad» (Arthur J Cramp, MD, 1929). 6

---

[Fuente: chunk_3]
## MEDICAMENTOS CON DATOS INSUFICIENTES PARA EL TRATAMIENTO DE LA OBESIDAD

Reconocemos que a veces se utilizan diversos enfoques farmacoterapéuticos  no  aprobados  en  el  ámbito  clínico  en  un intento de ayudar a controlar la obesidad. Basándonos en nuestra revisión de la literatura, no hay evidencia suficiente que avale el uso  de  farmacoterapias  o  estrategias  de  tratamiento  hormonal (por ejemplo, testosterona, hormona tiroidea).

Dos  ensayos  separados,  aleatorios  y  controlados  con  placebo, evaluaron la eficacia del topiramato en la pérdida de peso entre pacientes con obesidad y diabetes tipo 2 durante 24-40 semanas. Estos  ensayos  demostraron  una  pérdida  de  peso  clínicamente significativa del 4,5% al 6,6% y del 6,5% al 9,1% en el grupo de 96 mg/día y en el de 192 mg/día, respectivamente, en comparación con pérdidas de peso del 1,7% al 2,5% en los grupos de placebo. 71,72

---

[Fuente: chunk_4]
2. En personas que viven con sobrepeso u obesidad, la Coalición Chilena para el Estudio de la Obesidad sugiere el uso de dieta vegetariana,  como  intervención  no  farmacológica  para  el control glucémico y manejo de la presión arterial   (Ver aquí el resumen de la metodología).

Certeza de la evidencia: Baja Fuerza de la recomendación: Condicional"
"18","El contexto proporciona información sobre dos niveles de prescripción calórica: 1000 kcal/día y 1500 kcal/día. En un ensayo clínico, se observó que la prescripción de 1000 kcal/día resultó en una mayor pérdida de peso en comparación con 1500 kcal/día durante seis meses, aunque con una recuperación significativa de peso a los 12 meses. Sin embargo, no se puede determinar una cantidad específica de calorías que deberías comer al día, ya que esto depende de factores individuales como el estado de salud, el nivel de actividad y los objetivos personales.","[Fuente: chunk_0]
En un ensayo clínico aleatorizado con mujeres (de 25 a 75 años) con un IMC de 37,84 +/- 3,94 kg/m 2  se observó que la prescripción de  1000  kcal/día  en  comparación  con  1500  kcal/día  junto  con el  tratamiento conductual producía una mayor pérdida de peso durante seis meses (pero se producía una recuperación significativa de peso a los 12 meses en comparación con el grupo de 1500 kcal/día). 70   A  los  12  meses,  un  porcentaje  significativamente mayor de participantes a los que se les prescribió 1000 kcal/día presentaron reducciones de peso corporal del 5% o más que los que se les asignó 1500 kcal/día. 70  Ahora bien, una prescripción de 1000 kcal/día puede ser más difícil de sostener, especialmente en el caso de personas cuya reducción calórica es superior al 50% de su ingesta habitual. 70

---

[Fuente: chunk_1]
## ENFOQUES BASADOS EN MACRONUTRIENTES

Los macronutrientes son la principal fuente de calorías de nuestra dieta. Las ingestas dietéticas de referencia (IDR) son un conjunto amplio de valores de referencia sobre nutrientes que se aplican a poblaciones sanas y que pueden utilizarse para evaluar y planificar las pautas de alimentación. Para más información, véase Ingestas dietéticas  de  referencia  del  ministerio  de  salud  de  Canadá.  Las ingestas  dietéticas  de  referencia  facilitan  amplios  rangos  de distribución de macronutrientes aceptables. Permiten, por ejemplo, que el 45% al 65% de las calorías correspondan a los hidratos de carbono, el 10% al 35% de las calorías correspondan a las proteínas y el 20% al 35% de las calorías correspondan a las grasas (con el 5% al 10% de las calorías obtenidas del ácido linoleico y el 0,6% al 1,2% del ácido alfa linolénico). 78

---

[Fuente: chunk_2]
## RESTRICCIÓN CALÓRICA

Los  estudios  sobre  restricción  calórica  se  dividen  generalmente en  tres  categorías:  moderados  (1300-1500  kcal/día),  bajos en  calorías  (900-1200  kcal/día)  y  muy  bajos  en  calorías (&lt;900 kcal/día), con tiempos de intervención que van de los tres meses a los tres años.

## DEFINICIONES DE LOS TÉRMINOS UTILIZADOS EN ESTE CAPÍTULO

---

[Fuente: chunk_3]
Aunque  el  TMN  que  consigue  un  déficit  calórico  puede  dar lugar a una pérdida de peso a corto plazo (de seis a 12 meses), el cambio de peso no suele mantenerse en el tiempo. Además, la recomendación común de que un déficit calórico de 500 kcal/día o 3500 kcal/semana produciría una pérdida de peso de 0,45 kg no es válida, ya que la pérdida de peso no es lineal. 73,74 Polidori et al. cuantificaron por primera vez la cantidad de ingesta calórica compensada por los cambios de pérdida de peso en seres humanos de vida libre y estimaron que el apetito aumentaba en ~100 kcal/día por cada kilogramo de peso perdido, lo que contribuía al aumento de peso con el tiempo. 75  La restricción calórica puede, en algunas personas, conducir a impulsos fisiopatológicos que promueven el aumento de peso a través del aumento del hambre, el apetito y la disminución de la saciedad. 66 Además, las restricciones calóricas pueden tener consecuencias negativas para la salud del esqueleto

---

[Fuente: chunk_4]
En conjunto, las evidencias disponibles relativas a los macronutrientes sugieren que hay una amplia gama de ingestas recomendables,  lo  que  pone  de  relieve  el  papel  de  la  TMN individualizada.  La  data  también  sugiere  que  la  calidad  podría ser más importante que la cantidad al evaluar la relación entre la distribución de macronutrientes y los resultados cardiometabólicos. Este tema se trata luego en el apartado sobre patrones dietéticos y enfoques alimentarios.

## FIBRA DIETÉTICA

Se  recomienda  una  ingesta  elevada  de  fibra  dietética  para  la población en general. Los DRI han establecido una ingesta adecuada (AI)  de  fibra  total  procedente  de  fuentes  naturales,  añadidas  o complementarias de 25 g/día y 38 g/día para mujeres y hombres de 19 a 50 años, respectivamente, y de 21 g/día y 30 g/día para mujeres y hombres ≥ 51 años de edad, respectivamente. 78  Se han demostrado varias ventajas de la fibra dietética."
"19","El contexto no proporciona información específica sobre si es malo saltarse comidas para bajar de peso. Sin embargo, menciona que hacer ""dieta"" o restringir drásticamente la ingesta de alimentos puede provocar cambios en el cuerpo que podrían hacer que se recupere el peso con el tiempo. Por lo tanto, no se puede concluir directamente si saltarse comidas es malo basándose en la información proporcionada.","[Fuente: chunk_0]
Aunque  el  TMN  que  consigue  un  déficit  calórico  puede  dar lugar a una pérdida de peso a corto plazo (de seis a 12 meses), el cambio de peso no suele mantenerse en el tiempo. Además, la recomendación común de que un déficit calórico de 500 kcal/día o 3500 kcal/semana produciría una pérdida de peso de 0,45 kg no es válida, ya que la pérdida de peso no es lineal. 73,74 Polidori et al. cuantificaron por primera vez la cantidad de ingesta calórica compensada por los cambios de pérdida de peso en seres humanos de vida libre y estimaron que el apetito aumentaba en ~100 kcal/día por cada kilogramo de peso perdido, lo que contribuía al aumento de peso con el tiempo. 75  La restricción calórica puede, en algunas personas, conducir a impulsos fisiopatológicos que promueven el aumento de peso a través del aumento del hambre, el apetito y la disminución de la saciedad. 66 Además, las restricciones calóricas pueden tener consecuencias negativas para la salud del esqueleto

---

[Fuente: chunk_1]
Una revisión sistemática 180  descubrió que las dietas muy bajas en calorías pueden utilizarse sin exacerbar los trastornos alimentarios existentes  o  los  episodios  de  atracones  en  programas  con  supervisión médica. Da Luz et al. 180   encontraron que los atracones disminuyeron en las intervenciones de DMBC. Un ensayo prospectivo de control aleatorio  no  encontró  conductas  alimentarias  trastornadas,  ni trastornos por atracones y disminuyó los síntomas de depresión en los grupos con restricción calórica (1200 kcal-1500 kcal/día con alimentos  convencionales,  o  1000  kcal/día  con  sustituciones  de comidas completas) en comparación con un enfoque sin restricción calórica. 181 Los  síntomas  de  baja  autoestima  y  los  pensamientos negativos sobre la imagen corporal disminuyeron en los tres grupos a  lo  largo  del  tiempo

---

[Fuente: chunk_2]
El  personal de salud puede dudar en recomendar la restricción de  la  ingesta  o  las  DMBC,  ya  que  una  revisión  bibliográfica temprana descubrió que el desarrollo de trastornos alimentarios en  mujeres  de  edad  universitaria  estaba  asociado  con  un historial  de  restricción  calórica  intencional  para  perder  peso. 178 Sin embargo, la evidencia actual muestra resultados mixtos, ya que los  estudios  limitados  han  evaluado  específicamente  si  las prácticas de dieta (para la búsqueda de un peso o forma corporal ideal, el impulso de delgadez y los objetivos de pérdida de peso) precipitan  los  trastornos  alimentarios  (como  el  trastorno  por atracón  o  las  conductas  alimentarias  trastornadas)

---

[Fuente: chunk_3]
Las intervenciones nutricionales tradicionales para tratar la obesidad  se  han  concentrado  en  estrategias  que  promueven la  pérdida  de  peso  mediante  una  dieta  restrictiva.  Aunque es  necesario  un  déficit  calórico  para  empezar  a  perder  peso, mantenerlo puede ser difícil a largo plazo debido a los mecanismos de  compensación  que  estimulan  la  ingesta  de  calorías  a  través del aumento del hambre y el deseo de comer. 64-66  El personal de salud, los formuladores de políticas, los pacientes y el público en general han de saber que las intervenciones nutricionales afectan a  cada  persona  de  forma  diferente  y  que,  por  tanto,  no  existe un enfoque o una intervención nutricional único que sea el más adecuado. 67

---

[Fuente: chunk_4]
su  nutricionista  para  discutir  las  ventajas  y  desventajas  de los diferentes patrones de alimentación en cuanto le ayuden a  lograr  sus  objetivos  de  salud.  La  forma  de  comer  es  tan importante como cuánto y qué se come. Intente comer de manera consciente y tener una relación sana con la comida.

Hacer 'dieta' o restringir drásticamente la ingesta de alimentos puede provocar cambios en su cuerpo que, con el tiempo, podrían hacerle recuperar el peso.

Acuda a un nutricionista certificado que le ofrezca un plan personalizado  y  le  brinde  asesoramiento  continuo  sobre  su estado de salud y sus requerimientos nutricionales."
"20","El ayuno intermitente ha mostrado efectos beneficiosos en el índice de masa corporal, peso corporal, masa grasa, colesterol, triglicéridos, glucosa plasmática en ayunas e insulina en ayunas, según un metaanálisis reciente. Sin embargo, la evidencia sobre su importancia clínica es limitada y la adherencia puede ser similar a la de la restricción energética continua, aunque con mayores tasas de deserción y eventos adversos en los grupos de ayuno intermitente.","[Fuente: chunk_0]
## AYUNO INTERMITENTE

El  ayuno  intermitente  incluye  una  variedad  de  enfoques  sobre el  horario  de  las  comidas  que  alternan  períodos  de  ayuno prolongado (sin ingesta, o menos del 25% de las necesidades) y  períodos  de  ingesta  sin  restricciones.  El  ayuno  intermitente también se describe como alimentación restringida en el tiempo, ayuno de días alternos o restricción energética intermitente. Sin embargo, hay múltiples variaciones reportadas en la literatura. 136 Hubo evidencia limitada en estudios de fisiología y metabolismo humano.

---

[Fuente: chunk_1]
En una revisión sistemática y metaanálisis de ensayos controlados aleatorios, Cioffi et al. 38   identificaron 11 ensayos (de ocho a 24 semanas)  que  encontraron  resultados  comparables  entre  las intervenciones que utilizaban la restricción energética intermitente en comparación con la restricción energética continua (peso, masa grasa, masa libre de grasa, circunferencia de la cintura, glucosa, HbA1C,  triglicéridos  y  HDL-C).  Se  identificó  que  la  restricción energética intermitente reducía los niveles de insulina en ayunas (diferencia  agrupada  de  -0,89  uU/mL)  en  comparación  con  los controles;  sin  embargo,  los  autores  del  estudio  cuestionaron  la importancia  clínica  de  esto,  ya  que  no  hubo  diferencias  en  la glucosa, la HbA1C o el HOMA-IR. La adherencia fue similar entre los grupos de restricción energética continua e intermitente, con mayores tasas de deserción y eventos adversos en los grupos de restricción energética intermitente. 38

---

[Fuente: chunk_2]
Se informaron resultados similares para la pérdida de peso y el control glicémico en dos documentos recientes (una revisión sistemática y un metaanálisis, y una revisión sistemática) publicados después de la revisión de la literatura para este capítulo (junio de 2018). 136,137 Un reciente metaanálisis de ayuno intermitente mostró que  tiene efectos beneficiosos para el índice de masa corporal, peso corporal, masa grasa, el colesterol unido a lipoproteínas de baja densidad, el colesterol total, los triglicéridos, la glucosa plasmática en ayunas, la insulina en ayunas, la evaluación del modelo homeostático de la resistencia a la insulina y la presión arterial. 138

## ENFOQUES BASADOS EN LA ALIMENTACIÓN

---

[Fuente: chunk_3]
| Ayuno intermitente                                                     |                                                                                                                                                                                                                                       | i 0,61 kg durante 24 semanas 38                                                                                             |                                                          |                                                                                                  |

---

[Fuente: chunk_4]
| Suplementos alimenticios                            |                    | n                  |                     | n      |                                |                        |                                        |                 | n                   |                             |                       | n                 |             |
| Ayuno intermitente                                  |                    |                    |                     | n      |                                |                        |                                        |                 |                     |                             |                       |                   |             |"
"21","El contexto proporcionado no menciona específicamente qué alimentos se deben evitar si se tiene obesidad.","[Fuente: chunk_0]
## MENSAJES CLAVE PARA PERSONAS QUE VIVEN CON OBESIDAD

<!-- image -->

-  Algunas  personas  con  obesidad  tienen  problemas  de movilidad y corren el riesgo de sufrir resbalones, tropiezos o caídas. Esto podría interferir con su capacidad e interés en participar en la actividad física. Informe al personal de salud que lo atiende si ha tenido una caída o tiene miedo a caerse mientras realiza sus actividades cotidianas. 6
-  Las  consultas  de  atención  de  sus  médicos  y  los  espacios de atención clínica deben ser físicamente accesibles y estar equipados para que todos los pacientes puedan acceder a toda la gama de servicios de atención clínica, incluida la evaluación y el tratamiento. Comunique al personal de salud si existen barreras que le impiden participar plenamente y tener acceso a la atención médica. Esto incluye el acceso a estacionamiento, transporte público, ascensores, escaleras, asientos, puertas, accesibilidad a los baños, etc.

## RECOMENDACIONES ADOPTADAS

---

[Fuente: chunk_1]
| Material de lectura. Carteles de promoción de la salud y obras de arte               | ✓ Evitar imágenes y contenidos que puedan estigmatizar, excluir y/o discriminar a las personas con obesidad.                                                                                                                                                                                                                                                                                                                                                                                                        |

---

[Fuente: chunk_2]
## RECOMENDACIONES ADOPTADAS

<!-- image -->

1. No  recomendamos  el  uso  de  productos  comerciales  de venta libre para el control de la obesidad debido a la falta de evidencia (Nivel 4, Grado D). 1
2. No  sugerimos  que  se  utilicen  programas  comerciales  de pérdida de peso para mejorar el control de la presión arterial y los lípidos en adultos con obesidad (Nivel 4, Grado D). 2

## INTRODUCCIÓN

«Un estudio exhaustivo de los fraudes y modas médicas realizado a lo largo de casi veinte años me ha convencido de que en todo el ámbito de la charlatanería no hay un campo que se trabaje con más facilidad  ni  que  ofrezca  mayores  beneficios  económicos  al estafador médico que el dedicado a la explotación de las 'curas de la obesidad» (Arthur J Cramp, MD, 1929). 6

---

[Fuente: chunk_3]
## RECOMENDACIONES ADOPTADAS

<!-- image -->

1. No  recomendamos  el  uso  de  productos  comerciales  de venta libre para el control de la obesidad debido a la falta de evidencia (Nivel 4, Grado D). 1
2. No  sugerimos  que  se  utilicen  programas  comerciales  de pérdida de peso para mejorar el control de la presión arterial y los lípidos en adultos con obesidad (Nivel 4, Grado D). 2

## INTRODUCCIÓN

«Un estudio exhaustivo de los fraudes y modas médicas realizado a lo largo de casi veinte años me ha convencido de que en todo el ámbito de la charlatanería no hay un campo que se trabaje con más facilidad  ni  que  ofrezca  mayores  beneficios  económicos  al estafador médico que el dedicado a la explotación de las 'curas de la obesidad» (Arthur J Cramp, MD, 1929). 6

---

[Fuente: chunk_4]
## MENSAJES CLAVE PARA PERSONAS QUE VIVEN CON OBESIDAD

<!-- image -->

-  La industria comercial de la pérdida de peso es floreciente y  se  caracteriza  a  menudo  por  una  publicidad  poco realista. Antes de adherirse a un programa o de utilizar un producto comercial para la pérdida de peso, las personas con  obesidad  deben  asegurarse  de  que  el  enfoque  es seguro y potencialmente eficaz. Esto significa que tenga una  combinación  de  nutrición,  actividad  física  y  apoyo al cambio  de  comportamiento;  objetivos  realistas de pérdida de peso de 0,5-1,0 kg por semana; un enfoque de

## Cómo citar este documento"
"22","El contexto no proporciona una respuesta directa sobre si puedes comer carbohidratos si quieres bajar de peso. Sin embargo, menciona que un metaanálisis no reveló diferencias en la pérdida de peso entre dietas con diferentes distribuciones de macronutrientes, lo que sugiere que la restricción de carbohidratos no es necesariamente un requisito para perder peso.","[Fuente: chunk_0]
79.   Gardner  CD,  Trepanowski  JF,  Gobbo  LCD,  et  al.  Effect  of  low-fat  VS  lowcarbohydrate diet on  12-month  weight  loss  in overweight  adults  and the  association  with  genotype  pattern  or  insulin  secretion  the  DIETFITS randomized clinical trial. JAMA - J Am Med Assoc. 2018;319(7). doi:10.1001/ jama.2018.0245
80.   Korsmo-Haugen HK, Brurberg KG, Mann J, Aas AM. Carbohydrate quantity in the dietary management of type 2 diabetes: A systematic review and metaanalysis. Diabetes, Obes Metab. 2019;21(1). doi:10.1111/dom.13499
81.   Clifton PM, Condo D, Keogh JB. Long term weight maintenance after advice to  consume  low  carbohydrate,  higher  protein  diets  -  A  systematic  review and  meta  analysis.  Nutr  Metab  Cardiovasc  Dis.  2014;24(3).  doi:10.1016/j. numecd.2013.11.006

---

[Fuente: chunk_1]
82.   Mansoor N, Vinknes KJ, Veierod MB, Retterstol K. Effects of low-carbohydrate diets v. low-fat diets on body weight and cardiovascular risk factors: a metaanalysis  of  randomised  controlled  trials.  Br  J  Nutr.  2016;115(3):466-479. doi:10.1017/S0007114515004699
83.   Sacks  FM,  Bray  GA,  Carey  VJ,  et  al.  Comparison  of  Weight-Loss  Diets  with Different  Compositions  of  Fat,  Protein,  and  Carbohydrates.  N  Engl  J  Med. 2009;360(9). doi:10.1056/nejmoa0804748
84.   Dansinger ML, Gleason JA, Griffith JL, Selker HP , Schaefer EJ. Comparison of the Atkins, Ornish, Weight Watchers, and Zone Diets for weight loss and heart disease  risk  reduction:  A  randomized  trial.  J  Am  Med  Assoc.  2005;293(1). doi:10.1001/jama.293.1.43
85.   Seidelmann SB, Claggett B, Cheng S, et al. Dietary carbohydrate intake and mortality:  a  prospective  cohort  study  and  meta-analysis.  Lancet  Public  Heal. 2018;3(9). doi:10.1016/S2468-2667(18)30135-X

---

[Fuente: chunk_2]
- i.  La  restricción  intermitente o continua de calorías logró una reducción similar del peso a corto plazo (Nivel 2a, Grado B). 38
- j.  Legumbres  (porotos,  garbanzos,  lentejas,  arvejas  secas) para  mejorar  el  peso  (Nivel  2,  Grado  B), 39 mejorar  el control glicémico (Nivel 2, Grado B), 40 cumplir los objetivos

---

[Fuente: chunk_3]
Se  realizó  un  metaanálisis  en  red  de  48  ensayos  controlados y aleatorizados (con 7286 participantes) que distribuían de diferentes maneras  el consumo  de  macronutrientes en condiciones normales. Este metaanálisis no reveló diferencias en la  pérdida  de  peso entre las dietas a los seis ni a los 12 meses de  seguimiento;  las  cuales  fueron  categorizadas  ampliamente según su distribución de macronutrientes como baja en hidratos de  carbono,  macronutrientes  en  moderación  o  baja  en  grasas, o bien fueron categorizadas por sus 11 nombres populares que abarcan una amplia gama de configuraciones. Extensos ensayos controlados y aleatorizados subsiguientes confirmaron  estos hallazgos. 79

---

[Fuente: chunk_4]
| Restricción calórica                                |                    | n                  | n                   | n      |                                | n                      |                                        |                 | n                   | n                           |                       |                   |             |
| Menor cantidad de hidratos de carbono               |                    |                    |                     | n      |                                |                        |                                        |                 |                     |                             |                       |                   |             |"
"23","El contexto no afirma que las grasas sean siempre malas. Se menciona que las intervenciones que se centran en la calidad de la grasa han mostrado ventajas, y que la sustitución de fuentes de hidratos de carbono refinados por ácidos grasos monoinsaturados de alta calidad ha mostrado mejoras en factores de riesgo cardiometabólico. Esto sugiere que no todas las grasas son perjudiciales y que algunas pueden tener efectos beneficiosos.","[Fuente: chunk_0]
Las  revisiones  sistemáticas  y  los  metaanálisis  de  los  ensayos controlados  aleatorios  de  las  intervenciones  que  se  centran  en la  calidad  de  la  grasa  o  la  proteína  por  separado  también  han mostrado  ventajas.    Los  investigadores  también  han  estudiado la  sustitución  isocalórica  de  fuentes  de  hidratos  de  carbono refinados  por  ácidos  grasos  monoinsaturados  (AGMI)  de  alta calidad procedentes del aceite de canola y del aceite de oliva 89 o de proteínas animales por fuentes de proteínas de origen vegetal. 90 Estos  estudios  han  mostrado  mejoras  en  múltiples  factores  de riesgo  cardiometabólico  en  personas  con  diabetes  y  un  IMC  ≥ 25 kg/m 2 , durante seguimientos medios de 19 semanas y ocho semanas, respectivamente

---

[Fuente: chunk_1]
| Menos grasa                                         |                    |                    |                     | n      |                                |                        |                                        |                 |                     |                             |                       |                   |             |
| Mediterránea                                        |                    |                    | n                   |        |                                |                        | n                                      |                 | n                   | n                           | n                     |                   |             |

---

[Fuente: chunk_2]
A pesar de la fuerte relación entre el exceso de grasa corporal y el riesgo cardiometabólico, no todas las personas con sobrepeso u obesidad desarrollarán diabetes o enfermedades cardiovasculares. Un subgrupo de personas con obesidad no padece enfermedades crónicas ni factores de riesgo cardiometabólico. A estas personas se  les  suele  denominar  'sujetos  metabólicamente  sanos  con obesidad',  aunque  la  existencia  de  esta  entidad  está  sujeta  a controversia. La prevalencia de los sujetos metabólicamente sanos con fenotipo de obesidad en la población general varía en función de los criterios utilizados, y puede llegar a ser del 32%. 66  Datos más  recientes  de  la  Encuesta  Nacional  de  Examen  de  Salud  y Nutrición (NHANES) III identificaron que solamente 40 de 1160 de las personas con obesidad en el estudio cumplían los criterios de sujetos metabólicamente sanos con obesidad

---

[Fuente: chunk_3]
## DISTRIBUCIÓN DE LA GRASA CORPORAL

Está bien documentado que la obesidad abdominal, especialmente un exceso de grasa visceral abdominal aumenta el riesgo de efectos adversos para la salud en individuos con sobrepeso u obesidad. 40 Es importante documentar la eficacia del ejercicio por sí solo para reducir la grasa visceral abdominal teniendo en cuenta la discreta pérdida de peso observada con las intervenciones conductuales. Según múltiples revisiones sistemáticas y metaanálisis realizados desde 2005, el ejercicio por sí solo es eficaz para reducir la grasa visceral  abdominal. 2,3,19,41,42 La  reducción  de  la  grasa  visceral abdominal y de la grasa abdominal total también puede producirse en ausencia de pérdida de peso o de cambios en la circunferencia de la cintura. 41

---

[Fuente: chunk_4]
## TEJIDO ADIPOSO Y EXCESO DE ADIPOSIDAD

Durante  muchos  años  se  consideró  al  tejido  adiposo  como un  depósito  pasivo  de  energía  en  forma  de  triglicéridos.  Sin embargo, el tejido adiposo es un órgano activo en el proceso de almacenamiento, el cual interactúa a distancia con otros tejidos en estados de balance positivo de energía. El tejido adiposo puede representar el 50% de la composición corporal total. 42  En adultos, la  grasa subcutánea representa aproximadamente el 85% de la grasa corporal total, y la grasa intraabdominal el resto."
"24","El contexto proporcionado no contiene información específica sobre qué es una dieta equilibrada.","[Fuente: chunk_0]
Intervenciones nutricionales: Se utiliza este término en lugar de dieta para hacer referencia a los enfoques basados en la evidencia y relacionados con la nutrición destinados a mejorar los resultados de salud, en lugar de los objetivos centrados en la pérdida de peso que a menudo se asocian con el término dieta.

---

[Fuente: chunk_1]
## ENFOQUES BASADOS EN MACRONUTRIENTES

Los macronutrientes son la principal fuente de calorías de nuestra dieta. Las ingestas dietéticas de referencia (IDR) son un conjunto amplio de valores de referencia sobre nutrientes que se aplican a poblaciones sanas y que pueden utilizarse para evaluar y planificar las pautas de alimentación. Para más información, véase Ingestas dietéticas  de  referencia  del  ministerio  de  salud  de  Canadá.  Las ingestas  dietéticas  de  referencia  facilitan  amplios  rangos  de distribución de macronutrientes aceptables. Permiten, por ejemplo, que el 45% al 65% de las calorías correspondan a los hidratos de carbono, el 10% al 35% de las calorías correspondan a las proteínas y el 20% al 35% de las calorías correspondan a las grasas (con el 5% al 10% de las calorías obtenidas del ácido linoleico y el 0,6% al 1,2% del ácido alfa linolénico). 78

---

[Fuente: chunk_2]
## ENFOQUES NO DIETÉTICOS

Los  enfoques  no  dietéticos  incluyen  un  paraguas  de  conceptos descritos  en  la  literatura  que  ofrecen  al  personal  de  salud alternativas a las intervenciones centradas en la pérdida de peso. 151 Estos enfoques suelen rechazar las prácticas de pérdida de peso o de dieta y suelen utilizar conceptos de atención plena en respuesta al hambre, la saciedad, los antojos y el apetito internos en lugar de la restricción calórica o la restricción cognitiva. Los componentes de un enfoque no dietético pueden  incluir los siguientes conceptos: peso neutro, peso inclusivo, alimentación consciente, intervenciones  basadas  en  la  atención  plena,  aceptación  del tamaño o del cuerpo y/o Health at Every Size ®  (HAES ® ).

---

[Fuente: chunk_3]
su  nutricionista  para  discutir  las  ventajas  y  desventajas  de los diferentes patrones de alimentación en cuanto le ayuden a  lograr  sus  objetivos  de  salud.  La  forma  de  comer  es  tan importante como cuánto y qué se come. Intente comer de manera consciente y tener una relación sana con la comida.

Hacer 'dieta' o restringir drásticamente la ingesta de alimentos puede provocar cambios en su cuerpo que, con el tiempo, podrían hacerle recuperar el peso.

Acuda a un nutricionista certificado que le ofrezca un plan personalizado  y  le  brinde  asesoramiento  continuo  sobre  su estado de salud y sus requerimientos nutricionales.

---

[Fuente: chunk_4]
Varias intervenciones que utilizan patrones dietéticos específicos han  mostrado  ventajas  para  la  pérdida  y  el  mantenimiento  del peso  con  mejoras  en  los  factores  de  riesgo  cardiometabólico  y reducciones asociadas en las complicaciones relacionadas con la obesidad (Tabla 1). El patrón dietético mediterráneo es un patrón dietético  basado  en  las  plantas  que  hace  hincapié  en  un  alto consumo de aceite  de  oliva  extra  virgen,  frutos  secos,  frutas  y verduras, cereales integrales y legumbres; un consumo moderado de vino, pescado y lácteos; y un bajo consumo de carnes rojas. Este patrón dietético ha demostrado una pérdida de peso y mejoras en el control glicémico y de los lípidos sanguíneos en comparación con otros patrones dietéticos en personas con diabetes tipo 2. 8 Estas  mejoras  se  han  reflejado  en  beneficios  en  importantes resultados clínicos"
"25","La cantidad de proteína que necesitas al día después de la cirugía bariátrica varía según el tipo de procedimiento: un mínimo de 60 g de proteínas al día para la gastrectomía vertical en manga o bypass gástrico en Y de Roux, y entre 80-120 g de proteínas al día para el cruce duodenal. Además, se recomienda una ingesta de entre 1,2 y 1,5 g/kg/día en función del peso corporal objetivo.","[Fuente: chunk_0]
## Tabla 1: Nutrición y ejercicio después de la cirugía bariátrica, suplementos vitamínicos y control para la prevención de complicaciones

Nutrición y ejercicio después de la cirugía bariátrica: comer de 3 a 5 comidas pequeñas; masticar los alimentos lentamente; intentar consumir un mínimo de 60 g de proteínas al día (LS/RYGB) o 80-120 g de proteínas al día (cruce o switch duodenal/ DS); separar los líquidos y los sólidos durante 30 minutos; no consumir bebidas gaseosas o con cafeína; ingesta mínima o nula de alcohol; no fumar, no tomar AINE ni DOACS después de RYGB y DS; actividad: De 150 a 300 minutos/semana

---

[Fuente: chunk_1]
| Aumentar la cantidad de proteínas (1,1 g/ kg o 30% de ingesta de proteínas), con restricción de calorías             | Corto plazo (12 +- 9,3 semanas): i TG 202                                                                                                                                                                                                                                                                                                                   | 30% de ingesta proteica: h Sin variación en pérdida de peso, h Masa magra 203 i Peso 204 1,1 g/kg de ingesta proteica: a corto plazo (12 +- 9,3 semanas): i Peso i Masa grasa Menos i masa libre de grasa 202 | Mayor saciedad 202                                                                                                                                                          | Corto plazo (12 +- 9,3 semanas) 202 Recopilación insuficiente de datos de salud                                        |

---

[Fuente: chunk_2]
Tras la cirugía bariátrica, los pacientes deben seguir una dieta baja en  grasas,  moderada  en  carbohidratos  y  alta  en  proteínas.  Las recomendaciones de proteínas postoperatorias oscilan entre 1,2 y 1,5 g/kg/día en función del peso corporal objetivo (un mínimo de 60 g de proteínas/día para la gastrectomía vertical en manga o bypass gástrico en Y de Roux, y 80-120 g/día para el cruce  duodenal). La consulta con el profesional nutricionista es necesaria para orientar a  los  pacientes  sobre  sus  necesidades  nutricionales,  selección  de alimentos,  técnica  de  alimentación,  técnicas  de  preparación  de alimentos y tamaño de porciones; y con el profesional en psicología para  apoyar  los  cambios  en  las  conductas  alimentarias,  manejo del  estrés  y  de  la  imagen  corporal. 3 No  hay  ninguna  ventaja  en prescribir dietas alternativas (por ejemplo, bajas en carbohidratos, altas en proteínas), probióticos o aminoácidos. 4-6

---

[Fuente: chunk_3]
| Más proteínas (25-40%)                              | n                  |                    | n                   | n      |                                | n                      |                                        |                 |                     |                             |                       |                   |             |
| Aumento de las proteínas + restricción calórica     |                    |                    | n                   | n      |                                | n                      |                                        |                 |                     |                             |                       |                   |             |

---

[Fuente: chunk_4]
| Mayor cantidad de proteínas (25%-40% de las calorías de las proteínas), no se prescribe ninguna restricción calórica | i TG (-0,60 mmol/L) 81 Proporción de hidratos de carbono a proteínas de 1,5: 1 i C-LDL 201 Ningún cambio (con o sin ejercicio) en los niveles de HDL, FBG, insulina en ayunas 201                                                                                                                                                                           | i 0,39 kg PC i 0,44 kg MG 81                                                                                                                                                                                  | Mayor saciedad 202 Problemas en mujeres con síndrome metabólico i peso, i masa grasa con más proteínas vs. baja en grasa/alta en hidratos de carbono 201                    | No hay diferencias con otros niveles de lípidos o masa magra, con tasas de deserción del 30-40% 81                     |"
"26","El contexto no proporciona información específica sobre si es mejor comer muchas veces al día o pocas.","[Fuente: chunk_0]
4. Frecuencia: Nuestra búsqueda identificó pocos estudios que compararan  directamente  diferentes frecuencias de ejercicio manteniendo  constante  el  volumen  total  de  ejercicio.  En  un estudio de Madjd et al., 69  75 mujeres con sobrepeso y obesidad fueron  asignadas  aleatoriamente  a  grupos  de  actividad  física de alta frecuencia frente a grupos de baja frecuencia. A ambos grupos se les pidió que siguieran el mismo programa dietético de pérdida de peso y que hicieran ejercicio durante 300 minutos a la semana, pero bien durante 50 minutos al día, seis días a la semana (alta frecuencia) o 100 minutos al día, tres días a la semana (baja frecuencia). En comparación con el grupo de alta frecuencia, el grupo de baja frecuencia tuvo una mayor disminución de peso (9,6 kg frente a 7,8 kg) y un mayor aumento de pasos diarios

---

[Fuente: chunk_1]
su  nutricionista  para  discutir  las  ventajas  y  desventajas  de los diferentes patrones de alimentación en cuanto le ayuden a  lograr  sus  objetivos  de  salud.  La  forma  de  comer  es  tan importante como cuánto y qué se come. Intente comer de manera consciente y tener una relación sana con la comida.

Hacer 'dieta' o restringir drásticamente la ingesta de alimentos puede provocar cambios en su cuerpo que, con el tiempo, podrían hacerle recuperar el peso.

Acuda a un nutricionista certificado que le ofrezca un plan personalizado  y  le  brinde  asesoramiento  continuo  sobre  su estado de salud y sus requerimientos nutricionales.

---

[Fuente: chunk_2]
## AYUNO INTERMITENTE

El  ayuno  intermitente  incluye  una  variedad  de  enfoques  sobre el  horario  de  las  comidas  que  alternan  períodos  de  ayuno prolongado (sin ingesta, o menos del 25% de las necesidades) y  períodos  de  ingesta  sin  restricciones.  El  ayuno  intermitente también se describe como alimentación restringida en el tiempo, ayuno de días alternos o restricción energética intermitente. Sin embargo, hay múltiples variaciones reportadas en la literatura. 136 Hubo evidencia limitada en estudios de fisiología y metabolismo humano.

---

[Fuente: chunk_3]
## Acostúmbrese a comer variedad de alimentos saludables cada día

- Consuma vegetales y frutas en abundancia
- Consuma alimentos ricos en proteína y elija con mayor frecuencia las proteínas vegetales
- Haga del agua su bebida favorita
- Elija alimentos integrales

## PREGUNTE/EVALUAR

¿Está el paciente interesado en llevar a cabo más cambios nutricionales o está pidiendo apoyo adicional para hacer/mantener los cambios?

SI

## ESTAR DE ACUERDO Y AYUDAR: Explorar opciones, colaborar en la atención

Derivar a un nutricionista

---

[Fuente: chunk_4]
. En relación con la reducción de la severidad de los  atracones  en  pacientes  con  obesidad,  la  dosis  de  la  terapia conductual  también  puede  influir  sobre  la  efectividad  de  la intervención,  con  la  evidencia  actual  apuntando  a  que  serían necesarias  dosis  moderadas-altas  para  abordar  adecuadamente los atracones, consistiendo en 16 a 24 sesiones. 80"
"27","Los edulcorantes bajos en calorías pueden ofrecer ventajas en la reducción de peso, especialmente en personas con sobrepeso u obesidad, al sustituir el azúcar. Sin embargo, las revisiones sistemáticas y metaanálisis de ensayos controlados aleatorizados no han demostrado que su uso conduzca a una pérdida de peso significativa ni a mejoras en los factores de riesgo cardiometabólico en condiciones sin variación calórica. Además, algunos estudios han mostrado asociaciones con el aumento de peso y una mayor incidencia de diabetes y enfermedades cardiovasculares. Por lo tanto, la evidencia es contradictoria y no concluyente.","[Fuente: chunk_0]
| Edulcorantes bajos en calorías                                                                                       | Podría i peso y enfermedades cardiometabólicas 118,200                                                                                                                                                                                                                                                                                                      |                                                                                                                                                                                                               | Como sustituto del azúcar (por ejemplo, en gaseosas) puede ayudar i peso 120                                                                                                | Los ensayos de control aleatorizados no respaldan su uso para el tratamiento de la obesidad 118                        |

---

[Fuente: chunk_1]
## EDULCORANTES BAJOS EN CALORÍAS

Las recientes síntesis sobre evidencias difieren en sus conclusiones sobre  la  relación  entre  los  edulcorantes  bajos  en  calorías  y  los resultados  en  materia  de  salud.  Al  parecer,  existen  importantes desacuerdos ya que no se no tiene en cuenta la naturaleza del comparador  en  la  interpretación  de  los  ensayos  controlados aleatorizados y debido a que hay una alta probabilidad de que exista  una  causalidad  inversa  en  los  modelos  de  estudios  de cohortes prospectivos. 115-117

Las  revisiones  sistemáticas  y  los  metaanálisis  de  los  ensayos individuales  controlados  y  aleatorizados  que  han  investigado  el efecto de los edulcorantes bajos en calorías como alternativa a dietas con agua, placebos o personalizadas al peso (condiciones sin variación calórica) no han revelado que los pacientes pierdan peso  ni  mejoren  sus  factores  de  riesgo  cardiometabólico, 112,118 salvo algunas excepciones. 119

---

[Fuente: chunk_2]
Esta  investigación  ha  informado  de  asociaciones  con  la  pérdida de  peso  y  una  menor  incidencia  de  diabetes,  enfermedades cardiovasculares  y  mortalidad  por  todas  las  causas 115,123,124 en poblaciones  que  incluyen  a  personas  con  IMC  ≥  25  kg/m 2 .  En conjunto, estas diferentes series empíricas indican que los edulcorantes bajos en calorías en sustitución del azúcar u otros edulcorantes  calóricos,  en  particular si  se  trata  de  bebidas azucaradas,  pueden  ofrecer  ventajas  similares  a  las  del  agua  u otras estrategias destinadas a eliminar el exceso de calorías de los azúcares añadidos. Un metaanálisis publicado el 2020, indicó que reemplazar el azúcar por edulcorantes bajos en calorías conduce a la reducción de peso, particularmente en personas con sobrepeso u obesidad. 125

## PATRONES DIETÉTICOS

---

[Fuente: chunk_3]
Las revisiones sistemáticas y metaanálisis de ensayos controlados aleatorizados y los ensayos controlados aleatorizados individuales también han evaluado el efecto de la sustitución intencional de azúcares  u  otros  edulcorantes  calóricos  por  edulcorantes  bajos en  calorías  (condiciones  en  las  que  hay  un  desplazamiento calórico,  que  generalmente  viene  de  las  bebidas  con  azúcar). Esta  investigación  ha  mostrado  la  modesta  pérdida  de  peso esperada y las mejoras concomitantes en los factores de riesgo cardiometabólico  (glucosa  en  sangre,  presión  arterial  y  grasa hepática) en personas con un IMC ≥ 25 kg/m 2 . 120-122  Se observan desacuerdos similares en función de los modelos utilizados en los estudios de cohortes prospectivos.

---

[Fuente: chunk_4]
Las revisiones sistemáticas, los metaanálisis de estudios de cohortes prospectivos y los grandes estudios de cohortes prospectivos  individuales  que  han  modelado  la  ingesta  basal  o prevalente de edulcorantes bajos en calorías han mostrado una asociación  con  el  aumento  de  peso  y  una  mayor  incidencia  de diabetes y enfermedades cardiovasculares. 112,114-117  Otros estudios han  utilizado  enfoques  analíticos  para  mitigar  la  causalidad inversa  modelando  el  cambio  en  la  ingesta  o  la  sustitución  de bebidas endulzadas con bajas calorías por bebidas edulcorantes con azúcar."
"28","El contexto no proporciona información específica sobre si tomar agua ayuda a adelgazar.","[Fuente: chunk_0]
Aunque  el  TMN  que  consigue  un  déficit  calórico  puede  dar lugar a una pérdida de peso a corto plazo (de seis a 12 meses), el cambio de peso no suele mantenerse en el tiempo. Además, la recomendación común de que un déficit calórico de 500 kcal/día o 3500 kcal/semana produciría una pérdida de peso de 0,45 kg no es válida, ya que la pérdida de peso no es lineal. 73,74 Polidori et al. cuantificaron por primera vez la cantidad de ingesta calórica compensada por los cambios de pérdida de peso en seres humanos de vida libre y estimaron que el apetito aumentaba en ~100 kcal/día por cada kilogramo de peso perdido, lo que contribuía al aumento de peso con el tiempo. 75  La restricción calórica puede, en algunas personas, conducir a impulsos fisiopatológicos que promueven el aumento de peso a través del aumento del hambre, el apetito y la disminución de la saciedad. 66 Además, las restricciones calóricas pueden tener consecuencias negativas para la salud del esqueleto

---

[Fuente: chunk_1]
Esta  investigación  ha  informado  de  asociaciones  con  la  pérdida de  peso  y  una  menor  incidencia  de  diabetes,  enfermedades cardiovasculares  y  mortalidad  por  todas  las  causas 115,123,124 en poblaciones  que  incluyen  a  personas  con  IMC  ≥  25  kg/m 2 .  En conjunto, estas diferentes series empíricas indican que los edulcorantes bajos en calorías en sustitución del azúcar u otros edulcorantes  calóricos,  en  particular si  se  trata  de  bebidas azucaradas,  pueden  ofrecer  ventajas  similares  a  las  del  agua  u otras estrategias destinadas a eliminar el exceso de calorías de los azúcares añadidos. Un metaanálisis publicado el 2020, indicó que reemplazar el azúcar por edulcorantes bajos en calorías conduce a la reducción de peso, particularmente en personas con sobrepeso u obesidad. 125

## PATRONES DIETÉTICOS

---

[Fuente: chunk_2]
Después de una pérdida de peso del -6,0% con una dieta baja en calorías, el uso de liraglutida 3,0 mg más el asesoramiento sobre los cambios conductuales redujeron el peso en un -6,2% adicional al año, en comparación con el -0,2% en el grupo de placebo (solo se continuó con el asesoramiento sobre los cambios conductuales). Un mayor número de pacientes que recibieron liraglutida 3,0 mg fueron capaces de mantener la pérdida de peso ≥ 5% obtenida en el periodo de inclusión (81,4%), en comparación con los que recibieron placebo (48,9%). Un menor número de pacientes con liraglutida 3,0 mg recuperaron ≥ 5% de peso corporal (1,9%), en comparación con el placebo (17,5%). 4

---

[Fuente: chunk_3]
## COMPOSICIÓN CORPORAL

Se puede esperar una pérdida de peso significativa pero discreta a  largo  plazo  (unos  2  kg)  tan  solo  con  ejercicio  (por  ejemplo, aeróbico y de resistencia) en personas adultas con sobrepeso u obesidad. 19,27 En  general,  las  intervenciones  de  dietas  producen una mayor pérdida de peso (alrededor de 4 kg) en comparación con el ejercicio solo, y cuando el ejercicio se combina con la dieta, hay  un  aumento  adicional  en  la  cantidad  de  pérdida  de  peso (alrededor de 6 kg). 5,6,28,29  Las intervenciones para el manejo de la obesidad que incorporan el ejercicio, generalmente informan del mantenimiento o el aumento de la masa libre de grasa. 1,6,19

---

[Fuente: chunk_4]
| Edulcorantes bajos en calorías                                                                                       | Podría i peso y enfermedades cardiometabólicas 118,200                                                                                                                                                                                                                                                                                                      |                                                                                                                                                                                                               | Como sustituto del azúcar (por ejemplo, en gaseosas) puede ayudar i peso 120                                                                                                | Los ensayos de control aleatorizados no respaldan su uso para el tratamiento de la obesidad 118                        |"
"29","El contexto no proporciona información específica sobre lo que sucede si dejas el azúcar completamente.","[Fuente: chunk_0]
Las revisiones sistemáticas y metaanálisis de ensayos controlados aleatorizados y los ensayos controlados aleatorizados individuales también han evaluado el efecto de la sustitución intencional de azúcares  u  otros  edulcorantes  calóricos  por  edulcorantes  bajos en  calorías  (condiciones  en  las  que  hay  un  desplazamiento calórico,  que  generalmente  viene  de  las  bebidas  con  azúcar). Esta  investigación  ha  mostrado  la  modesta  pérdida  de  peso esperada y las mejoras concomitantes en los factores de riesgo cardiometabólico  (glucosa  en  sangre,  presión  arterial  y  grasa hepática) en personas con un IMC ≥ 25 kg/m 2 . 120-122  Se observan desacuerdos similares en función de los modelos utilizados en los estudios de cohortes prospectivos.

---

[Fuente: chunk_1]
Esta  investigación  ha  informado  de  asociaciones  con  la  pérdida de  peso  y  una  menor  incidencia  de  diabetes,  enfermedades cardiovasculares  y  mortalidad  por  todas  las  causas 115,123,124 en poblaciones  que  incluyen  a  personas  con  IMC  ≥  25  kg/m 2 .  En conjunto, estas diferentes series empíricas indican que los edulcorantes bajos en calorías en sustitución del azúcar u otros edulcorantes  calóricos,  en  particular si  se  trata  de  bebidas azucaradas,  pueden  ofrecer  ventajas  similares  a  las  del  agua  u otras estrategias destinadas a eliminar el exceso de calorías de los azúcares añadidos. Un metaanálisis publicado el 2020, indicó que reemplazar el azúcar por edulcorantes bajos en calorías conduce a la reducción de peso, particularmente en personas con sobrepeso u obesidad. 125

## PATRONES DIETÉTICOS

---

[Fuente: chunk_2]
| Edulcorantes bajos en calorías                                                                                       | Podría i peso y enfermedades cardiometabólicas 118,200                                                                                                                                                                                                                                                                                                      |                                                                                                                                                                                                               | Como sustituto del azúcar (por ejemplo, en gaseosas) puede ayudar i peso 120                                                                                                | Los ensayos de control aleatorizados no respaldan su uso para el tratamiento de la obesidad 118                        |

---

[Fuente: chunk_3]
## EDULCORANTES BAJOS EN CALORÍAS

Las recientes síntesis sobre evidencias difieren en sus conclusiones sobre  la  relación  entre  los  edulcorantes  bajos  en  calorías  y  los resultados  en  materia  de  salud.  Al  parecer,  existen  importantes desacuerdos ya que no se no tiene en cuenta la naturaleza del comparador  en  la  interpretación  de  los  ensayos  controlados aleatorizados y debido a que hay una alta probabilidad de que exista  una  causalidad  inversa  en  los  modelos  de  estudios  de cohortes prospectivos. 115-117

Las  revisiones  sistemáticas  y  los  metaanálisis  de  los  ensayos individuales  controlados  y  aleatorizados  que  han  investigado  el efecto de los edulcorantes bajos en calorías como alternativa a dietas con agua, placebos o personalizadas al peso (condiciones sin variación calórica) no han revelado que los pacientes pierdan peso  ni  mejoren  sus  factores  de  riesgo  cardiometabólico, 112,118 salvo algunas excepciones. 119

---

[Fuente: chunk_4]
114.   Anderson JW, Randles KM, Kendall CWC, Jenkins DJA. Carbohydrate and Fiber Recommendations  for  Individuals  with  Diabetes:  A  Quantitative  Assessment and Meta-Analysis of the Evidence. J Am Coll Nutr. 2004;23(1). doi:10.1080/0 7315724.2004.10719338
115.   Sievenpiper  JL,  Khan  TA,  Ha  V ,  Viguiliouk  E,  Auyeung  R.  The  importance  of study design in the assessment of nonnutritive sweeteners and cardiometabolic health. CMAJ. 2017;189(46). doi:10.1503/cmaj.733381
116.   Malik VS, Li Y, Pan A, et al. Long-Term Consumption of Sugar-Sweetened and Artificially Sweetened Beverages and Risk of Mortality in US Adults. Circulation. 2019;139(18). doi:10.1161/CIRCULATIONAHA.118.037401
117.   Khan  TA,  Malik  VS,  Sievenpiper  JL.  Letter  by  Khan  et  al  Regarding  Article, 'Artificially Sweetened  Beverages and Stroke, Coronary Heart Disease, and All-Cause Mortality in the Women's Health Initiative.' Stroke. 2019;50(6):E167-E168. doi:10.1161/STROKEAHA.119.025571"
"30","El contexto no proporciona información específica sobre si las frutas engordan.","[Fuente: chunk_0]
## TAMARINDO MALABAR (GARCINIA CAMBOGIA)

El tamarindo malabar (Garcinia Cambogia) es una pequeña fruta popular de la cocina del sur de la India, que también se procesa y  se  comercializa  para  el  tratamiento  de  la  obesidad  y  el  control del apetito, entre otras cosas. Su supuesto mecanismo de acción implica la inhibición de la liasa del ácido cítrico por medio de su ácido hidroxicítrico. 13  Hasta la fecha, los datos de los ensayos aleatorios de control son escasos, a corto plazo y de pequeño tamaño. Un metaanálisis de 2012 concluyó que hay poca evidencia para apoyar el  uso  de  T amarindo Malabar. 9   T ambién hay preocupación por la toxicidad  del  hígado  como  consecuencia  del  uso  del  tamarindo malabar  y  los  suplementos  que  lo  contienen;  una  revisión  de  la literatura de 2018 recordó al personal de salud que debe controlar activamente a los pacientes que toman estos productos. 14

## EXTRACTO DE TÉ VERDE

---

[Fuente: chunk_1]
## TAMARINDO MALABAR (GARCINIA CAMBOGIA)

El tamarindo malabar (Garcinia Cambogia) es una pequeña fruta popular de la cocina del sur de la India, que también se procesa y  se  comercializa  para  el  tratamiento  de  la  obesidad  y  el  control del apetito, entre otras cosas. Su supuesto mecanismo de acción implica la inhibición de la liasa del ácido cítrico por medio de su ácido hidroxicítrico. 13  Hasta la fecha, los datos de los ensayos aleatorios de control son escasos, a corto plazo y de pequeño tamaño. Un metaanálisis de 2012 concluyó que hay poca evidencia para apoyar el  uso  de  T amarindo Malabar. 9   T ambién hay preocupación por la toxicidad  del  hígado  como  consecuencia  del  uso  del  tamarindo malabar  y  los  suplementos  que  lo  contienen;  una  revisión  de  la literatura de 2018 recordó al personal de salud que debe controlar activamente a los pacientes que toman estos productos. 14

## EXTRACTO DE TÉ VERDE

---

[Fuente: chunk_2]
| Edulcorantes bajos en calorías                                                                                       | Podría i peso y enfermedades cardiometabólicas 118,200                                                                                                                                                                                                                                                                                                      |                                                                                                                                                                                                               | Como sustituto del azúcar (por ejemplo, en gaseosas) puede ayudar i peso 120                                                                                                | Los ensayos de control aleatorizados no respaldan su uso para el tratamiento de la obesidad 118                        |

---

[Fuente: chunk_3]
## ENFOQUES BASADOS EN LA ALIMENTACIÓN

Varios  patrones  dietéticos  que  hacen  hincapié  en  enfoques específicos basados en los alimentos han demostrado sus ventajas (Tabla  1).  Entre  ellas  se  encuentran  las  legumbres  (porotos, garbanzos,  lentejas  y  arvejas  secas), 39-43 frutas  y  verduras, 44,45,47 frutos secos, 48-50,139-141 cereales integrales (especialmente de avena  y  cebada) 46,51,95,105,142,143 y  lácteos. 52,144-146 Estos  enfoques basados  en  los  alimentos  han  demostrado  la  pérdida  y/o  el mantenimiento del peso, con mejoras en los factores de riesgo cardiometabólico, en ensayos controlados aleatorios. También hay pruebas de reducciones asociadas en la incidencia de diabetes y enfermedades cardiovasculares en grandes estudios de cohortes prospectivos que incluyen a personas con un IMC ≥ 25 kg/m 2 .

## PROGRAMAS INTENSIVOS DE INTERVENCIÓN EN EL ESTILO DE VIDA

---

[Fuente: chunk_4]
- k. Verduras y frutas para mejorar la PA diastólica (Nivel 2, Grado B), 44  mejorar el control glicémico (Nivel 2, Grado B), 45  reducir el riesgo de diabetes tipo 2 (Nivel 3, Grado C) 46 y la mortalidad cardiovascular (Nivel 3, Grado C). 47
- l.  Frutos secos para mejorar el control glicémico (Nivel 2, Grado  B), 48 cumplir  los  objetivos  lipídicos,  incluyendo el  C-LDL  (Nivel  3,  Grado  C) 49 y  reducir  el  riesgo  de enfermedad cardiovascular (Nivel 3, Grado C). 50
- m. Cereales integrales (especialmente avena y cebada) para cumplir  los  objetivos  lipídicos,  incluyendo  el  colesterol total y el C-LDL (Nivel 2, Grado B). 51"
"31","El contexto no contiene información sobre si el pan engorda.","[Fuente: chunk_0]
## PGX ®

PGX ® ,  o  PolyGlycopleX,  es  una  fibra  altamente  viscosa  que supuestamente ayuda a disminuir el apetito, a controlar el peso y a mejorar el metabolismo de la glucosa, la insulina y el colesterol. 10 Un  metaanálisis  de  2015  de  ensayos  aleatorios  doblemente ciegos  sobre  PGX ®   concluyó  que  las  pruebas  disponibles  no indican que PGX ®  cause una reducción del peso, aunque puede causar reducciones del colesterol total y del colesterol LDL. 11  Un metaanálisis  de  2017  sobre  la  administración  de  suplementos de fibra soluble en su conjunto sobre el control de la obesidad concluyó que, si bien la administración de suplementos se asoció con la pérdida de peso (2,52 kg), se debe tener precaución en la  interpretación  dada  la  'considerable  heterogeneidad  entre estudios' encontrada. 12

## TAMARINDO MALABAR (GARCINIA CAMBOGIA)

---

[Fuente: chunk_1]
## PGX ®

PGX ® ,  o  PolyGlycopleX,  es  una  fibra  altamente  viscosa  que supuestamente ayuda a disminuir el apetito, a controlar el peso y a mejorar el metabolismo de la glucosa, la insulina y el colesterol. 10 Un  metaanálisis  de  2015  de  ensayos  aleatorios  doblemente ciegos  sobre  PGX ®   concluyó  que  las  pruebas  disponibles  no indican que PGX ®  cause una reducción del peso, aunque puede causar reducciones del colesterol total y del colesterol LDL. 11  Un metaanálisis  de  2017  sobre  la  administración  de  suplementos de fibra soluble en su conjunto sobre el control de la obesidad concluyó que, si bien la administración de suplementos se asoció con la pérdida de peso (2,52 kg), se debe tener precaución en la  interpretación  dada  la  'considerable  heterogeneidad  entre estudios' encontrada. 12

## TAMARINDO MALABAR (GARCINIA CAMBOGIA)

---

[Fuente: chunk_2]
El  aumento de peso asociado al dejar de fumar se atribuye en gran medida al incremento de la ingesta calórica y la reducción del  gasto  energético. 49   Varios  estudios  que  compararon  una combinación de suspensión del tabaquismo y restricción calórica (utilizando planes alimentarios de sustitución de comidas o bajos en calorías) reportan resultados contradictorios. 50  Además, existe la  preocupación  de  que  una  restricción  calórica  estricta  pueda impedir los intentos para dejar de fumar tabaco. 49,51,52  No todos están  de  acuerdo  en  este  punto,  ya  que  algunos  sugieren  que los  programas  combinados  de  suspensión  tabáquica  y  manejo de peso pueden incluso mejorar la abstinencia a corto plazo (&lt;3 meses). 50   Lamentablemente,  pareciera  que  las  intervenciones conductuales no son beneficiosas en la prevención del aumento de peso a largo plazo. 50

---

[Fuente: chunk_3]
La ingesta de energía que supera las necesidades fisiológicas es un factor,  de  los  varios  existentes,  que  provoca  la  obesidad.  La ingesta  de  calorías  por  encima  de  las  necesidades  energéticas suele producirse en ausencia de una verdadera hambre fisiológica. Se ha sugerido que las propiedades sensoriales de los alimentos apetecibles promueven el deseo de comer, independientemente de las necesidades energéticas reales. 28,31  No es de extrañar que el valor de refuerzo de los alimentos se asocie con el IMC 83,84  y prevé el aumento de peso en la niñez y adultez. 85,86 Las evidencias sugieren que el sistema del apetito es muy sensible a las señales de alimentos apetecibles disponibles en el entorno, y que las señales de  alimentos  apetecibles  pueden  sobrepasar  los  mecanismos homeostáticos  de  saciedad  del  organismo

---

[Fuente: chunk_4]
## GLUCOMANANO

El  glucomanano es una fibra soluble que se cree que retrasa el vaciado  gástrico  y,  a  su  vez,  aumenta  la  saciedad  y  reduce  la ingesta de alimentos. 25  Una reciente revisión sistemática de seis breves ensayos aleatorios de control llegó a la conclusión de que había datos limitados que apoyaban que la suplementación con glucomanano podía ayudar a reducir el peso, pero no el índice de masa corporal. 26

## ACUPUNTURA"
"32","El contexto proporcionado no menciona específicamente si se puede o no comer arroz mientras se está a dieta. Por lo tanto, no puedo responder a esa pregunta.","[Fuente: chunk_0]
- i.  La  restricción  intermitente o continua de calorías logró una reducción similar del peso a corto plazo (Nivel 2a, Grado B). 38
- j.  Legumbres  (porotos,  garbanzos,  lentejas,  arvejas  secas) para  mejorar  el  peso  (Nivel  2,  Grado  B), 39 mejorar  el control glicémico (Nivel 2, Grado B), 40 cumplir los objetivos

---

[Fuente: chunk_1]
Una revisión sistemática 180  descubrió que las dietas muy bajas en calorías pueden utilizarse sin exacerbar los trastornos alimentarios existentes  o  los  episodios  de  atracones  en  programas  con  supervisión médica. Da Luz et al. 180   encontraron que los atracones disminuyeron en las intervenciones de DMBC. Un ensayo prospectivo de control aleatorio  no  encontró  conductas  alimentarias  trastornadas,  ni trastornos por atracones y disminuyó los síntomas de depresión en los grupos con restricción calórica (1200 kcal-1500 kcal/día con alimentos  convencionales,  o  1000  kcal/día  con  sustituciones  de comidas completas) en comparación con un enfoque sin restricción calórica. 181 Los  síntomas  de  baja  autoestima  y  los  pensamientos negativos sobre la imagen corporal disminuyeron en los tres grupos a  lo  largo  del  tiempo

---

[Fuente: chunk_2]
Los  sustitutos  parciales  de  las  comidas  se  utilizan  para  sustituir una o dos comidas al día como parte de una intervención con restricción  calórica.  Estas  intervenciones  con  restricción  calórica han demostrado reducir el peso corporal, la circunferencia de la cintura, la presión arterial y el control glicémico en comparación con las dietas convencionales de pérdida de peso con restricción calórica.  Esto  se  evidenció  en  una  revisión  sistemática  y  un metaanálisis de nueve ensayos de control aleatorio en personas con un IMC ≥ 25 kg/m 2  y diabetes tipo 2 durante una mediana de  seguimiento  de  seis  meses. 37 Otra  revisión  sistemática  y  un metaanálisis de 23 ensayos de control aleatorio informaron que los  programas  que  incluyen  sustituciones  parciales  de  comidas lograron una mayor pérdida de peso al año, en comparación con los programas de pérdida de peso sin uso de sustituciones parciales de comidas, con o sin apoyo de cambio de comportamiento

---

[Fuente: chunk_3]
Varias intervenciones que utilizan patrones dietéticos específicos han  mostrado  ventajas  para  la  pérdida  y  el  mantenimiento  del peso  con  mejoras  en  los  factores  de  riesgo  cardiometabólico  y reducciones asociadas en las complicaciones relacionadas con la obesidad (Tabla 1). El patrón dietético mediterráneo es un patrón dietético  basado  en  las  plantas  que  hace  hincapié  en  un  alto consumo de aceite  de  oliva  extra  virgen,  frutos  secos,  frutas  y verduras, cereales integrales y legumbres; un consumo moderado de vino, pescado y lácteos; y un bajo consumo de carnes rojas. Este patrón dietético ha demostrado una pérdida de peso y mejoras en el control glicémico y de los lípidos sanguíneos en comparación con otros patrones dietéticos en personas con diabetes tipo 2. 8 Estas  mejoras  se  han  reflejado  en  beneficios  en  importantes resultados clínicos

---

[Fuente: chunk_4]
## ENFOQUES BASADOS EN LA ALIMENTACIÓN

Varios  patrones  dietéticos  que  hacen  hincapié  en  enfoques específicos basados en los alimentos han demostrado sus ventajas (Tabla  1).  Entre  ellas  se  encuentran  las  legumbres  (porotos, garbanzos,  lentejas  y  arvejas  secas), 39-43 frutas  y  verduras, 44,45,47 frutos secos, 48-50,139-141 cereales integrales (especialmente de avena  y  cebada) 46,51,95,105,142,143 y  lácteos. 52,144-146 Estos  enfoques basados  en  los  alimentos  han  demostrado  la  pérdida  y/o  el mantenimiento del peso, con mejoras en los factores de riesgo cardiometabólico, en ensayos controlados aleatorios. También hay pruebas de reducciones asociadas en la incidencia de diabetes y enfermedades cardiovasculares en grandes estudios de cohortes prospectivos que incluyen a personas con un IMC ≥ 25 kg/m 2 .

## PROGRAMAS INTENSIVOS DE INTERVENCIÓN EN EL ESTILO DE VIDA"
"33","El contexto no proporciona información específica sobre qué desayuno es mejor para bajar de peso.","[Fuente: chunk_0]
- i.  La  restricción  intermitente o continua de calorías logró una reducción similar del peso a corto plazo (Nivel 2a, Grado B). 38
- j.  Legumbres  (porotos,  garbanzos,  lentejas,  arvejas  secas) para  mejorar  el  peso  (Nivel  2,  Grado  B), 39 mejorar  el control glicémico (Nivel 2, Grado B), 40 cumplir los objetivos

---

[Fuente: chunk_1]
Los  sustitutos  parciales  de  las  comidas  se  utilizan  para  sustituir una o dos comidas al día como parte de una intervención con restricción  calórica.  Estas  intervenciones  con  restricción  calórica han demostrado reducir el peso corporal, la circunferencia de la cintura, la presión arterial y el control glicémico en comparación con las dietas convencionales de pérdida de peso con restricción calórica.  Esto  se  evidenció  en  una  revisión  sistemática  y  un metaanálisis de nueve ensayos de control aleatorio en personas con un IMC ≥ 25 kg/m 2  y diabetes tipo 2 durante una mediana de  seguimiento  de  seis  meses. 37 Otra  revisión  sistemática  y  un metaanálisis de 23 ensayos de control aleatorio informaron que los  programas  que  incluyen  sustituciones  parciales  de  comidas lograron una mayor pérdida de peso al año, en comparación con los programas de pérdida de peso sin uso de sustituciones parciales de comidas, con o sin apoyo de cambio de comportamiento

---

[Fuente: chunk_2]
- g. Régimen dietético nórdico para bajar de peso (Nivel 2a, Grado B) 32 y para recuperar peso (Nivel 2b, Grado B), 33 mejorar la presión arterial (Nivel 2b, Grado B) 33 y cumplir objetivos en materia de lípidos en sangre, incluyendo el C-LDL, la APO B, (Nivel 2a, Grado B), 34 y el colesterol no HDL (Nivel  2a,  Grado  B); 35 así  como  reducir  el  riesgo de mortalidad cardiovascular y por todas las otras causas (Nivel 3, Grado C). 36
- h. Sustituciones  alimentarias  parciales  (sustituyendo  una o  dos  comidas  al  día  como  parte  de  una  intervención de restricción calórica) para reducir el peso corporal, la circunferencia de la cintura, la presión arterial y mejorar el control glicémico (Nivel 1a, Grado B). 37
- i.  La  restricción  intermitente o continua de calorías logró una reducción similar del peso a corto plazo (Nivel 2a, Grado B). 38

---

[Fuente: chunk_3]
- n. Lácteos para ayudar a bajar de peso, reducir la circunferencia  de  la  cintura,  el  porcentaje  de  grasa corporal  y  aumentar  el  porcentaje  de  masa  magra  en las dietas con restricción calórica, pero no en las dietas sin restricción (Nivel 3, Grado C); 52 y reducir el riesgo de padecer diabetes tipo 2 y enfermedades cardiovasculares (Nivel 3, Grado C). 46
5. Las personas adultas que viven con obesidad e intolerancia a la glucosa (prediabetes) deben contemplar la posibilidad de  someterse  a  intervenciones  conductuales  intensivas orientadas a reducir su peso un 5-7% con el fin de mejorar el  control  glicémico,  la  presión  arterial  y  cumplir  con  los objetivos de lípidos en la sangre (nivel 1a,grado A), 53 reducir la  probabilidad  de  padecer  diabetes  tipo  2,  (nivel  1a, grado  A), 54   complicaciones  microvasculares  (retinopatía, nefropatía  y  neuropatía)  (nivel  1a,  grado  B) 55 y  muerte cardiovascular y por otras causas (nivel 1a, grado B). 55

---

[Fuente: chunk_4]
202.   Wycherley  TP ,  Moran  LJ,  Clifton  PM,  Noakes  M,  Brinkworth  GD.  Effects  of energy-restricted high-protein, low-fat compared with standard-protein, lowfat  diets:  A  meta-analysis  of  randomized  controlled  trials.  Am  J  Clin  Nutr. 2012;96(6). doi:10.3945/ajcn.112.044321"
"34","El contexto no proporciona información específica sobre la necesidad de eliminar completamente los dulces.","[Fuente: chunk_0]
Esta  investigación  ha  informado  de  asociaciones  con  la  pérdida de  peso  y  una  menor  incidencia  de  diabetes,  enfermedades cardiovasculares  y  mortalidad  por  todas  las  causas 115,123,124 en poblaciones  que  incluyen  a  personas  con  IMC  ≥  25  kg/m 2 .  En conjunto, estas diferentes series empíricas indican que los edulcorantes bajos en calorías en sustitución del azúcar u otros edulcorantes  calóricos,  en  particular si  se  trata  de  bebidas azucaradas,  pueden  ofrecer  ventajas  similares  a  las  del  agua  u otras estrategias destinadas a eliminar el exceso de calorías de los azúcares añadidos. Un metaanálisis publicado el 2020, indicó que reemplazar el azúcar por edulcorantes bajos en calorías conduce a la reducción de peso, particularmente en personas con sobrepeso u obesidad. 125

## PATRONES DIETÉTICOS

---

[Fuente: chunk_1]
Las revisiones sistemáticas y metaanálisis de ensayos controlados aleatorizados y los ensayos controlados aleatorizados individuales también han evaluado el efecto de la sustitución intencional de azúcares  u  otros  edulcorantes  calóricos  por  edulcorantes  bajos en  calorías  (condiciones  en  las  que  hay  un  desplazamiento calórico,  que  generalmente  viene  de  las  bebidas  con  azúcar). Esta  investigación  ha  mostrado  la  modesta  pérdida  de  peso esperada y las mejoras concomitantes en los factores de riesgo cardiometabólico  (glucosa  en  sangre,  presión  arterial  y  grasa hepática) en personas con un IMC ≥ 25 kg/m 2 . 120-122  Se observan desacuerdos similares en función de los modelos utilizados en los estudios de cohortes prospectivos.

---

[Fuente: chunk_2]
## EDULCORANTES BAJOS EN CALORÍAS

Las recientes síntesis sobre evidencias difieren en sus conclusiones sobre  la  relación  entre  los  edulcorantes  bajos  en  calorías  y  los resultados  en  materia  de  salud.  Al  parecer,  existen  importantes desacuerdos ya que no se no tiene en cuenta la naturaleza del comparador  en  la  interpretación  de  los  ensayos  controlados aleatorizados y debido a que hay una alta probabilidad de que exista  una  causalidad  inversa  en  los  modelos  de  estudios  de cohortes prospectivos. 115-117

Las  revisiones  sistemáticas  y  los  metaanálisis  de  los  ensayos individuales  controlados  y  aleatorizados  que  han  investigado  el efecto de los edulcorantes bajos en calorías como alternativa a dietas con agua, placebos o personalizadas al peso (condiciones sin variación calórica) no han revelado que los pacientes pierdan peso  ni  mejoren  sus  factores  de  riesgo  cardiometabólico, 112,118 salvo algunas excepciones. 119

---

[Fuente: chunk_3]
| Edulcorantes bajos en calorías                                                                                       | Podría i peso y enfermedades cardiometabólicas 118,200                                                                                                                                                                                                                                                                                                      |                                                                                                                                                                                                               | Como sustituto del azúcar (por ejemplo, en gaseosas) puede ayudar i peso 120                                                                                                | Los ensayos de control aleatorizados no respaldan su uso para el tratamiento de la obesidad 118                        |

---

[Fuente: chunk_4]
114.   Anderson JW, Randles KM, Kendall CWC, Jenkins DJA. Carbohydrate and Fiber Recommendations  for  Individuals  with  Diabetes:  A  Quantitative  Assessment and Meta-Analysis of the Evidence. J Am Coll Nutr. 2004;23(1). doi:10.1080/0 7315724.2004.10719338
115.   Sievenpiper  JL,  Khan  TA,  Ha  V ,  Viguiliouk  E,  Auyeung  R.  The  importance  of study design in the assessment of nonnutritive sweeteners and cardiometabolic health. CMAJ. 2017;189(46). doi:10.1503/cmaj.733381
116.   Malik VS, Li Y, Pan A, et al. Long-Term Consumption of Sugar-Sweetened and Artificially Sweetened Beverages and Risk of Mortality in US Adults. Circulation. 2019;139(18). doi:10.1161/CIRCULATIONAHA.118.037401
117.   Khan  TA,  Malik  VS,  Sievenpiper  JL.  Letter  by  Khan  et  al  Regarding  Article, 'Artificially Sweetened  Beverages and Stroke, Coronary Heart Disease, and All-Cause Mortality in the Women's Health Initiative.' Stroke. 2019;50(6):E167-E168. doi:10.1161/STROKEAHA.119.025571"
"35","La fibra dietética es importante porque se asocia con una menor incidencia de diabetes, enfermedad coronaria, mortalidad, accidente cerebrovascular, cáncer colorrectal y cáncer total. Se recomienda una ingesta elevada de fibra dietética, con un mínimo de 25 g/día para adultos, ya que se ha demostrado que tiene varias ventajas, incluyendo la reducción del peso corporal y mejoras en la salud metabólica. Además, una mayor ingesta de fibra se relaciona con una disminución del riesgo de mortalidad por enfermedades cardiovasculares y otros problemas de salud.","[Fuente: chunk_0]
| Fibra dietética (25 g a 29 g)                                                                                        | Mayor ingesta: i Mortalidad por enfermedades cardiovasculares 15-30% i Incidencia de enfermedades coronarias y accidentes cerebrovasculares i T2DM i Presión arterial sistólica i Colesterol total 95                                                                                                                                                       | Mayor ingesta: i peso                                                                                                                                                                                         | Los suplementos de fibra pueden ayudar i a perder peso a corto plazo 106,195-199                                                                                            |                                                                                                                        |

---

[Fuente: chunk_1]
La Organización Mundial  de  la  Salud  (OMS)  encargó  una serie  de  revisiones  sistemáticas  y  metaanálisis  de  estudios  de cohortes prospectivos, que incluían a personas sin enfermedades agudas o crónicas (incluyendo personas con prediabetes, hipercolesterolemia de leve a moderada, hipertensión de leve a moderada o síndrome metabólico). Las pruebas mostraron que una mayor ingesta de fibra dietética total se asoció con una menor incidencia  de  diabetes,  enfermedad  coronaria  y  mortalidad, accidente  cerebrovascular  y  mortalidad,  cáncer  colorrectal y cáncer total y mortalidad. Los autores no observaron diferencias en la reducción del riesgo según el tipo de fibra (insoluble, soluble o viscosa soluble) o la fuente de fibra (cereales, frutas, verduras o  legumbres). 95 Los  análisis  de  metarregresión  dosis-respuesta mostraron que los beneficios se asociaban a ingestas superiores a 25-29 g al día

---

[Fuente: chunk_2]
. Estas  han  demostrado  que  las  intervenciones de  fibra  mixta  dan  lugar  a  reducciones  del  peso  corporal  y  a mejoras en la HbA1C, la glicemia posprandial, la presión arterial y los lípidos sanguíneos. 100-107,109-112 Los umbrales  de  dosis para  el  beneficio  no  están  claros,  pero  en  general  apoyan  los beneficios óptimos en ingestas de ≥ 25 g/día de fibra total en intervenciones de fibra mixta que proporcionan de 10 g/día a 20 g/día de fibra viscosa soluble. 95,96,98-107,109-114

---

[Fuente: chunk_3]
En conjunto, las evidencias disponibles relativas a los macronutrientes sugieren que hay una amplia gama de ingestas recomendables,  lo  que  pone  de  relieve  el  papel  de  la  TMN individualizada.  La  data  también  sugiere  que  la  calidad  podría ser más importante que la cantidad al evaluar la relación entre la distribución de macronutrientes y los resultados cardiometabólicos. Este tema se trata luego en el apartado sobre patrones dietéticos y enfoques alimentarios.

## FIBRA DIETÉTICA

Se  recomienda  una  ingesta  elevada  de  fibra  dietética  para  la población en general. Los DRI han establecido una ingesta adecuada (AI)  de  fibra  total  procedente  de  fuentes  naturales,  añadidas  o complementarias de 25 g/día y 38 g/día para mujeres y hombres de 19 a 50 años, respectivamente, y de 21 g/día y 30 g/día para mujeres y hombres ≥ 51 años de edad, respectivamente. 78  Se han demostrado varias ventajas de la fibra dietética.

---

[Fuente: chunk_4]
| Fibra dietética (25-29 mg)                          |                    | n                  | n                   | n      |                                | n                      | n                                      |                 | n                   |                             |                       |                   |             |
| Edulcorantes bajos en calorías                      |                    |                    |                     | n      |                                |                        | n                                      |                 |                     |                             |                       |                   |             |"
"36","El contexto indica que las intervenciones de dieta producen una mayor pérdida de peso (alrededor de 4 kg) en comparación con el ejercicio solo, y que cuando el ejercicio se combina con la dieta, hay un aumento adicional en la cantidad de pérdida de peso (alrededor de 6 kg). Sin embargo, no se especifica un tipo de ejercicio que sea mejor para bajar de peso. Se menciona que el ejercicio aeróbico y de resistencia puede favorecer el mantenimiento o la mejora de la aptitud cardiorrespiratoria y el mantenimiento de la masa libre de grasa, pero no se establece cuál es el mejor para la pérdida de peso en sí.","[Fuente: chunk_0]
## COMPOSICIÓN CORPORAL

Se puede esperar una pérdida de peso significativa pero discreta a  largo  plazo  (unos  2  kg)  tan  solo  con  ejercicio  (por  ejemplo, aeróbico y de resistencia) en personas adultas con sobrepeso u obesidad. 19,27 En  general,  las  intervenciones  de  dietas  producen una mayor pérdida de peso (alrededor de 4 kg) en comparación con el ejercicio solo, y cuando el ejercicio se combina con la dieta, hay  un  aumento  adicional  en  la  cantidad  de  pérdida  de  peso (alrededor de 6 kg). 5,6,28,29  Las intervenciones para el manejo de la obesidad que incorporan el ejercicio, generalmente informan del mantenimiento o el aumento de la masa libre de grasa. 1,6,19

---

[Fuente: chunk_1]
## MENSAJES CLAVE PARA EL PERSONAL DE SALUD

<!-- image -->

-  La  actividad  física  regular  genera  una  amplia  gama  de beneficios para la salud en personas adultas de todas las categorías de IMC, incluso en ausencia de pérdida de peso.
-  El  ejercicio  aeróbico  y  de  resistencia  puede  favorecer  el mantenimiento o la mejora de la aptitud cardiorrespiratoria,

## RECOMENDACIONES ADOPTADAS

<!-- image -->

1. La actividad física aeróbica (30-60 minutos de intensidad moderada a intensa la mayoría de los días de la semana) puede considerarse para las personas adultas que tengan como objetivo:
- a) Lograr pequeñas pérdidas de peso y grasa corporal (Nivel 2a, Grado B); 1
- b) Lograr  la  reducción  de  la  grasa  visceral  abdominal  (Nivel 1a, Grado A) 2-4  y de la grasa ectópica, como la del hígado y el corazón (Nivel 1a, Grado A), 4  incluso en ausencia de pérdida de peso;

## Cómo citar este documento

---

[Fuente: chunk_2]
5. Shaw K, Gennat H, O'Rourke P , Del Mar C. Exercise for overweight or obesity. Cochrane Database Syst Rev. 2006;(4). doi:10.1002/14651858.CD003817.pub3
6. Washburn RA, Szabo AN, Lambourne K, et al. Does the method of weight loss effect long-term changes in weight, body composition or chronic disease risk  factors  in  overweight  or  obese  adults?  A  systematic  review.  PLoS  One. 2014;9(10). doi:10.1371/journal.pone.0109849
7. Ross R, Stotz PJ, Lam M. Effects of exercise amount and intensity on abdominal obesity and glucose tolerance in obese adults: A randomized trial. Ann Intern Med. 2015;162(5). doi:10.7326/M14-1189
8. Davidson LE, Hudson R, Kilpatrick K, et al. Effects of exercise modality on insulin resistance and functional limitation in older adults: A randomized controlled trial. Arch Intern Med. 2009;169(2). doi:10.1001/archinternmed.2008.558

---

[Fuente: chunk_3]
- c) Favorecer  el  mantenimiento  del  peso  tras  la  pérdida  de peso (Nivel 2a, Grado B); 1,5
- d) Favorecer  el  mantenimiento  de  la  masa  libre  de  grasa durante la pérdida de peso (Nivel 2a, Grado B); 6  y,
- e) Aumentar la aptitud cardiorrespiratoria (Nivel 2a, Grado B) 7 y la movilidad (Nivel 2a, Grado B). 8
2. Para  las  personas  adultas  con  sobrepeso  u  obesidad,  el entrenamiento  de  resistencia  puede  promover  el  mantenimiento del peso o un ligero aumento de la masa muscular o de la masa libre de grasa y de la movilidad (Nivel 2a, Grado B). 9

---

[Fuente: chunk_4]
26.   Hamilton  MT,  Healy  GN,  Dunstan  DW,  Zderic  TW,  Owen  N.  Too  Little Exercise  and  Too  Much  Sitting:  Inactivity  Physiology  and  the  Need  for New  Recommendations  on  Sedentary  Behavior.  Curr  Cardiovasc  Risk  Rep. 2008;2(4):292-298. doi:10.1007/S12170-008-0054-8
27.   O'Donoghue G, Blake C, Cunningham C, Lennon O, Perrotta C. What exercise prescription  is  optimal  to  improve  body  composition  and  cardiorespiratory fitness  in  adults  living  with  obesity?  A  network  meta-analysis.  Obes  Rev. 2021;22(2). doi:10.1111/obr.13137
28.   W.C. M, D.M. K, E.J. H. A meta-analysis of the past 25 years of weight loss research  using  diet,  exercise  or  diet  plus  exercise  intervention.  Int  J  Obes. 1997;21(10)."
"37","Se recomienda realizar un mínimo de 150 minutos de actividad física aeróbica de intensidad moderada a intensa por semana, distribuidos en la mayor parte de los días de la semana, además de realizar actividades de fuerza al menos dos días por semana y reducir el tiempo sedentario diario.","[Fuente: chunk_0]
Los beneficios para la salud relacionados con la actividad física se asocian en parte con la dosis de actividad física (es decir tipo, duración, intensidad y frecuencia). 23  Sin embargo, la reducción de la actividad sedentaria durante el día también puede producir beneficios para la salud, independientemente de los niveles de actividad  física  regular. 24 Para  mejorar  la  salud,  se  recomienda que las personas realicen un mínimo de 30 minutos de actividad física aeróbica de intensidad moderada a intensa la mayor parte de los días de la semana, (sumando al menos 150 minutos por semana), realicen actividades de fuerza (resistencia) al menos dos días por semana 25  y reduzcan la cantidad de tiempo sedentario diario. 26

---

[Fuente: chunk_1]
## CONCLUSIÓN

Las personas adultas con sobrepeso u obesidad deben considerar el aumento de la actividad física como un componente integral de todas las estrategias de tratamiento de la obesidad. La actividad física  ofrece  una  amplia  gama  de  beneficios  para  la  salud  que son en parte independientes de la pérdida de peso. Las personas sedentarias  deben  progresar  hacia  30-60  minutos  o  más  de actividad  física  aeróbica  de  intensidad  moderada  a  alta  (por ejemplo, caminar, montar en bicicleta) la mayoría de los días de la semana (es decir, tratar de acumular 150 minutos o más por semana), realizar actividades de fuerza (resistencia) al menos dos días por semana y reducir la cantidad de tiempo sedentario diario para controlar el peso corporal y obtener beneficios para la salud.

---

[Fuente: chunk_2]
## MENSAJES CLAVE PARA EL PERSONAL DE SALUD

<!-- image -->

-  La  actividad  física  regular  genera  una  amplia  gama  de beneficios para la salud en personas adultas de todas las categorías de IMC, incluso en ausencia de pérdida de peso.
-  El  ejercicio  aeróbico  y  de  resistencia  puede  favorecer  el mantenimiento o la mejora de la aptitud cardiorrespiratoria,

## RECOMENDACIONES ADOPTADAS

<!-- image -->

1. La actividad física aeróbica (30-60 minutos de intensidad moderada a intensa la mayoría de los días de la semana) puede considerarse para las personas adultas que tengan como objetivo:
- a) Lograr pequeñas pérdidas de peso y grasa corporal (Nivel 2a, Grado B); 1
- b) Lograr  la  reducción  de  la  grasa  visceral  abdominal  (Nivel 1a, Grado A) 2-4  y de la grasa ectópica, como la del hígado y el corazón (Nivel 1a, Grado A), 4  incluso en ausencia de pérdida de peso;

## Cómo citar este documento

---

[Fuente: chunk_3]
. Es interesante observar que los grupos de menor volumen en estos estudios a menudo realizaban menos de 150 minutos por semana 7,13,42  y mostraban algunos  beneficios  como  la  aptitud  cardiorrespiratoria 13 ,  o  una disminución de la circunferencia de la cintura. 7

---

[Fuente: chunk_4]
4. Frecuencia: Nuestra búsqueda identificó pocos estudios que compararan  directamente  diferentes frecuencias de ejercicio manteniendo  constante  el  volumen  total  de  ejercicio.  En  un estudio de Madjd et al., 69  75 mujeres con sobrepeso y obesidad fueron  asignadas  aleatoriamente  a  grupos  de  actividad  física de alta frecuencia frente a grupos de baja frecuencia. A ambos grupos se les pidió que siguieran el mismo programa dietético de pérdida de peso y que hicieran ejercicio durante 300 minutos a la semana, pero bien durante 50 minutos al día, seis días a la semana (alta frecuencia) o 100 minutos al día, tres días a la semana (baja frecuencia). En comparación con el grupo de alta frecuencia, el grupo de baja frecuencia tuvo una mayor disminución de peso (9,6 kg frente a 7,8 kg) y un mayor aumento de pasos diarios"
"38","Sí, caminar de manera enérgica es comúnmente recomendado para el tratamiento del sobrepeso y la obesidad en personas adultas. Además, estudios han demostrado que aumentar la actividad física, como caminar, puede contribuir a la pérdida de peso y mejorar la composición corporal. Se sugiere que las personas adultas con sobrepeso u obesidad consideren el aumento de la actividad física como un componente integral de su tratamiento.","[Fuente: chunk_0]
Caminar de manera enérgica es comúnmente el tipo de terapia de actividad física  más  recomendada para el  tratamiento  del  sobrepeso o la obesidad en personas adultas. 39  En este sentido, Mabire et al., 1 realizaron  una  revisión  sistemática  y  un  metaanálisis  de  22 estudios (n = 1.524; 81% mujeres) para investigar la influencia de la edad, el sexo y el IMC en la eficacia de la caminata a paso ligero  por  sí  sola  en  el  tratamiento  de  la  obesidad  en  personas adultas. Las características de la intervención (promedio) fueron las siguientes: duración (46 minutos/sesión), intensidad (73% de frecuencia cardíaca máxima), frecuencia (cuatro veces/semana) y duración (12 a 16 semanas), con una tasa de cumplimiento del ejercicio entre el 65% y el 85%.

---

[Fuente: chunk_1]
Otros estudios más recientes han relacionado de manera inversa el  nivel  de  actividad  física  con  la  grasa  abdominal. 58 El  estudio de  Chiang  TL  2019, 37   utilizó  una  estrategia  combinada  para aumentar  el  gasto  calórico  en  personas  adultas  con  obesidad. Un grupo debía completar 12000 pasos al día y el otro  grupo además de completar los  12000  pasos,  debía  realizar  parte  de estos pasos a una intensidad moderada. El grupo que incorporó ejercicio de intensidad moderada tuvo mejores resultados sobre los parámetros del síndrome metabólico y mejoras en la composición corporal.  Finalmente,  el  estudio  de  Creasy  2018, 59 que  incluyó a  260  mujeres  de  42  años  en  promedio,  mostró  que  caminar alrededor de 10000 pasos al día, con 3500 de estos pasos a una intensidad moderada, se asocia a una mayor baja de peso a los 18 meses luego de terminar una intervención de estilos de vida.

---

[Fuente: chunk_2]
El ensayo STRRIDE AT/RT comparó el caminar aproximadamente 19,3  kilómetros  por  semana  a  una  intensidad  moderada,  19,3 kilómetros  por  semana  a  una  intensidad  alta  (es  decir,  mayor velocidad) y 32.18 kilómetros por semana a una intensidad alta. Las  mejoras  en  el  LDL-C,  el  HDL-C  (y  la  mayoría  de  los  demás parámetros lipídicos estudiados) tendían a mejorar con el aumento de la intensidad o la distancia (volumen), y a menudo la única diferencia significativa en comparación con el control se daba en el grupo de alto volumen y alta intensidad. 42,96  Aunque no  se  limitó  a  los  participantes  con  sobrepeso  u  obesidad,  un metaanálisis también reafirmó lo aprendido sobre los efectos de caminar 97 y  quizá  también  del  entrenamiento  de  resistencia 98,99 sobre  los  lípidos/lipo-proteínas.  También,  se  observan  mejoras en los metaanálisis que examinan por separado a hombres 100  y mujeres. 101

## ÍNDICES DE APTITUD FÍSICA Y MOVILIDAD

---

[Fuente: chunk_3]
57.   Tate  DF,  Jeffery  RW,  Sherwood  NE,  Wing  RR.  Long-term  weight  losses associated with prescription of higher physical activity goals. Are higher levels of physical activity protective against weight regain? Am J Clin Nutr. 2007;85(4). doi:10.1093/ajcn/85.4.954
58.   Martinez-Gomez  D,  Hamer  M,  Ortega  FB,  et  al.  Association  of  Changes  in Physical Activity and Incidence and Remission of Overall and Abdominal Obesity in 113,950 Adults. Obesity. 2020;28(3). doi:10.1002/oby.22709
59.   Creasy  SA,  Lang  W,  Tate  DF,  Davis  KK,  Jakicic  JM.  Pattern  of  Daily  Steps  is Associated with Weight Loss: Secondary Analysis from the Step-Up Randomized Trial. Obesity. 2018;26(6). doi:10.1002/oby.22171

---

[Fuente: chunk_4]
## CONCLUSIÓN

Las personas adultas con sobrepeso u obesidad deben considerar el aumento de la actividad física como un componente integral de todas las estrategias de tratamiento de la obesidad. La actividad física  ofrece  una  amplia  gama  de  beneficios  para  la  salud  que son en parte independientes de la pérdida de peso. Las personas sedentarias  deben  progresar  hacia  30-60  minutos  o  más  de actividad  física  aeróbica  de  intensidad  moderada  a  alta  (por ejemplo, caminar, montar en bicicleta) la mayoría de los días de la semana (es decir, tratar de acumular 150 minutos o más por semana), realizar actividades de fuerza (resistencia) al menos dos días por semana y reducir la cantidad de tiempo sedentario diario para controlar el peso corporal y obtener beneficios para la salud."
"39","El contexto no proporciona una respuesta directa sobre si es mejor el cardio o las pesas. Sin embargo, menciona que el ejercicio intenso, como el entrenamiento aeróbico, mejora la aptitud cardiorrespiratoria, mientras que el entrenamiento de resistencia puede favorecer el mantenimiento del peso y la masa libre de grasa. Ambos tipos de ejercicio tienen beneficios, pero no se establece cuál es mejor en general.","[Fuente: chunk_0]
. Una mayor cantidad de ejercicio intenso requirió de menos tiempo y condujo a mayores mejoras en la aptitud cardiorrespiratoria, 7,60  pero no se asoció con una mayor pérdida de peso estadísticamente significativa ni con cambios en la masa grasa en estos tres estudios.

---

[Fuente: chunk_1]
- c) Favorecer  el  mantenimiento  del  peso  tras  la  pérdida  de peso (Nivel 2a, Grado B); 1,5
- d) Favorecer  el  mantenimiento  de  la  masa  libre  de  grasa durante la pérdida de peso (Nivel 2a, Grado B); 6  y,
- e) Aumentar la aptitud cardiorrespiratoria (Nivel 2a, Grado B) 7 y la movilidad (Nivel 2a, Grado B). 8
2. Para  las  personas  adultas  con  sobrepeso  u  obesidad,  el entrenamiento  de  resistencia  puede  promover  el  mantenimiento del peso o un ligero aumento de la masa muscular o de la masa libre de grasa y de la movilidad (Nivel 2a, Grado B). 9

---

[Fuente: chunk_2]
Sin  embargo,  sí  hubo  una  relación  dosis-respuesta  entre  la cantidad de ejercicio y las mejoras en la aptitud cardiorrespiratoria. Del  mismo  modo,  Church  et  al. 13   asignaron  aleatoriamente  a 464 mujeres posmenopáusicas con sobrepeso u obesidad y con presión  arterial  elevada  a  un  grupo  de  control  en  comparación con tres grupos de ejercicio con gasto energético preestablecido de cuatro, ocho y doce kcal por kilogramo de peso corporal. No hubo diferencias en la pérdida de peso entre los grupos, ni en la disminución de la circunferencia de la cintura en comparación con  el  control.  También  en  este  caso,  se  produjo  una  relación dosis-respuesta, ya que un mayor ejercicio condujo a una mayor mejora de la aptitud cardiorrespiratoria

---

[Fuente: chunk_3]
De  hecho,  desde  la  publicación  de  esta  revisión  sistemática, Fanning et al., 105  asignaron aleatoriamente a 249 (71,1% mujeres) personas adultas mayores (66,9 años) con obesidad (IMC = 34,4 kg/m²)  asociada  a  enfermedad  cardiovascular  o  al  síndrome metabólico  a  tres  intervenciones  diferentes.  Las  intervenciones fueron: pérdida de peso con dieta o pérdida de peso con dieta en combinación con entrenamiento aeróbico o pérdida de peso con  dieta  en  combinación  con  entrenamiento  de  resistencia. La  intervención  incluyó  una  fase  intensiva  de  seis  meses  y  un seguimiento de 12 meses. Los resultados sugirieron que ambas intervenciones combinadas, incluyendo el ejercicio, eran superiores a los cambios dietéticos por sí solos para mejorar los indicadores de función física, como una mayor autoeficacia para caminar y escalar, así como las puntuaciones de calidad de vida relacionada con la salud para el funcionamiento físico general.

---

[Fuente: chunk_4]
Un metaanálisis de 14 ensayos 28  que comparaban la restricción energética por sí sola con la restricción energética combinada con la actividad física concluyó que la suma de entrenamiento aeróbico y  de  resistencia  mejoraba  la  aptitud  cardiovascular  y  la  fuerza muscular, aumentaba la pérdida de masa grasa y preservaba la masa corporal magra.

## SALUD MENTAL Y CALIDAD DE VIDA"
"40","El contexto sugiere que se debe desconfiar de los programas de pérdida de peso que prometen la pérdida de peso sin dieta ni ejercicio. Por lo tanto, no se recomienda bajar de peso sin hacer ejercicio.","[Fuente: chunk_0]
## COMPOSICIÓN CORPORAL

Se puede esperar una pérdida de peso significativa pero discreta a  largo  plazo  (unos  2  kg)  tan  solo  con  ejercicio  (por  ejemplo, aeróbico y de resistencia) en personas adultas con sobrepeso u obesidad. 19,27 En  general,  las  intervenciones  de  dietas  producen una mayor pérdida de peso (alrededor de 4 kg) en comparación con el ejercicio solo, y cuando el ejercicio se combina con la dieta, hay  un  aumento  adicional  en  la  cantidad  de  pérdida  de  peso (alrededor de 6 kg). 5,6,28,29  Las intervenciones para el manejo de la obesidad que incorporan el ejercicio, generalmente informan del mantenimiento o el aumento de la masa libre de grasa. 1,6,19

---

[Fuente: chunk_1]
La gente debería desconfiar de los programas de pérdida de peso que:

-  Prometen la pérdida de peso sin dieta ni ejercicio;
-  Promete perder peso comiendo todo lo que quiera;
-  Prometen una reducción puntual del peso de determinados lugares;
-  Prometer una pérdida demasiado rápida (por ejemplo, perder 13 kilos en 30 días);
-  Incluye fotos del antes y el después y testimonios personales que parezcan demasiado buenos para ser verdad.

## PRODUCTOS COMERCIALES

---

[Fuente: chunk_2]
La gente debería desconfiar de los programas de pérdida de peso que:

-  Prometen la pérdida de peso sin dieta ni ejercicio;
-  Promete perder peso comiendo todo lo que quiera;
-  Prometen una reducción puntual del peso de determinados lugares;
-  Prometer una pérdida demasiado rápida (por ejemplo, perder 13 kilos en 30 días);
-  Incluye fotos del antes y el después y testimonios personales que parezcan demasiado buenos para ser verdad.

## PRODUCTOS COMERCIALES

---

[Fuente: chunk_3]
mantenimiento del peso a largo plazo; un buen perfil de seguridad; y costos razonables.

-  Las  personas  con  sobrepeso  u  obesidad  deben  desconfiar de  los  programas  de  adelgazamiento  que:  i)  prometen  la pérdida de peso sin dieta ni ejercicio; ii) prometen la pérdida de peso comiendo todo lo que se quiera; iii) prometen la reducción  de  peso  en  lugares  concretos  del  cuerpo; iv)  prometen una pérdida demasiado rápida (por ejemplo, perder 13 kilos en 30 días); o v) incluyen fotos del antes y el después, y testimonios personales que parecen demasiado buenos para ser verdad.

## MENSAJES CLAVE PARA LAS PERSONAS CON OBESIDAD continuación

-  Existen muchos productos naturales para la pérdida de peso sin receta médica, pero ninguno de ellos ha demostrado proporcionar una pérdida de peso clínicamente significativa en estudios científicos de alta calidad.

## RECOMENDACIONES ADOPTADAS

<!-- image -->

---

[Fuente: chunk_4]
mantenimiento del peso a largo plazo; un buen perfil de seguridad; y costos razonables.

-  Las  personas  con  sobrepeso  u  obesidad  deben  desconfiar de  los  programas  de  adelgazamiento  que:  i)  prometen  la pérdida de peso sin dieta ni ejercicio; ii) prometen la pérdida de peso comiendo todo lo que se quiera; iii) prometen la reducción  de  peso  en  lugares  concretos  del  cuerpo; iv)  prometen una pérdida demasiado rápida (por ejemplo, perder 13 kilos en 30 días); o v) incluyen fotos del antes y el después, y testimonios personales que parecen demasiado buenos para ser verdad.

## MENSAJES CLAVE PARA LAS PERSONAS CON OBESIDAD continuación

-  Existen muchos productos naturales para la pérdida de peso sin receta médica, pero ninguno de ellos ha demostrado proporcionar una pérdida de peso clínicamente significativa en estudios científicos de alta calidad.

## RECOMENDACIONES ADOPTADAS

<!-- image -->"
"41","Si haces ejercicio pero no cambias tu dieta, puedes esperar una pérdida de peso significativa pero discreta a largo plazo, aproximadamente de 2 kg. Sin embargo, las intervenciones de dietas producen una mayor pérdida de peso en comparación con el ejercicio solo. Además, la actividad física regular puede mejorar la salud cardiovascular y tener otros beneficios para la salud, aunque no necesariamente resultará en una pérdida de peso significativa.","[Fuente: chunk_0]
## COMPOSICIÓN CORPORAL

Se puede esperar una pérdida de peso significativa pero discreta a  largo  plazo  (unos  2  kg)  tan  solo  con  ejercicio  (por  ejemplo, aeróbico y de resistencia) en personas adultas con sobrepeso u obesidad. 19,27 En  general,  las  intervenciones  de  dietas  producen una mayor pérdida de peso (alrededor de 4 kg) en comparación con el ejercicio solo, y cuando el ejercicio se combina con la dieta, hay  un  aumento  adicional  en  la  cantidad  de  pérdida  de  peso (alrededor de 6 kg). 5,6,28,29  Las intervenciones para el manejo de la obesidad que incorporan el ejercicio, generalmente informan del mantenimiento o el aumento de la masa libre de grasa. 1,6,19

---

[Fuente: chunk_1]
La actividad física regular aumenta el gasto energético y mejora la salud cardiovascular. Los cambios de comportamiento son, con mucho, el  componente  más  importante  para  integrar  patrones de alimentación y actividad que sean satisfactorios a largo plazo. Pueden incluir el autocontrol o el registro de un diario de alimentos y ejercicios, el apoyo de familiares o amistades o el asesoramiento individual o en grupo. Los cambios de comportamiento a corto plazo conducen a una pérdida de peso discreta del 3-5%, pero suele ser difícil de mantener. Las tasas de reincidencia en la pérdida de  peso  son  altas  porque  nuestro  cuerpo  está  diseñado  para resistirse a la pérdida de peso. La reducción del gasto energético y las respuestas hormonales adaptativas tras la pérdida de peso pueden favorecer la recuperación de peso.

Una revisión sistemática descubrió que la tasa promedio de gasto energético  en  reposo  disminuía  en  aproximadamente  15  kcal/kg

---

[Fuente: chunk_2]
Además, la terapia de actividad física, con o sin cambios dietéticos, se  asocia  con  varios  beneficios  para  la  salud. 30 Por  ejemplo,  la actividad física regular puede tener un efecto positivo sobre los factores de riesgo cardiovascular; esto ocurre independientemente de una pérdida de peso significativa. 21  La intervención conductual que  incorpora  el  ejercicio  también  reduce  peso,  masa  grasa, circunferencia de cintura y factores de riesgo cardiometabólicos en participantes con obesidad de clase II y III. 31-33 En participantes de edad avanzada, el ejercicio por sí solo condujo a una mejor función física sin una pérdida de peso significativa; pero cuando se añadió a los cambios dietéticos, atenuó la disminución de la masa muscular y ósea normalmente observada solo con la dieta. 34  El volumen y la intensidad de la actividad física afectan la magnitud de los beneficios para la salud que se asocian al ejercicio. 5,30,35-37

---

[Fuente: chunk_3]
Por  ejemplo,  el  Estudio  de  Dieta  y  Ejercicio  de  Oslo  fue  un ensayo de un año de duración en el que se asignó al azar a 219 participantes sanos (IMC medio = 29 kg/m 2 ) a hacer ejercicio o no hacer ejercicio, y a recibir asesoramiento dietético o no recibirlo, en un diseño factorial de 2x2. 95  El ejercicio no redujo el LDL-C, aunque aumentó el HDL-C y la ApoA-I y redujo la ApoB. 67,95  Es posible que se requiera más ejercicio o que sea más intenso para mejorar el LDL-C y el HDL-C. 37

---

[Fuente: chunk_4]
No está claro por qué estos estudios no mostraron una relación dosis-respuesta al comparar los diferentes volúmenes de ejercicio prescritos  sobre  los  cambios  en  el  peso  corporal  o  en  la  circunferencia de  la  cintura.  Los  estudios  no  sugieren  ninguna  disminución compensatoria  de  la  actividad  física  diaria  ni  un  aumento  de la  ingesta  energética  con  un  mayor  volumen  de  ejercicio.  Sin embargo, el cumplimiento de la indicación sobre el ejercicio dentro de los grupos fue muy variable. La cantidad real de actividad física ha demostrado ser un fuerte predictor de la cantidad de pérdida de peso en estudios como estos. Por ejemplo, un estudio citado en la edición anterior de estas directrices 55 (que se actualizó con datos sobre el mantenimiento del peso), 56  sugirió que la cantidad real de actividad física realizada predecía la cantidad de pérdida de peso; mientras que la cantidad prescrita no lo hacía."
"42","Los resultados se hacen evidentes después de aproximadamente seis semanas de uso, con una baja de 2,2 a 3,4 kg.","[Fuente: chunk_0]
. La reducción inicial es mayor y se hace evidente después de aproximadamente seis semanas de uso con una baja de 2,2 a 3,4 Kg. 75

---

[Fuente: chunk_1]
Los  participantes  de  ambas  ramas  de  Pequeños  Cambios  se reunieron  con  los  asesores  en  salud  semanalmente  durante  los primeros tres meses, quincenalmente en los meses cuatro a nueve, y  luego mensualmente de los meses 10 a 12. Los participantes de  la  atención  habitual  (MOVE!)  se  reunieron  semanalmente durante  12  semanas,  con  opciones  para  continuar  la  atención de seguimiento después. El resultado principal fue el cambio de peso al comparar el basal después de 12 meses, y los resultados secundarios  incluyeron  resultados  fisiológicos,  conductuales  y psicosociales, así como niveles de participación y adherencia. 11

---

[Fuente: chunk_2]
. Al éxito de este programa puede deberse a su diseño intensivo en el que se impartieron 30 sesiones de grupo de 75 minutos. 41  Sin embargo, Rogers descubrió que más de 12 horas de tratamiento en total no dieron lugar a efectos mayores en los resultados individuales en comparación con las intervenciones de menos de 12 horas de tratamiento en total. 40

---

[Fuente: chunk_3]
| Efecto sobre el peso a largo plazo, restando el efecto placebo                  | No disponible                                                                                                                                                                                                                                              | -2,8 kg a los 4 años 11                                                               | -4,2% a los 3 años 1                                                                                                                                                                                                | No se ha estudiado                                                                                                                                                                                                                                                       |

---

[Fuente: chunk_4]
La pérdida de peso se produjo en ambos grupos; sin embargo, casi la mitad del grupo de intervención reforzada logró una pérdida de  peso  clínicamente  significativa  de  al  menos  el  5%  del  peso corporal basal a los 12 meses (47,8% frente al 11,6%; p &lt;0,001). A los 24 meses, el 33,3% de la intervención reforzada y el 24,6% de la intervención estándar tenían &gt;5% de pérdida de peso, y las diferencias  entre  los  grupos  ya  no  eran  significativas.  Hubo  un aumento en la actividad física autoreportada, ya que el grupo de intervención mejorada afirmó realizar 126,1 minutos de ejercicio de moderado a intensidad alta por semana, en comparación con 73,7 minutos en el grupo estándar (p = 0,04). Si bien hubo una reducción  a  101,3  minutos  en  el  grupo  mejorado  en  la  marca de 24 meses, seguía siendo superior a la rama de control en 75 minutos (p = 0,04). 8"
"43","El contexto indica que la actividad física puede asociarse a un mayor riesgo de lesiones en algunos estudios, pero no en todos. En un estudio específico, aunque no hubo un mayor riesgo de lesiones en comparación con el control, una proporción considerable de participantes (46%) informó de alguna lesión o enfermedad, y solo el 7% de las lesiones se asociaron con el ejercicio. Además, un IMC más elevado se asoció con una mayor probabilidad de sufrir lesiones a lo largo del tiempo. Por lo tanto, hacer ejercicio con obesidad puede conllevar ciertos riesgos, pero no necesariamente es peligroso en todos los casos.","[Fuente: chunk_0]
Aptitud física: La aptitud física es importante para las tareas de la vida y la salud cotidiana. En general, la aptitud física es menor en las personas con sobrepeso u obesidad y la pueden mejorar al participar en programas de entrenamiento físico sin centrarse en la pérdida de peso. Los profesionales de la salud deben considerar las  necesidades  y  preferencias  de  la  persona  con  obesidad  a  la hora de asesorar sobre el ejercicio físico. 22

## DOLOR

Existe  una  asociación  significativa  entre  la  grasa  corporal  y  el dolor  musculoesquelético,  particularmente  dolor  generalizado  y en articulaciones como columna lumbar, rodillas y pies, siendo la grasa corporal un mejor indicador de riesgo en comparación con el peso corporal. 23  Además, se ha reportado que el dolor crónico relacionado con la obesidad incluye dolores de cabeza, abdominal, pélvico y neuropático, entre otros. 24

---

[Fuente: chunk_1]
## MENSAJES CLAVE PARA PERSONAS QUE VIVEN CON OBESIDAD

<!-- image -->

-  Algunas  personas  con  obesidad  tienen  problemas  de movilidad y corren el riesgo de sufrir resbalones, tropiezos o caídas. Esto podría interferir con su capacidad e interés en participar en la actividad física. Informe al personal de salud que lo atiende si ha tenido una caída o tiene miedo a caerse mientras realiza sus actividades cotidianas. 6
-  Las  consultas  de  atención  de  sus  médicos  y  los  espacios de atención clínica deben ser físicamente accesibles y estar equipados para que todos los pacientes puedan acceder a toda la gama de servicios de atención clínica, incluida la evaluación y el tratamiento. Comunique al personal de salud si existen barreras que le impiden participar plenamente y tener acceso a la atención médica. Esto incluye el acceso a estacionamiento, transporte público, ascensores, escaleras, asientos, puertas, accesibilidad a los baños, etc.

## RECOMENDACIONES ADOPTADAS

---

[Fuente: chunk_2]
Por tanto y en general, hay poca evidencia como para recomendar que  la  terapia  de  actividad  física  por  sí  sola  pueda  mejorar  la calidad de vida, los trastornos del estado de ánimo y la imagen corporal en personas adultas con sobrepeso u obesidad. Lo cual ha sido ratificado recientemente en una revisión sistemática 106  que incluyó 3594 mujeres con obesidad. Las personas que realizaban ejercicio  de  intensidad  moderada  a  vigorosa  solo  mostraron cambios significativos en la calidad de vida, no así en los otros aspectos estudiados (ansiedad, depresión e imagen corporal).

## RELACIÓN RIESGO-BENEFICIO DE AUMENTAR LA ACTIVIDAD FÍSICA.

---

[Fuente: chunk_3]
.  En  los  participantes  con  obesidad  de  clase II  o  III,  se  desarrolló  una  discapacidad  de  movilidad  importante en el 36% del grupo de actividad física frente al 46% del grupo de educación sanitaria. El entrenamiento de resistencia también mejoró las  limitaciones  funcionales  en  los  adultos  mayores  con obesidad; añadir el entrenamiento de resistencia al entrenamiento aeróbico produjo beneficios adicionales. 8

---

[Fuente: chunk_4]
## RELACIÓN RIESGO-BENEFICIO DE AUMENTAR LA ACTIVIDAD FÍSICA.

Es  importante  tener  en  cuenta  que  la  actividad  física  puede asociarse  a  un  mayor  riesgo  de  lesiones  en  algunos  estudios, pero no en todos. 107,108 En  el  estudio  de  Janney y Jakicic 108 que incluía  datos  de  397  participantes  de  dos  ensayos  distintos,  se prescribió caminar como modo principal de ejercicio durante 150, 200 o 300 minutos/semana. Los participantes fueron hombres y mujeres con un IMC que oscilaba entre 25 y 40 kg/m 2 . Aunque no hubo un mayor riesgo de lesiones en comparación con el control, una  proporción  considerable  de  participantes  (46%)  informó de  alguna  lesión  o  enfermedad.  Solo  el  7%  de  las  lesiones  se asociaron con el ejercicio. Se asoció un IMC más elevado con una mayor probabilidad de sufrir lesiones a lo largo del tiempo, así como de lesionarse antes y durante la intervención. 108"
"44","El contexto no proporciona información específica sobre ejercicios seguros para personas con sobrepeso. Sin embargo, se menciona que las personas adultas con sobrepeso u obesidad deben considerar aumentar la actividad física, incluyendo 30-60 minutos de actividad física aeróbica de intensidad moderada a alta (como caminar o montar en bicicleta) la mayoría de los días de la semana, así como realizar actividades de fuerza al menos dos días por semana.","[Fuente: chunk_0]
## CONCLUSIÓN

Las personas adultas con sobrepeso u obesidad deben considerar el aumento de la actividad física como un componente integral de todas las estrategias de tratamiento de la obesidad. La actividad física  ofrece  una  amplia  gama  de  beneficios  para  la  salud  que son en parte independientes de la pérdida de peso. Las personas sedentarias  deben  progresar  hacia  30-60  minutos  o  más  de actividad  física  aeróbica  de  intensidad  moderada  a  alta  (por ejemplo, caminar, montar en bicicleta) la mayoría de los días de la semana (es decir, tratar de acumular 150 minutos o más por semana), realizar actividades de fuerza (resistencia) al menos dos días por semana y reducir la cantidad de tiempo sedentario diario para controlar el peso corporal y obtener beneficios para la salud.

---

[Fuente: chunk_1]
- c) Favorecer  el  mantenimiento  del  peso  tras  la  pérdida  de peso (Nivel 2a, Grado B); 1,5
- d) Favorecer  el  mantenimiento  de  la  masa  libre  de  grasa durante la pérdida de peso (Nivel 2a, Grado B); 6  y,
- e) Aumentar la aptitud cardiorrespiratoria (Nivel 2a, Grado B) 7 y la movilidad (Nivel 2a, Grado B). 8
2. Para  las  personas  adultas  con  sobrepeso  u  obesidad,  el entrenamiento  de  resistencia  puede  promover  el  mantenimiento del peso o un ligero aumento de la masa muscular o de la masa libre de grasa y de la movilidad (Nivel 2a, Grado B). 9

---

[Fuente: chunk_2]
## RECOMENDACIÓN NUEVA

1. En mujeres adultas en edad fértil que viven con sobrepeso u  obesidad,  recomendamos  dentro  de  las  intervenciones no  farmacológicas  realizar  ejercicio  de  alta  intensidad  en comparación a realizar otros ejercicios (Ver aquí el resumen de la metodología).

## PERIODO PREVIO A LA CONCEPCIÓN

## Antecedentes

---

[Fuente: chunk_3]
Actividad  física: La  actividad  física  (término  utilizado  como sinónimo de ejercicio en este capítulo) durante el embarazo ha demostrado  ser  beneficiosa  para  las  mujeres  con  obesidad  en el  control  de  su  aumento  de  peso  durante  el  embarazo  (2019 Canadian Guideline for Physical Activity Throughout Pregnancy). Daly  et  al. 19 compararon  el  aumento  de  peso  gestacional  total a las 36 semanas en 88 mujeres embarazadas asignadas ya sea a una intervención consistente en ejercicio intensivo supervisado por  médicos  o  a  la  atención  habitual.  Un  menor  número  de mujeres del grupo de intervención de ejercicio aumentó de peso por encima de las directrices en comparación con las mujeres del grupo de control (23,5% frente a 45,2%; p &lt;0,05). Barakat et al

---

[Fuente: chunk_4]
5. Shaw K, Gennat H, O'Rourke P , Del Mar C. Exercise for overweight or obesity. Cochrane Database Syst Rev. 2006;(4). doi:10.1002/14651858.CD003817.pub3
6. Washburn RA, Szabo AN, Lambourne K, et al. Does the method of weight loss effect long-term changes in weight, body composition or chronic disease risk  factors  in  overweight  or  obese  adults?  A  systematic  review.  PLoS  One. 2014;9(10). doi:10.1371/journal.pone.0109849
7. Ross R, Stotz PJ, Lam M. Effects of exercise amount and intensity on abdominal obesity and glucose tolerance in obese adults: A randomized trial. Ann Intern Med. 2015;162(5). doi:10.7326/M14-1189
8. Davidson LE, Hudson R, Kilpatrick K, et al. Effects of exercise modality on insulin resistance and functional limitation in older adults: A randomized controlled trial. Arch Intern Med. 2009;169(2). doi:10.1001/archinternmed.2008.558"
"45","El contexto no proporciona información específica sobre si el gimnasio es necesario.","[Fuente: chunk_0]
| Mesa de examen                                                                       | ✓ Capacidad de peso mínima de 227 kg ✓ Superficie firme y acolchada ✓ Suficientemente ancho como para soportar distintos tipos de cuerpos ✓ Colocados cerca de las estructuras, como las barras de apoyo montadas en la pared                                                                                                                                                                                                                                                                                       |

---

[Fuente: chunk_1]
Glicemia: Los  metaanálisis  han  mostrado  de  forma  consistente mejoras en la hemoglobina glicosilada tras el entrenamiento de ejercicio  aeróbico  y/o  de  resistencia  estructurado/supervisado en personas con diabetes tipo 2, 30,66,78-81   incluso en ausencia de pérdida de peso. 81  En personas que no tienen diabetes, pueden producirse  mejoras  en  la  glucosa  postprandial  y  especialmente en la sensibilidad a la insulina con el entrenamiento de volumen e  intensidad  suficientes, 37 pero  no  se  suelen  observar  mejoras en  la  glucosa  en  ayunas  en  ausencia  de  una  gran  pérdida  de peso. 7,11,12,82 Algunos  de  los  ensayos  más  grandes  y  de  mayor duración se han realizado para la prevención y el tratamiento de la diabetes tipo 2 en personas con intolerancia a la glucosa

---

[Fuente: chunk_2]
- c) Favorecer  el  mantenimiento  del  peso  tras  la  pérdida  de peso (Nivel 2a, Grado B); 1,5
- d) Favorecer  el  mantenimiento  de  la  masa  libre  de  grasa durante la pérdida de peso (Nivel 2a, Grado B); 6  y,
- e) Aumentar la aptitud cardiorrespiratoria (Nivel 2a, Grado B) 7 y la movilidad (Nivel 2a, Grado B). 8
2. Para  las  personas  adultas  con  sobrepeso  u  obesidad,  el entrenamiento  de  resistencia  puede  promover  el  mantenimiento del peso o un ligero aumento de la masa muscular o de la masa libre de grasa y de la movilidad (Nivel 2a, Grado B). 9

---

[Fuente: chunk_3]
## MENSAJES CLAVE PARA EL PERSONAL DE SALUD

<!-- image -->

-  La  actividad  física  regular  genera  una  amplia  gama  de beneficios para la salud en personas adultas de todas las categorías de IMC, incluso en ausencia de pérdida de peso.
-  El  ejercicio  aeróbico  y  de  resistencia  puede  favorecer  el mantenimiento o la mejora de la aptitud cardiorrespiratoria,

## RECOMENDACIONES ADOPTADAS

<!-- image -->

1. La actividad física aeróbica (30-60 minutos de intensidad moderada a intensa la mayoría de los días de la semana) puede considerarse para las personas adultas que tengan como objetivo:
- a) Lograr pequeñas pérdidas de peso y grasa corporal (Nivel 2a, Grado B); 1
- b) Lograr  la  reducción  de  la  grasa  visceral  abdominal  (Nivel 1a, Grado A) 2-4  y de la grasa ectópica, como la del hígado y el corazón (Nivel 1a, Grado A), 4  incluso en ausencia de pérdida de peso;

## Cómo citar este documento

---

[Fuente: chunk_4]
## DISTRIBUCIÓN DE LA GRASA CORPORAL

Está bien documentado que la obesidad abdominal, especialmente un exceso de grasa visceral abdominal aumenta el riesgo de efectos adversos para la salud en individuos con sobrepeso u obesidad. 40 Es importante documentar la eficacia del ejercicio por sí solo para reducir la grasa visceral abdominal teniendo en cuenta la discreta pérdida de peso observada con las intervenciones conductuales. Según múltiples revisiones sistemáticas y metaanálisis realizados desde 2005, el ejercicio por sí solo es eficaz para reducir la grasa visceral  abdominal. 2,3,19,41,42 La  reducción  de  la  grasa  visceral abdominal y de la grasa abdominal total también puede producirse en ausencia de pérdida de peso o de cambios en la circunferencia de la cintura. 41"
"46","El contexto no menciona específicamente si correr sirve para adelgazar. Sin embargo, se indica que el ejercicio, como el aeróbico y de resistencia, puede contribuir a una pérdida de peso significativa pero discreta en personas adultas con sobrepeso u obesidad.","[Fuente: chunk_0]
- c) Favorecer  el  mantenimiento  del  peso  tras  la  pérdida  de peso (Nivel 2a, Grado B); 1,5
- d) Favorecer  el  mantenimiento  de  la  masa  libre  de  grasa durante la pérdida de peso (Nivel 2a, Grado B); 6  y,
- e) Aumentar la aptitud cardiorrespiratoria (Nivel 2a, Grado B) 7 y la movilidad (Nivel 2a, Grado B). 8
2. Para  las  personas  adultas  con  sobrepeso  u  obesidad,  el entrenamiento  de  resistencia  puede  promover  el  mantenimiento del peso o un ligero aumento de la masa muscular o de la masa libre de grasa y de la movilidad (Nivel 2a, Grado B). 9

---

[Fuente: chunk_1]
## COMPOSICIÓN CORPORAL

Se puede esperar una pérdida de peso significativa pero discreta a  largo  plazo  (unos  2  kg)  tan  solo  con  ejercicio  (por  ejemplo, aeróbico y de resistencia) en personas adultas con sobrepeso u obesidad. 19,27 En  general,  las  intervenciones  de  dietas  producen una mayor pérdida de peso (alrededor de 4 kg) en comparación con el ejercicio solo, y cuando el ejercicio se combina con la dieta, hay  un  aumento  adicional  en  la  cantidad  de  pérdida  de  peso (alrededor de 6 kg). 5,6,28,29  Las intervenciones para el manejo de la obesidad que incorporan el ejercicio, generalmente informan del mantenimiento o el aumento de la masa libre de grasa. 1,6,19

---

[Fuente: chunk_2]
## MENSAJES CLAVE PARA EL PERSONAL DE SALUD

<!-- image -->

-  La  actividad  física  regular  genera  una  amplia  gama  de beneficios para la salud en personas adultas de todas las categorías de IMC, incluso en ausencia de pérdida de peso.
-  El  ejercicio  aeróbico  y  de  resistencia  puede  favorecer  el mantenimiento o la mejora de la aptitud cardiorrespiratoria,

## RECOMENDACIONES ADOPTADAS

<!-- image -->

1. La actividad física aeróbica (30-60 minutos de intensidad moderada a intensa la mayoría de los días de la semana) puede considerarse para las personas adultas que tengan como objetivo:
- a) Lograr pequeñas pérdidas de peso y grasa corporal (Nivel 2a, Grado B); 1
- b) Lograr  la  reducción  de  la  grasa  visceral  abdominal  (Nivel 1a, Grado A) 2-4  y de la grasa ectópica, como la del hígado y el corazón (Nivel 1a, Grado A), 4  incluso en ausencia de pérdida de peso;

## Cómo citar este documento

---

[Fuente: chunk_3]
## DISTRIBUCIÓN DE LA GRASA CORPORAL

Está bien documentado que la obesidad abdominal, especialmente un exceso de grasa visceral abdominal aumenta el riesgo de efectos adversos para la salud en individuos con sobrepeso u obesidad. 40 Es importante documentar la eficacia del ejercicio por sí solo para reducir la grasa visceral abdominal teniendo en cuenta la discreta pérdida de peso observada con las intervenciones conductuales. Según múltiples revisiones sistemáticas y metaanálisis realizados desde 2005, el ejercicio por sí solo es eficaz para reducir la grasa visceral  abdominal. 2,3,19,41,42 La  reducción  de  la  grasa  visceral abdominal y de la grasa abdominal total también puede producirse en ausencia de pérdida de peso o de cambios en la circunferencia de la cintura. 41

---

[Fuente: chunk_4]
Caminar de manera enérgica es comúnmente el tipo de terapia de actividad física  más  recomendada para el  tratamiento  del  sobrepeso o la obesidad en personas adultas. 39  En este sentido, Mabire et al., 1 realizaron  una  revisión  sistemática  y  un  metaanálisis  de  22 estudios (n = 1.524; 81% mujeres) para investigar la influencia de la edad, el sexo y el IMC en la eficacia de la caminata a paso ligero  por  sí  sola  en  el  tratamiento  de  la  obesidad  en  personas adultas. Las características de la intervención (promedio) fueron las siguientes: duración (46 minutos/sesión), intensidad (73% de frecuencia cardíaca máxima), frecuencia (cuatro veces/semana) y duración (12 a 16 semanas), con una tasa de cumplimiento del ejercicio entre el 65% y el 85%."
"47","El contexto no proporciona información específica sobre cuántas calorías se queman caminando.","[Fuente: chunk_0]
Caminar de manera enérgica es comúnmente el tipo de terapia de actividad física  más  recomendada para el  tratamiento  del  sobrepeso o la obesidad en personas adultas. 39  En este sentido, Mabire et al., 1 realizaron  una  revisión  sistemática  y  un  metaanálisis  de  22 estudios (n = 1.524; 81% mujeres) para investigar la influencia de la edad, el sexo y el IMC en la eficacia de la caminata a paso ligero  por  sí  sola  en  el  tratamiento  de  la  obesidad  en  personas adultas. Las características de la intervención (promedio) fueron las siguientes: duración (46 minutos/sesión), intensidad (73% de frecuencia cardíaca máxima), frecuencia (cuatro veces/semana) y duración (12 a 16 semanas), con una tasa de cumplimiento del ejercicio entre el 65% y el 85%.

---

[Fuente: chunk_1]
Otros estudios más recientes han relacionado de manera inversa el  nivel  de  actividad  física  con  la  grasa  abdominal. 58 El  estudio de  Chiang  TL  2019, 37   utilizó  una  estrategia  combinada  para aumentar  el  gasto  calórico  en  personas  adultas  con  obesidad. Un grupo debía completar 12000 pasos al día y el otro  grupo además de completar los  12000  pasos,  debía  realizar  parte  de estos pasos a una intensidad moderada. El grupo que incorporó ejercicio de intensidad moderada tuvo mejores resultados sobre los parámetros del síndrome metabólico y mejoras en la composición corporal.  Finalmente,  el  estudio  de  Creasy  2018, 59 que  incluyó a  260  mujeres  de  42  años  en  promedio,  mostró  que  caminar alrededor de 10000 pasos al día, con 3500 de estos pasos a una intensidad moderada, se asocia a una mayor baja de peso a los 18 meses luego de terminar una intervención de estilos de vida.

---

[Fuente: chunk_2]
El ensayo STRRIDE AT/RT comparó el caminar aproximadamente 19,3  kilómetros  por  semana  a  una  intensidad  moderada,  19,3 kilómetros  por  semana  a  una  intensidad  alta  (es  decir,  mayor velocidad) y 32.18 kilómetros por semana a una intensidad alta. Las  mejoras  en  el  LDL-C,  el  HDL-C  (y  la  mayoría  de  los  demás parámetros lipídicos estudiados) tendían a mejorar con el aumento de la intensidad o la distancia (volumen), y a menudo la única diferencia significativa en comparación con el control se daba en el grupo de alto volumen y alta intensidad. 42,96  Aunque no  se  limitó  a  los  participantes  con  sobrepeso  u  obesidad,  un metaanálisis también reafirmó lo aprendido sobre los efectos de caminar 97 y  quizá  también  del  entrenamiento  de  resistencia 98,99 sobre  los  lípidos/lipo-proteínas.  También,  se  observan  mejoras en los metaanálisis que examinan por separado a hombres 100  y mujeres. 101

## ÍNDICES DE APTITUD FÍSICA Y MOVILIDAD

---

[Fuente: chunk_3]
En un ensayo clínico aleatorizado con mujeres (de 25 a 75 años) con un IMC de 37,84 +/- 3,94 kg/m 2  se observó que la prescripción de  1000  kcal/día  en  comparación  con  1500  kcal/día  junto  con el  tratamiento conductual producía una mayor pérdida de peso durante seis meses (pero se producía una recuperación significativa de peso a los 12 meses en comparación con el grupo de 1500 kcal/día). 70   A  los  12  meses,  un  porcentaje  significativamente mayor de participantes a los que se les prescribió 1000 kcal/día presentaron reducciones de peso corporal del 5% o más que los que se les asignó 1500 kcal/día. 70  Ahora bien, una prescripción de 1000 kcal/día puede ser más difícil de sostener, especialmente en el caso de personas cuya reducción calórica es superior al 50% de su ingesta habitual. 70

---

[Fuente: chunk_4]
En uno de los estudios de intervención de mayor duración en el que se estudiaron diferentes tipos de ejercicio, se comparó la terapia conductual  estándar  con  niveles  elevados  de  actividad  física. 57 Los  participantes  de  ambos  grupos  recibieron  instrucciones  y capacitación idénticas sobre la reducción de la ingesta energética y grasas, pero a un grupo se le fijó el objetivo de participar en 1000 kcal por semana (o unos 30 minutos al día) de actividad física,  mientras  que  el  otro  tenía  el  objetivo  de  2500  kcal  por semana.  Las  intervenciones  duraron  18  meses,  y  se  realizó  un seguimiento a los participantes durante 12 meses más. No hubo diferencias  en  la  pérdida  de  peso  después  de  los  primeros  seis meses,  pero  la  diferencia  alcanzó  relevancia  después  de  los  12 y  18  meses"
"48","El contexto no menciona específicamente que el ejercicio abdominal reduzca la grasa del abdomen. Sin embargo, se indica que el ejercicio aeróbico es eficaz para reducir la grasa visceral abdominal.","[Fuente: chunk_0]
## DISTRIBUCIÓN DE LA GRASA CORPORAL

Está bien documentado que la obesidad abdominal, especialmente un exceso de grasa visceral abdominal aumenta el riesgo de efectos adversos para la salud en individuos con sobrepeso u obesidad. 40 Es importante documentar la eficacia del ejercicio por sí solo para reducir la grasa visceral abdominal teniendo en cuenta la discreta pérdida de peso observada con las intervenciones conductuales. Según múltiples revisiones sistemáticas y metaanálisis realizados desde 2005, el ejercicio por sí solo es eficaz para reducir la grasa visceral  abdominal. 2,3,19,41,42 La  reducción  de  la  grasa  visceral abdominal y de la grasa abdominal total también puede producirse en ausencia de pérdida de peso o de cambios en la circunferencia de la cintura. 41

---

[Fuente: chunk_1]
En general, el  entrenamiento aeróbico tiene el potencial de producir reducciones de la grasa visceral abdominal superiores a 30 cm 2 y 40 cm² (en  la  tomografía  computarizada  [TC])  en  mujeres  y  hombres, respectivamente. La mayor reducción observada en hombres se explica sobre todo por su fenotipo de obesidad abdominal. 3  No obstante, las mejoras en los índices cardiometabólicos asociados a la grasa visceral abdominal, así como el aumento de la aptitud cardiorrespiratoria  tanto  en  mujeres  como  en  hombres  con obesidad abdominal, parecen depender de la intensidad (por ej., la tolerancia a la glucosa). 7,37

---

[Fuente: chunk_2]
Además, los individuos sedentarios con una elevada grasa visceral abdominal se caracterizan por la acumulación de grasa en lugares no  deseados  (grasa  ectópica),  como  el  hígado,  el  corazón,  el páncreas y el músculo esquelético. La grasa ectópica desempeña un  papel  importante  en  la  relación  obesidad  abdominal  y  el aumento del riesgo de enfermedades cardiovasculares. 40  En este sentido, un metaanálisis demostró que el ejercicio por sí solo podía provocar una disminución de la adiposidad cardíaca (por ejemplo, de la grasa epicárdica y pericárdica) y de los lípidos intrahepáticos, aunque el efecto sobre el hígado es mayor cuando se combina con cambios dietéticos y con una mayor disminución del IMC o del peso corporal. 49  Así mismo, el entrenamiento aeróbico tiene una mayor efectividad en la reducción de la grasa visceral abdominal y grasa hepática en personas adultas con sobrepeso u obesidad y diabetes de tipo  2.4,30,50

---

[Fuente: chunk_3]
Estos  resultados  son  muy  similares  a  los  encontrados  en  otros estudios; 12,27,51 especialmente, en el estudio 'Studies Targeting Risk Reduction Interventions through Defined Exercise-Aerobic Training and/Resistance Training' (STRRIDE AT/RT). 12  Además de la ausencia de  un  grupo  de  control,  una  de  las  diferencias  en  este  estudio fue  que  al  grupo  de  entrenamiento  combinado  se  le  pidió  que completara la totalidad de la indicación al entrenamiento aeróbico (14 kcal/kg de peso corporal por semana, o ~130 min / semana)

y  al  entrenamiento  de  resistencia  (180  minutos  por  semana). Por otro lado, en la revisión sistemática realizada por Yarizadeh 2021, 52 donde comparó el efecto del ejercicio aeróbico, resistencia y  mixto  sobre  la  grasa  abdominal  subcutánea,  se  mostró  que ambas modalidades de ejercicio  en  forma  aislada  son  efectivas para reducir la grasa abdominal subcutánea.

---

[Fuente: chunk_4]
Por lo tanto, existen evidencias de calidad para recomendar que el  ejercicio  aeróbico  regular  de  intensidad  moderada  y/o  HIIT reducen eficazmente la grasa visceral  abdominal.  Sin  embargo, las evidencias sobre el efecto del ejercicio por sí solo en la grasa ectópica  son  limitadas,  aunque  los  datos  disponibles  sugieren que el ejercicio por sí solo tiene el potencial de disminuir la grasa ectópica  en  el  hígado  y  el  corazón  en  personas  adultas  con sobrepeso u obesidad.

## CONSIDERACIONES SOBRE LA RESPUESTA A LA DOSIS

Las  indicaciones  típicas  de  ejercicio  consideran  los  siguientes parámetros: 1) tipo, 2) duración, 3) intensidad y 4) frecuencia. El volumen de actividad física se basa en estos cuatro factores y suele definirse como el gasto energético total."
"49","El contexto proporcionado no contiene información sobre si es mejor entrenar en la mañana o en la noche.","[Fuente: chunk_0]
. En uno de los estudios más largos y amplios que examinan el entrenamiento con HIIT, Roy et al. 68 permitieron a los participantes elegir entre un HIIT no supervisado tres días a la semana o 30 minutos de ejercicio diario de  intensidad  moderada.  El  cuarenta  y  dos  por  ciento  eligió  el HIIT, pero al cabo de un año no hubo diferencias significativas en la pérdida de peso o de grasa abdominal entre las intervenciones.

---

[Fuente: chunk_1]
Glicemia: Los  metaanálisis  han  mostrado  de  forma  consistente mejoras en la hemoglobina glicosilada tras el entrenamiento de ejercicio  aeróbico  y/o  de  resistencia  estructurado/supervisado en personas con diabetes tipo 2, 30,66,78-81   incluso en ausencia de pérdida de peso. 81  En personas que no tienen diabetes, pueden producirse  mejoras  en  la  glucosa  postprandial  y  especialmente en la sensibilidad a la insulina con el entrenamiento de volumen e  intensidad  suficientes, 37 pero  no  se  suelen  observar  mejoras en  la  glucosa  en  ayunas  en  ausencia  de  una  gran  pérdida  de peso. 7,11,12,82 Algunos  de  los  ensayos  más  grandes  y  de  mayor duración se han realizado para la prevención y el tratamiento de la diabetes tipo 2 en personas con intolerancia a la glucosa

---

[Fuente: chunk_2]
1. Tipo: No se identificó ningún estudio que asignara aleatoriamente  a  los  participantes  a  diferentes  modalidades de  ejercicio  aeróbico,  (por  ejemplo,  caminar  en  comparación  a montar bicicleta). Sin embargo, hay varios estudios que asignan aleatoriamente a los participantes con obesidad al entrenamiento de resistencia versus al aeróbico. En un ensayo, 136 hombres y mujeres  mayores  con  obesidad  abdominal  fueron  asignados aleatoriamente  a  un  entrenamiento  de  control,  de  resistencia, aeróbico o combinado de aeróbico y resistencia. 8  El entrenamiento se realizó durante seis meses.

---

[Fuente: chunk_3]
Las  indicaciones  fueron:  tres  sesiones  de  unos  20  minutos en el  grupo  de  resistencia;  cinco  sesiones  de  30  minutos  en  el grupo  aeróbico;  y  tres  sesiones  de  50  minutos  en  el  grupo  de entrenamiento  combinado  aeróbico  y  de  resistencia.  La  masa grasa se redujo en unos 3 kg tanto en el grupo de entrenamiento aeróbico como en el combinado, mientras que la masa muscular aumentó  alrededor  de  1  kg  en  el  grupo  de  entrenamiento  de resistencia y en el combinado. El grupo de entrenamiento aeróbico y de resistencia combinado fue el que más aumentó la sensibilidad a la insulina y disminuyó las limitaciones funcionales.

---

[Fuente: chunk_4]
4. Frecuencia: Nuestra búsqueda identificó pocos estudios que compararan  directamente  diferentes frecuencias de ejercicio manteniendo  constante  el  volumen  total  de  ejercicio.  En  un estudio de Madjd et al., 69  75 mujeres con sobrepeso y obesidad fueron  asignadas  aleatoriamente  a  grupos  de  actividad  física de alta frecuencia frente a grupos de baja frecuencia. A ambos grupos se les pidió que siguieran el mismo programa dietético de pérdida de peso y que hicieran ejercicio durante 300 minutos a la semana, pero bien durante 50 minutos al día, seis días a la semana (alta frecuencia) o 100 minutos al día, tres días a la semana (baja frecuencia). En comparación con el grupo de alta frecuencia, el grupo de baja frecuencia tuvo una mayor disminución de peso (9,6 kg frente a 7,8 kg) y un mayor aumento de pasos diarios"
"50","El contexto no proporciona una respuesta directa sobre si puedes hacer ejercicio si tienes dolor en las rodillas. Sin embargo, menciona que el dolor puede interferir en la ejecución de actividades y que la educación y un mayor nivel de actividad física son herramientas comunes para el manejo del dolor. Se sugiere que se debe considerar la modificación de la conducta y la prescripción de ejercicio terapéutico, lo que podría implicar que es posible hacer ejercicio, pero con precauciones y bajo supervisión adecuada.","[Fuente: chunk_0]
## RELACIÓN RIESGO-BENEFICIO DE AUMENTAR LA ACTIVIDAD FÍSICA.

Es  importante  tener  en  cuenta  que  la  actividad  física  puede asociarse  a  un  mayor  riesgo  de  lesiones  en  algunos  estudios, pero no en todos. 107,108 En  el  estudio  de  Janney y Jakicic 108 que incluía  datos  de  397  participantes  de  dos  ensayos  distintos,  se prescribió caminar como modo principal de ejercicio durante 150, 200 o 300 minutos/semana. Los participantes fueron hombres y mujeres con un IMC que oscilaba entre 25 y 40 kg/m 2 . Aunque no hubo un mayor riesgo de lesiones en comparación con el control, una  proporción  considerable  de  participantes  (46%)  informó de  alguna  lesión  o  enfermedad.  Solo  el  7%  de  las  lesiones  se asociaron con el ejercicio. Se asoció un IMC más elevado con una mayor probabilidad de sufrir lesiones a lo largo del tiempo, así como de lesionarse antes y durante la intervención. 108

---

[Fuente: chunk_1]
Por  lo  tanto,  el  dolor  agudo  o  crónico  tienen  impactos  negativos en  muchos  aspectos  del  funcionamiento  físico  y,  por  ende,  en el  desempeño  de  las  AVD.  No  sólo  influye  en  el  volumen  del comportamiento  físico,  sino  también  en  la  complejidad  de  los movimientos, 24 puede interferir en la ejecución o participación de las AVD, como, por ejemplo: estudiar o realizar tareas de la casa, calidad del sueño, trabajar fuera de casa, caminar de prisa, estado de ánimo, manejar o utilizar algún transporte, así como en la energía y vitalidad.

La  incapacidad  funcional  ocasionada  por  el  dolor  es  causa  de sufrimiento,  no  sólo  para  los  pacientes,  sino  también,  para sus  familias  y  personas  cercanas,  por  lo  que  la  educación,  la modificación de la conducta y un mayor nivel de actividad física, incluidos ejercicios específicos, son herramientas comunes tanto para la obesidad como para el manejo del dolor. 27

---

[Fuente: chunk_2]
Aptitud física: La aptitud física es importante para las tareas de la vida y la salud cotidiana. En general, la aptitud física es menor en las personas con sobrepeso u obesidad y la pueden mejorar al participar en programas de entrenamiento físico sin centrarse en la pérdida de peso. Los profesionales de la salud deben considerar las  necesidades  y  preferencias  de  la  persona  con  obesidad  a  la hora de asesorar sobre el ejercicio físico. 22

## DOLOR

Existe  una  asociación  significativa  entre  la  grasa  corporal  y  el dolor  musculoesquelético,  particularmente  dolor  generalizado  y en articulaciones como columna lumbar, rodillas y pies, siendo la grasa corporal un mejor indicador de riesgo en comparación con el peso corporal. 23  Además, se ha reportado que el dolor crónico relacionado con la obesidad incluye dolores de cabeza, abdominal, pélvico y neuropático, entre otros. 24

---

[Fuente: chunk_3]
Las estrategias para reducir el riesgo de lesiones podrían incluir la progresión gradual de la intensidad, la duración y la frecuencia del  ejercicio,  ya  que  algunos  ensayos  informaron  de  un  mayor riesgo  de  eventos  adversos  con  el  aumento  del  volumen  y/o  la intensidad. 7 El  ajuste  adecuado  del  calzado  y  del  equipo  (si procede)  también  puede  ayudar  a  reducir  las  lesiones.  Muchos estudios  sobre  el  ejercicio  también  utilizan  la  experiencia  de profesionales  (por  ejemplo,  kinesiólogos  o  especialistas)  para guiar y supervisar las sesiones. 89,110

## ACTIVIDAD FÍSICA Y EJERCICIO EN PACIENTES SOMETIDOS A CIRUGÍA BARIÁTRICA

---

[Fuente: chunk_4]
| Consejería en materia de actividades de la vida diaria                      | • Proporcionar consejería sobre las limitaciones de la movilidad funcional y las barreras para la ejecución y participación en las AVD, creencias en torno a la actividad física y la(s) causa(s) fundamental(es) de la inactividad. • Abordar los temores relacionados con el movimiento y las AVD (por ejemplo, el dolor con el movi- miento o el miedo a caerse). • Prescribir ejercicio terapéutico y actividad física. • Proporcionar educación sobre los beneficios para la salud de la actividad física y el riesgo asociado al comportamiento sedentario.                                                                                                                                                                                                                                                                                    |"
"51","En Chile, existen tres medicamentos aprobados para el tratamiento de la obesidad a largo plazo: orlistat, liraglutida 3,0 mg y la combinación de naltrexona/bupropión. Además, está disponible la fentermina, que está aprobada para uso continuo por un periodo de solo 12 semanas.","[Fuente: chunk_0]
Hay tres medicamentos aprobados actualmente para el tratamiento de la obesidad a largo plazo en Chile: orlistat, liraglutida 3,0 mg y  la  combinación  de  naltrexona/bupropión.  Adicionalmente,  en Chile  se  encuentra  disponible  dietilpropión  y  fentermina,  este último aprobado para el uso continuo por un periodo de solo 12 semanas. Es de nuestro conocimiento que otros medicamentos, disponibles en Chile, pero no aprobados para el tratamiento de la obesidad, se utilizan de manera no autorizada.

Este capítulo abordará cuestiones clínicas relativas a la eficacia de la farmacoterapia en personas con sobrepeso u obesidad. También resumirá las pruebas de la farmacoterapia para la obesidad entre personas  con  comorbilidades  seleccionadas,  como  la  diabetes tipo 2, la prediabetes, la esteatosis hepática, el síndrome de ovario poliquístico, la apnea obstructiva del sueño y la osteoartritis.

## CONSIDERACIONES SOBRE EL USO DE LA FARMACOTERAPIA PARA EL TRATAMIENTO DE LA OBESIDAD

---

[Fuente: chunk_1]
## MENSAJES CLAVE PARA LAS PERSONAS CON OBESIDAD

<!-- image -->

-  Los medicamentos para la obesidad pueden ayudar en el control de la obesidad cuando los cambios de estilo de vida por sí solos no han sido eficaces o sostenibles.
-  Los  medicamentos  para  la  obesidad  forman  parte  de  una estrategia de tratamiento a largo plazo. Los ensayos clínicos para la farmacoterapia de la obesidad han demostrado la recuperación del peso cuando se interrumpe el tratamiento activo. 1,2
-  Hay tres  medicamentos  aprobados  por  la  FDA  para el  tratamiento  de  la  obesidad  a  largo  plazo  en  Chile:

## RECOMENDACIONES ADOPTADAS

<!-- image -->

---

[Fuente: chunk_2]
liraglutida 3,0 mg, la combinación de naltrexona/ bupropión en un comprimido combinado y orlistat. Estos medicamentos pueden ayudar a conseguir y mantener una pérdida de peso del 5% al 10%, y también a mejorar las complicaciones de salud asociadas al exceso de peso. Los tres  fármacos cuentan con registro vigente por el ISP en Chile. Adicionalmente, en Chile se encuentra la fentermina, aprobada para el uso continuo por un periodo de solo 12 semanas.

-  Los  medicamentos  que  no  están  aprobados  para  el tratamiento  de  la  obesidad  pueden  no  ser  seguros  o eficaces y deben evitarse.

implementación  de  medidas  de  cambios  del  estilo  de vida  saludable,  para  lograr  bajar  de  peso  y  alcanzar  una mejoría del control metabólico: liraglutida 3.0 mg (Nivel 1a, Grado A), 8  combinación de naltrexona/bupropion (Nivel 2a, Grado B) 9 u orlistat (Nivel 2a, Grado B). 10

---

[Fuente: chunk_3]
## MENSAJES CLAVE PARA EL PERSONAL DE SALUD

<!-- image -->

-  No recomendamos para el tratamiento de la obesidad el uso de medicamentos que no hayan sido aprobados por el Instituto de Salud Pública de Chile (ISP) para el manejo específico de esta patología.
-  Los medicamentos  aprobados  para  el manejo  de  la obesidad en Chile, en conjunto con el manejo conductual, son cuatro: liraglutida 3.0 mg, naltrexona/bupropión (Contrave®), orlistat y fentermina. Los tres primeros han demostrado ser efectivos en producir baja de peso superior a placebo por al menos un año. En algunos países existe actualmente la posibilidad de usar semaglutida 2.4 mg y la combinación de fentermina con topiramato de liberación prolongada, ambos aprobados por la FDA, ninguno de los cuales se encuentra disponible aún en Chile.
-  La respuesta a los distintos medicamentos para el manejo de la obesidad es heterogénea, variando en cada paciente.

## Cómo citar este documento

---

[Fuente: chunk_4]
## ¿QUÉ TAN EFECTIVAS SON LAS INTERVENCIONES FARMACOLÓGICAS PARA TRATAR LA OBESIDAD EN PACIENTES CON ENFERMEDADES MENTALES?

Actualmente  en  Chile  están  aprobados  para  el  tratamiento  de la  obesidad  la  liraglutida,  un  agonista  del  receptor  del  péptido similar  al  glucagón  1  (AR  de  GLP-1);  la  naltrexona/bupropión; el orlistat, un inhibidor de la absorción intestinal de grasas; y la fentermina, una amina simpaticomimética. Para más información véase el capítulo Farmacoterapia en el tratamiento de la obesidad."
"52","Los medicamentos aprobados para el tratamiento de la obesidad, como la liraglutida 3.0 mg, la combinación de naltrexona/bupropión y orlistat, cuentan con un buen perfil de seguridad y pueden ayudar a conseguir y mantener una pérdida de peso. Sin embargo, los medicamentos que no están aprobados para el tratamiento de la obesidad pueden no ser seguros o eficaces y deben evitarse.","[Fuente: chunk_0]
liraglutida 3,0 mg, la combinación de naltrexona/ bupropión en un comprimido combinado y orlistat. Estos medicamentos pueden ayudar a conseguir y mantener una pérdida de peso del 5% al 10%, y también a mejorar las complicaciones de salud asociadas al exceso de peso. Los tres  fármacos cuentan con registro vigente por el ISP en Chile. Adicionalmente, en Chile se encuentra la fentermina, aprobada para el uso continuo por un periodo de solo 12 semanas.

-  Los  medicamentos  que  no  están  aprobados  para  el tratamiento  de  la  obesidad  pueden  no  ser  seguros  o eficaces y deben evitarse.

implementación  de  medidas  de  cambios  del  estilo  de vida  saludable,  para  lograr  bajar  de  peso  y  alcanzar  una mejoría del control metabólico: liraglutida 3.0 mg (Nivel 1a, Grado A), 8  combinación de naltrexona/bupropion (Nivel 2a, Grado B) 9 u orlistat (Nivel 2a, Grado B). 10

---

[Fuente: chunk_1]
mantenimiento del peso a largo plazo; un buen perfil de seguridad; y costos razonables.

-  Las  personas  con  sobrepeso  u  obesidad  deben  desconfiar de  los  programas  de  adelgazamiento  que:  i)  prometen  la pérdida de peso sin dieta ni ejercicio; ii) prometen la pérdida de peso comiendo todo lo que se quiera; iii) prometen la reducción  de  peso  en  lugares  concretos  del  cuerpo; iv)  prometen una pérdida demasiado rápida (por ejemplo, perder 13 kilos en 30 días); o v) incluyen fotos del antes y el después, y testimonios personales que parecen demasiado buenos para ser verdad.

## MENSAJES CLAVE PARA LAS PERSONAS CON OBESIDAD continuación

-  Existen muchos productos naturales para la pérdida de peso sin receta médica, pero ninguno de ellos ha demostrado proporcionar una pérdida de peso clínicamente significativa en estudios científicos de alta calidad.

## RECOMENDACIONES ADOPTADAS

<!-- image -->

---

[Fuente: chunk_2]
mantenimiento del peso a largo plazo; un buen perfil de seguridad; y costos razonables.

-  Las  personas  con  sobrepeso  u  obesidad  deben  desconfiar de  los  programas  de  adelgazamiento  que:  i)  prometen  la pérdida de peso sin dieta ni ejercicio; ii) prometen la pérdida de peso comiendo todo lo que se quiera; iii) prometen la reducción  de  peso  en  lugares  concretos  del  cuerpo; iv)  prometen una pérdida demasiado rápida (por ejemplo, perder 13 kilos en 30 días); o v) incluyen fotos del antes y el después, y testimonios personales que parecen demasiado buenos para ser verdad.

## MENSAJES CLAVE PARA LAS PERSONAS CON OBESIDAD continuación

-  Existen muchos productos naturales para la pérdida de peso sin receta médica, pero ninguno de ellos ha demostrado proporcionar una pérdida de peso clínicamente significativa en estudios científicos de alta calidad.

## RECOMENDACIONES ADOPTADAS

<!-- image -->

---

[Fuente: chunk_3]
42.   Steidl KE, Darko W, Probst LA, Noviasky JA, Samer N. Rhabdomyolysis associated with phentermine. American Journal of Health-System Pharmacy. 2010;67(22). doi:10.2146/ajhp090395
43.   Wong  VSS,  Singh  H,  Verro  P .  Posterior  reversible  encephalopathy  syndrome in  the  context  of  phentermine  use  resulting  in  intracranial  hemorrhage. Neurologist. 2011;17(2). doi:10.1097/NRL.0b013e31820a9ddc
44.   In  brief:  Phentermine  (Lomaira)  for  weight  loss.  Med  Lett  Drugs  Ther. 2016;58(1509):158.
45.   Arias HR, Santamaría A, Ali SF. Pharmacological and Neurotoxicological Actions Mediated  By  Bupropion  and  Diethylpropion.  Int  Rev  Neurobiol.  2009;88(C). doi:10.1016/S0074-7742(09)88009-4
46.   ISP . Registro Ficha ISP SUPRIM (ANFEPRAMONA CLORHIDRATO). Accessed August 17, 2022. https://registrosanitario.ispch.gob.cl/Ficha. aspx?RegistroISP=F-25111/19

---

[Fuente: chunk_4]
37.   DeBellis  LR,  Wrobel  MJ.  Pharmacotherapeutic  options  for  the  treatment of patients with obesity. Journal of Pharmacy  Technology. 2012;28(5). doi:10.1177/875512251202800508
38.   Garcia Ramirez AV, Filho DR, Zotarelli Filho IJ. Meta-analysis and Approach of the Real Impact of Anorexigenic Drugs in the Obesity in Humans: The Last Five Years of the Randomized Studies. Curr Diabetes Rev. 2019;16(7). doi:10.2174/ 1573399815666191113125247
39.   Moldovan CP, Weldon AJ, Daher NS, et al. Effects of a meal replacement system alone or in combination with phentermine on weight loss and food cravings. Obesity. 2016;24(11). doi:10.1002/oby.21649
40.   K.K. K, H.-J. C, H.-C. K, B.-B. Y, K.-R. L. Effects on weight reduction and safety of short-term phentermine administration in Korean obese people. Yonsei Med J. 2006;47(5).
41.   Rothman  RB,  Hendricks  EJ.  Phentermine  cardiovascular  safety.  American Journal of Emergency Medicine. 2009;27(8). doi:10.1016/j.ajem.2009.07.014"
"53","El orlistat es un derivado semisintético de la lipstatina, aprobado como farmacoterapia para el tratamiento de la obesidad en Chile desde 1998. Es un inhibidor de la lipasa pancreática que impide la degradación de los triglicéridos de la dieta, resultando en la eliminación de aproximadamente el 30% de los triglicéridos ingeridos en las deposiciones. Es el único medicamento disponible para la obesidad que no se dirige específicamente a los mecanismos del apetito o la saciedad.","[Fuente: chunk_0]
## MECANISMO Y EFICACIA DE LA FARMACOTERAPIA APROBADA PARA EL TRATAMIENTO DE LA OBESIDAD

## Orlistat

El  orlistat,  un  derivado  semisintético  de  la  lipstatina,  aprobado como  farmacoterapia  para  el  tratamiento  de  la  obesidad  en Chile con registro vigente por el ISP desde el año 1998 15  (véase la  T abla  1).  Es  un  inhibidor  de  la  lipasa  pancreática  que  inhibe la  degradación  de  los  triglicéridos  de  la  dieta  en  ácidos  grasos libres absorbibles. Como resultado, aproximadamente el 30% de los triglicéridos ingeridos se eliminan en las deposiciones. 16  Hasta la  fecha,  el  orlistat  es  el  único  medicamento  disponible  para  la obesidad que no se dirige específicamente a los mecanismos del apetito o la saciedad.

---

[Fuente: chunk_1]
Orlistat, en una dosis de 120 mg tres veces al día (tomada durante o hasta una hora después de las comidas), está aprobado para la  reducción de peso o la reducción del riesgo de recuperación de este tras una pérdida de peso previa en pacientes con un IMC ≥ 30 kg/m 2  o un IMC ≥ 27 kg/m 2  en presencia de comorbilidades (por ejemplo, hipertensión arterial, diabetes tipo 2, dislipidemia, exceso de grasa visceral). 17

---

[Fuente: chunk_2]
Una revisión sistemática y un metaanálisis de ensayos controlados aleatorios de orlistat 120 mg tres veces al día llegó a la conclusión de una pérdida de peso media restado el efecto placebo de -2,9% al año. 6  Además, el 54% y el 26% de los pacientes lograron una pérdida de peso ≥ 5% y ≥ 10%, respectivamente, en comparación con el 33% y el 14% del placebo. 6  El orlistat ha demostrado ser eficaz  para  mantener la  pérdida  de  peso  después  de  una  dieta de muy bajo valor energético durante ocho semanas, con menos recuperación de peso con el uso de orlistat en comparación con el placebo durante tres años (4,6 kg frente a 7,0 kg). 7

---

[Fuente: chunk_3]
El tratamiento con orlistat puede interferir con la absorción de las vitaminas liposolubles (A, D, E y K), por lo que se debe aconsejar a los pacientes que tomen un multivitamínico al menos dos horas antes o después de tomar orlistat. 6,17 El orlistat está contraindicado en pacientes con síndrome de malabsorción crónica o colestasis. Algunos pacientes pueden desarrollar un aumento de los niveles de oxalato en la orina con el orlistat; se han notificado casos de nefropatía por oxalato con insuficiencia renal. 19   T ambién se han dado  casos  raros  de  lesiones  hepáticas  severas  o  insuficiencia hepática aguda. 20

---

[Fuente: chunk_4]
15.   ISP . Ficha Registro ISP XENICAL. Accessed August 17, 2022. https:// registrosanitario.ispch.gob.cl/Ficha.aspx?RegistroISP=F-850/18
16.   McNeely W, Benfield P , Drent L, Pi-Sunyer FX. Orlistat. Drugs. 1998;56(2):241249. doi:10.2165/00003495-199856020-00007
17.   Roche Canada. [Product Monograph] PrXENICAL® Orlistat. Published November 18, 2015. Accessed August 17, 2022. https://www.rochecanada. com/PMs/Xenical/Xenical\_PM\_E.pdf
18.   Padwal  R,  Kezouh  A,  Levine  M,  Etminan  M.  Long-term  persistence  with orlistat and sibutramine in a population-based cohort. Int J Obes. 2007;31(10). doi:10.1038/sj.ijo.0803631
19.   Weir  MA,  Beyea  MM,  Gomes  T,  et  al.  Orlistat  and  acute  kidney  injury: An  analysis  of  953  Patients.  Arch  Intern  Med.  2011;171(7).  doi:10.1001/ archinternmed.2011.103
20.   Wilson NS, Shah N, Manitpisitkul W, et al. Liver failure requiring transplantation after  orlistat  use.  Pharmacotherapy.  2011;31(11). doi:10.1592/phco.31.11.1145"
"54","El semaglutida es un análogo de GLP-1 aprobado para el tratamiento de la obesidad, que se administra en dosis de 2,4 mg mediante inyección subcutánea. Se inicia con 0,25 mg una vez por semana, aumentando gradualmente cada 4 semanas. En estudios clínicos, los pacientes que recibieron semaglutida perdieron en promedio un 14.9% de su peso inicial.","[Fuente: chunk_0]
La  seguridad  y  eficacia  de  semaglutida  2,4  mg  se  evaluó  en  4 estudios clínicos de 68 semanas, con más de 2600 pacientes con semaglutida y más de 1500 con placebo. El estudio más grande enroló a sujetos sin diabetes, con edad promedio de 46 años y 74% de sexo femenino. Los sujetos con semaglutida perdieron en promedio un 14.9 % de su peso inicial en comparación a 2.4% en  aquellos  con  placebo.  Sin  embargo,  está  contraindicado  en aquellos  pacientes  con  antecedentes  personales  o  familiares  de carcinoma medular de tiroides o en pacientes con síndrome de neoplasia  endocrina  múltiple  tipo  2.  Los  efectos  adversos  más frecuentes  (&gt;5%)  son  náusea,  diarrea,  vómitos,  constipación, dolor  abdominal,  cefalea,  fatiga,  dispepsia,  mareos,  distensión abdominal,  eructos,  hipoglicemia  en  pacientes  con  diabetes tipo 2, flatulencia, gatroenteritis y reflujo gastroesofágico.

---

[Fuente: chunk_1]
Una  revisión  reciente  resume  los  medicamentos  que  causan aumento de peso, así como las opciones alternativas. 73

## TRATAMIENTOS EMERGENTES Y TENDENCIAS FUTURAS

Hay medicamentos aprobados para el tratamiento de la obesidad en otros países que actualmente no están disponibles en Chile. También  hay  varios  agentes  en  desarrollo  que  pueden  resultar beneficiosos para el tratamiento de la obesidad.

## FARMACOTERAPIA EMERGENTE CONTRA LA OBESIDAD

El año 2021 fue aprobado en algunos países el uso del análogo GLP-1 semaglutida, en dosis de 2,4 mg para el tratamiento de la obesidad. El medicamento debe ser inyectado por vía subcutánea en el abdomen, muslo o brazo y aumentado en forma gradual cada 4 semanas. Se inicia con 0,25 mg una vez por semana por 4 semanas, aumentando la dosis en intervalos de 4 semanas a 0,5 mg, 1 mg, 1,7 mg y 2,4 mg, para reducir los efectos adversos gastrointestinales.

---

[Fuente: chunk_2]
21.   Secher  A,  Jelsing  J,  Baquero  AF,  et  al.  The  arcuate  nucleus  mediates  GLP1  receptor  agonist  liraglutide-dependent  weight  loss.  Journal  of  Clinical Investigation. 2014;124(10). doi:10.1172/JCI75276
22.   Jelsing  J,  Vrang  N,  Hansen  G,  Raun  K,  Tang-Christensen  M,  Bjerre  Knudsen L.  Liraglutide:  Short-lived  effect  on  gastric  emptying-long  lasting  effects on  body  weight.  Diabetes  Obes  Metab.  2012;14(6).  doi:10.1111/j.14631326.2012.01557.x
23.   ISP . Ficha  Resgistro  ISP  SAXENDA.  Accessed  August  17,  2022.  https:// registrosanitario.ispch.gob.cl/Ficha.aspx?RegistroISP=B-2626/21
24.   Kelly AS, Auerbach P , Barrientos-Perez M, et al. OR33-01 Liraglutide for Weight Management in Pubertal Adolescents with Obesity: A Randomized Controlled Trial. J Endocr Soc. 2020;4(Suppl 1). doi:10.1210/JENDSO/BVAA046.413

---

[Fuente: chunk_3]
Los estudios del programa LEADER (Liraglutide Effect and Action in  Diabetes)  que  investigaron  la  efectividad  y  seguridad  de liraglutide, demostraron que en monoterapia reduce  (en forma dosis  dependiente)  significativamente  más  que  SU  la  HbA1c (-0,84%  con  1,2mg  y  -1,14%  con  1,8mg  vs  -0,51%  con  SU), con menor riesgo de hipoglicemia (8% vs. 24%) y con efectos favorables  sobre  el  peso  (-2,1  y  2,5Kg.  vs  aumento  de  1,1Kg con SU). En terapia combinada con SU reduce la HbA1c 1,1% vs  placebo  +0,2%,  sin  diferencias  en  el  peso.  Estos  estudios han demostrado que los efectos en la disminución del peso son mantenidos  en  el  tiempo. 74 En  el  caso  de  los  inhibidores  del transportador de sodio-glucosa 2 (i-SGLT2), la pérdida de calorías secundaria a la glucosuria determina que todos los fármacos de esta familia produzcan baja de peso en forma independiente si son usados como monoterapia o asociados

---

[Fuente: chunk_4]
44.   Gorgojo-Martínez  JJ,  Feo-Ortega  G,  Serrano-Moreno  C.  Effectiveness  and tolerability of liraglutide in patients with type 2 diabetes mellitus and obesity after bariatric surgery. Surgery for Obesity and Related Diseases. 2016;12(10). doi:10.1016/j.soard.2016.02.013
45.   Pajecki  D,  Halpern  A,  Cercato  C,  Mancini  M,  de  Cleva  R,  Santo  MA.  Shortterm use of liraglutide in the management of patients with weight regain after bariatric  surgery.  Rev  Col  Bras  Cir.  2013;40(3):191-195.  doi:10.1590/S010069912013000300005
46.   Wilding JPH, Batterham RL, Calanna S, et al. Once-Weekly Semaglutide in Adults with Overweight or Obesity. New England Journal of Medicine. 2021;384(11). doi:10.1056/nejmoa2032183
47.   Nor  Hanipah  Z,  Nasr  EC,  Bucak  E,  et  al.  Efficacy  of  adjuvant  weight  loss medication after bariatric  surgery.  Surgery  for  Obesity  and  Related  Diseases. 2018;14(1). doi:10.1016/j.soard.2017.10.002"
"55","Se recomienda cirugía bariátrica en los siguientes casos:

1. Pacientes mayores de 18 años con un índice de masa corporal (IMC) de 35 kg/m² que presentan al menos una complicación importante relacionada con la obesidad, como diabetes tipo 2, hipertensión, entre otras.
2. Pacientes con un IMC de 40 kg/m², independientemente de la presencia de complicaciones.
3. Pacientes con un IMC entre 30 y 35 kg/m² que tienen enfermedades relacionadas con la obesidad y no han respondido adecuadamente al tratamiento médico y conductual.
4. Pacientes con un IMC entre 30 y 34,9 kg/m² que han sido refractarios a intentos no quirúrgicos de pérdida de peso y presentan complicaciones relacionadas con la obesidad, especialmente diabetes tipo 2. 

Además, se sugiere que la elección del procedimiento se realice en colaboración con un equipo multidisciplinario.","[Fuente: chunk_0]
La  cirugía  bariátrica  está  indicada  en  pacientes  mayores  de  18 años  con  un  índice  de  masa  corporal  (IMC)  de  35  kg/m²  que presentan al menos una complicación importante relacionada con la obesidad, como diabetes de tipo 2, hipertensión, hiperlipidemia, pseudotumor cerebri, síndrome de hipoventilación por obesidad o  síndrome  de  Pickwickian,  artritis  debilitante,  enfermedad  del hígado  graso  no  alcohólico  o  esteatohepatitis  no  alcohólica, enfermedad arterial coronaria, reflujo grave o apnea obstructiva del sueño. 1 La cirugía bariátrica también está indicada en pacientes con un IMC de 40 kg/m², independientemente de la presencia de complicaciones relacionadas con la obesidad. 6

---

[Fuente: chunk_1]
-  La  cirugía  bariátrica  debe  considerarse  para  pacientes con obesidad severa (índice de masa corporal (IMC) ≥35 kg/m 2 ) y enfermedades asociadas, producidas o exacerbadas por la obesidad, o en pacientes con IMC ≥40 kg/m 2  sin necesidad que existan otras enfermedades.
-  La cirugía bariátrica podría considerarse en pacientes con obesidad (IMC ≥30 kg/m 2 ) con enfermedades relacionadas con  la  obesidad  que  no  responden  adecuadamente  al tratamiento médico.
-  La  elección  de  la  cirugía  bariátrica  debe  adaptarse  a  las necesidades  de  los  pacientes,  en  colaboración  con  un equipo  multidisciplinario  y  en  base  a  la  discusión  de  los riesgos, beneficios y efectos secundarios.
-  Actualmente  en  Chile  se  realizan  varios  procedimientos, siendo los más frecuentes la gastrectomía en manga y el bypass gástrico. Durante los últimos años se han realizado de forma cada vez más frecuente cirugías como SADI-S, Santoro, y Manga con Bypass yeyunal, entre otros.

---

[Fuente: chunk_2]
3. La  cirugía  bariátrica  puede  considerarse  para  la  pérdida de peso y/o para controlar las enfermedades relacionadas con la obesidad en personas con IMC 30-35 kg/m 2 , en las que el  tratamiento  médico  y  conductual  óptimo  ha  sido insuficiente para producir una pérdida de peso significativa y  mejoría  significativa  en  sus  enfermedades  asociadas (Nivel 2a, Grado B). 11
4. Sugerimos que la elección del procedimiento bariátrico se decida según la necesidad del paciente, en colaboración con un equipo interdisciplinario profesional (Nivel 4, Grado D, Consenso).
5. Sugerimos que no se ofrezca la banda gástrica ajustable debido  a  la  elevada  tasa  de  complicaciones  y  malos resultados a largo plazo (Nivel 4, Grado D). 12
2. En personas adultas que viven con un índice de masa corporal (IMC) de 27 a 35, recomendamos el tratamiento de balón intragástrico como alternativa en el manejo de la obesidad (Ver aquí los juicios del panel y resumen de la evidencia).

---

[Fuente: chunk_3]
La  cirugía  bariátrica  también  puede  proporcionar  un  beneficio terapéutico en pacientes con un IMC entre 30 y 34,9 kg/m² que han sido refractarios a los intentos no quirúrgicos de pérdida de peso con complicaciones relacionadas con la obesidad, especialmente la  diabetes  tipo  2.  Las  indicaciones  de  la  cirugía  en  estos pacientes pueden basarse en gran medida en las complicaciones relacionadas con la obesidad que estén presentes y en sopesar la respuesta duradera a la cirugía bariátrica en comparación con las intervenciones médicas existentes. 7,8

---

[Fuente: chunk_4]
En base a estas guías, los potenciales pacientes deben tener entre 18 y 60 años y estar dispuestos a participar en su tratamiento y seguimiento a largo plazo. Los pacientes con un IMC entre 35 y 40 kg/m² con al menos una enfermedad importante relacionada con la obesidad (por ejemplo, diabetes tipo 2, enfermedad cardíaca, apnea del sueño), o los pacientes con un IMC ≥ 40 kg/m² con o  sin  enfermedades  asociadas,  tienen  indicaciones  potenciales para tener una cirugía bariátrica. Hoy en día, la cirugía bariátrica puede ofrecerse  a  pacientes  con  obesidad  (IMC  ≥  30  kg/m²)  y enfermedad(es) significativa(s) asociada(s) a la obesidad, cuando las  intervenciones  psicológicas,  conductuales  y  el  tratamiento médico son insuficientes para lograr una pérdida de peso óptima y el control de adecuado de estas. 11"
"56","La cirugía bariátrica conlleva riesgos de complicaciones y mortalidad, pero estos son bajos cuando se realiza por cirujanos entrenados en centros acreditados de alto volumen. Además, los beneficios de la cirugía, como la pérdida de peso y la reducción de comorbilidades, son significativos.","[Fuente: chunk_0]
## Riesgos

En la actualidad, los beneficios de la cirugía bariátrica en términos de  la  magnitud  y  durabilidad  de  la  pérdida  de  peso  inducida, control  y/o  remisión  de  las  comorbilidades  asociadas,  aumento en  la  expectativa  de  vida,  así  como  también  recientemente  su efecto protector de cursar con cuadros graves de COVID-19 son indiscutibles. 28,29  Como cualquier intervención quirúrgica, existen riesgos  de  complicaciones  y  de  mortalidad  asociados  a  estas intervenciones.  Afortunadamente,  el  riesgo  de  complicaciones graves y de mortalidad son bajos cuando estos son realizados por cirujanos entrenados y en centros acreditados de alto volumen.

---

[Fuente: chunk_1]
## MENSAJES CLAVES PARA LAS PERSONAS CON OBESIDAD

<!-- image -->

-  La cirugía bariátrica es el comienzo de un camino de vida. Debe informarse sobre los cambios necesarios para optimizar sus resultados a largo plazo para una vida más saludable.
-  Antes de la operación se le pedirán varias investigaciones, como análisis de sangre y pruebas cardíacas o pulmonares, para asegurarse de que está preparado para la cirugía y que es seguro.
-  Si  está  en  alto  riesgo  de  padecer  apnea  obstructiva  del sueño, es posible que se le pida que se someta a un estudio del  sueño para determinar si tiene una apnea del sueño significativa.
-  Un historial actual o reciente de tabaquismo o consumo de nicotina  le  pone  en  riesgo  de  sufrir  complicaciones  tras  la

## RECOMENDACIONES ADOPTADAS

<!-- image -->

---

[Fuente: chunk_2]
Todos los pacientes interesados en realizarse una cirugía bariátrica  deben  ser  evaluados  cuidadosamente  por  un  equipo multidisciplinario entrenado y con experiencia en cirugía bariátrica. Los miembros del equipo deben informar a los pacientes sobre los riesgos, los beneficios y las alternativas a la cirugía bariátrica, incluido  el  uso  de  medicamentos  para  el  tratamiento  de  la obesidad.  Los  pacientes  también  deben  comprender  que  luego de una cirugía bariátrica deben mantener controles médicos de por vida para prevenir y corregir posibles deficiencias nutricionales a  largo  plazo.  Las  contraindicaciones  para  la  cirugía  bariátrica incluyen el abuso reciente de sustancias (alcohol, drogas), condiciones  psiquiátricas  no  estables  (es  decir,  cambios  en  la medicación psiquiátrica en los últimos seis meses), un diagnóstico de cáncer o una expectativa de vida inferior a cinco años.

---

[Fuente: chunk_3]
## CONCLUSIÓN

La  cirugía  bariátrica  es  una  intervención  de  tratamiento  de  la obesidad eficaz y que cambia la vida. Hay que tener en cuenta varias  consideraciones  para  preparar  a  un  posible  candidato  a la  cirugía.  La  salud  médica,  mental,  nutricional  y  funcional  del paciente  debe  evaluarse  antes  de  la  cirugía.  Una  vez  que  se han llevado a cabo una evaluación, preparación y optimización adecuadas,  estableciendo  un  perfil de  riesgo perioperatorio aceptable, el paciente puede proceder a la cirugía bariátrica.

<!-- image -->

<!-- image -->

## Referencias

---

[Fuente: chunk_4]
Un estudio observacional ha demostrado que la cirugía bariátrica disminuye  significativamente  la  mortalidad  general,  así  como el  riesgo  de  padecer  enfermedades  crónicas  en  pacientes  con obesidad grave. El estudio consistió en dos cohortes con las que se  comparó  la  morbilidad  y  la  mortalidad  de  1035  pacientes con  obesidad  grave,  tratados  con  cirugía  bariátrica;  con  5746 pacientes de control con obesidad grave. Quienes se sometieron a una cirugía bariátrica disminuyeron significativamente el riesgo de desarrollar enfermedades cardiovasculares, cáncer, enfermedades endocrinológicas (incluida la diabetes tipo 2), así como trastornos infecciosos,  psiquiátricos  y  mentales  en  comparación  con  el grupo de control. 61  La tasa de mortalidad en la cohorte de cirugía bariátrica  fue  del  0,68%  en  comparación  con  el  6,17%  en  los controles, lo que se traduce en una reducción del riesgo relativo de  muerte  del  89%"
"57","La pérdida de peso total después de la cirugía bariátrica varía según el tipo de procedimiento. Después de 10 años, la pérdida de peso fue del 25% tras el bypass gástrico, del 16% tras la gastroplastía vertical con banda y del 14% tras la banda gástrica ajustable.","[Fuente: chunk_0]
## ¿Cuál es el impacto en el peso?

Muchos estudios han confirmado que la pérdida de peso inducida por la cirugía bariátrica es superior a largo plazo a la obtenida con tratamientos  no  quirúrgicos.  Como  regla  general,  sabemos  que a  medida  que  aumenta  el  grado  de  bypass  intestinal,  aumenta la  pérdida  de  peso  y  mejora  el  control  de  las  enfermedades asociadas. De esta manera, el efecto de la banda gástrica ajustable &lt; gastrectomía en manga &lt; bypass gástrico en Y de Roux &lt; switch duodenal. Sin embargo, no existe una comparación directa de estas cuatro  cirugías  en  un  único  ensayo  prospectivo  randomizado.  La tabla 1 resume la pérdida media de peso tras la cirugía.

Uno de los mayores ensayos prospectivos sobre cirugía bariátrica fue realizado en Suecia (Swedish Obesity study, SOS) 1,36  y contó

---

[Fuente: chunk_1]
. Esta cirugía favorece la pérdida de peso al reducir el volumen de las comidas ingeridas y aumentar la saciedad. En la actualidad, se ha convertido en el abordaje quirúrgico más frecuentemente realizado, representando el  45,9%  y  el  58,3%  de  todas  las  cirugías  en  el  mundo  y  en Norteamérica, respectivamente. 22   En  nuestro  país  también  es  la cirugía más comúnmente realizada, desplazando al bypass gástrico a un segundo lugar. Es probable que estas cifras se mantengan, dada la reciente confirmación de su eficacia a cinco años con los resultados publicados de dos estudios prospectivos randomizados aleatorizados. 23,24  Este procedimiento, en pacientes seleccionados que hayan experimentado una recuperación significativa de peso, permite la conversión a otra cirugía.

---

[Fuente: chunk_2]
## PREDICTORES DE LA PÉRDIDA DE PESO EXITOSA POSTOPERATORIA

## Cambios de comportamiento

Se  ha  demostrado  que  el  ejercicio  junto  con  los  programas de  control  de  la  obesidad,  mejoran  la  pérdida  de  peso  y  la composición  corporal.  Treinta  minutos  al  día  (o  150  minutos  a la  semana)  de  ejercicio  de  intensidad  moderada  después  de  la cirugía bariátrica se asocian con una pérdida de peso adicional de 3,6 kg en comparación con los individuos que no hacen ejercicio después de la cirugía bariátrica. 17

---

[Fuente: chunk_3]
## Recuperación de peso

El  peso  nadir  se  produce  entre  uno  y  dos  años  después  de  la cirugía bariátrica. La pérdida de peso se detiene en parte debido a los cambios adaptativos en el intestino, el cambio de hábitos del paciente y la adaptación metabólica. 35   Después de esto, es normal  esperar  una  cierta  recuperación  de  peso.  Sin  embargo, no  existe  un  número  absoluto  consistente  en  la  literatura  que defina la recuperación de peso patológica después de la cirugía bariátrica. Los estudios que se han llevado a cabo en la población sometida  a  cirugía  bariátrica  muestran  que  la  recuperación  de peso  significativa  (≥  15%  de  aumento  de  la  pérdida  de  peso inicial después de la cirugía bariátrica) se produce en el 25-35% de las personas que se someten a la cirugía entre dos y cinco años después de la fecha de la cirugía inicial. 36

---

[Fuente: chunk_4]
con la participación de 4047 pacientes con obesidad que se sometieron a cirugía bariátrica (n = 2010) o a tratamiento convencional (n = 2037) en un grupo de control pareado. El cambio de peso medio en los  pacientes  del  grupo  control  fue  inferior  al  2%  durante  el periodo  de seguimiento de hasta 15 años. Después de 10 años, la  pérdida de peso total fue del 25% después el bypass gástrico, del 16% tras la gastroplastía vertical con banda y del 14% tras la banda gástrica ajustable. En un trabajo liderado por Colquitt et al. 3 realizaron un metaanálisis de estudios que comparaban la cirugía con las intervenciones no quirúrgicas. Se identificaron un total de 22 ensayos controlados aleatorios, que representaban un total de 1496  pacientes  asignados  a  intervenciones  quirúrgicas  y  302  a intervenciones no quirúrgicas"
"58","Sí, la obesidad puede volver después de la cirugía bariátrica. Es normal esperar cierta recuperación de peso, y estudios indican que entre el 25-35% de las personas que se someten a esta cirugía experimentan una recuperación de peso significativa (≥ 15% de aumento de la pérdida de peso inicial) entre dos y cinco años después de la cirugía. Además, los factores que influyen en la recuperación de peso son multifactoriales, incluyendo hábitos de alimentación no saludables y problemas de salud mental.","[Fuente: chunk_0]
## Recuperación de peso

El  peso  nadir  se  produce  entre  uno  y  dos  años  después  de  la cirugía bariátrica. La pérdida de peso se detiene en parte debido a los cambios adaptativos en el intestino, el cambio de hábitos del paciente y la adaptación metabólica. 35   Después de esto, es normal  esperar  una  cierta  recuperación  de  peso.  Sin  embargo, no  existe  un  número  absoluto  consistente  en  la  literatura  que defina la recuperación de peso patológica después de la cirugía bariátrica. Los estudios que se han llevado a cabo en la población sometida  a  cirugía  bariátrica  muestran  que  la  recuperación  de peso  significativa  (≥  15%  de  aumento  de  la  pérdida  de  peso inicial después de la cirugía bariátrica) se produce en el 25-35% de las personas que se someten a la cirugía entre dos y cinco años después de la fecha de la cirugía inicial. 36

---

[Fuente: chunk_1]
Antes de la cirugía bariátrica, es importante detectar y tratar los trastornos de alimentación asociados a la obesidad, compensar las patologías psiquiátricas y explicar la evolución que tendrá la baja de peso para generar expectativas realistas y reducir la ansiedad cuando el peso se estabilice y posteriormente cuando sea difícil mantener el peso perdido. Los pacientes que experimentan una recuperación de peso pueden percibir que la cirugía ha fracasado, o pueden entrar en un ciclo de impotencia culpándose a sí mismos y sintiéndose avergonzados. Es importante que los médicos mitiguen estos sentimientos explicando que es normal que se recupere algo de peso después de la cirugía bariátrica, y que luego se proceda de forma gradual para abordar el problema. Se sugieren los siguientes pasos para abordar la recuperación de peso:

---

[Fuente: chunk_2]
La cirugía bariátrica es beneficiosa para mejorar la  apnea obstructiva del sueño. 74     Sin embargo, a pesar de la importante pérdida  de  peso  en  el  postoperatorio,  los  pacientes  sometidos a  cirugía  bariátrica  pueden  presentar  una  persistencia  de  la apnea obstructiva del sueño de moderada a intensa al año del postoperatorio. 75 La relación a largo plazo entre la pérdida de peso y la apnea del sueño es compleja. Debe haber una hipervigilancia para evitar su reaparición, ya que esto podría ocurrir en ausencia de recuperación de peso. 76,77

---

[Fuente: chunk_3]
Los factores subyacentes que influyen en la recuperación de peso tras  la  cirugía  bariátrica  son  multifactoriales,  e  incluyen  hábitos de  alimentación  no  saludables,  inactividad  física, 32   problemas de salud mental como depresión y ansiedad, abuso de alcohol o drogas, 38 trastornos de alimentación, 39-41  alteraciones endocrinas y  metabólicas  y  falla  en  la  técnica  quirúrgica.  Por  lo  anterior, el  estudio  de  los  factores  causales,  y  el  posterior  manejo  de  la recuperación  del  peso  debe  ser  multidisciplinario

---

[Fuente: chunk_4]
40.   Brode  CS,  Mitchell  JE.  Problematic  Eating  Behaviors  and  Eating  Disorders Associated with Bariatric Surgery. Psychiatric Clinics of North America. 2019;42(2). doi:10.1016/j.psc.2019.01.014
41.   Pizato  N,  Botelho  PB,  Gonçalves  VSS,  Dutra  ES,  de  Carvalho  KMB.  Effect  of grazing behavior on weight regain post-bariatric surgery: A systematic review. Nutrients. 2017;9(12). doi:10.3390/nu9121322
42.   Cambi MPC, Baretta GAP, Magro DDO, et al. Multidisciplinary Approach for Weight Regain-how to Manage this Challenging Condition: an Expert Review. Obes Surg. 2021;31(3). doi:10.1007/s11695-020-05164-1
43.   Alvarez V, Carrasco F, Cuevas A, et al. Mechanisms of long-term weight regain in patients undergoing sleeve gastrectomy. Nutrition. 2016;32(3). doi:10.1016/j. nut.2015.08.023"
"59","Los medicamentos para la obesidad pueden ayudar en el control de la obesidad, pero forman parte de una estrategia de tratamiento a largo plazo y se recomienda la implementación de cambios en el estilo de vida saludable para lograr una mejoría en el control metabólico. Por lo tanto, no se indica que los medicamentos funcionen de manera efectiva sin dieta.","[Fuente: chunk_0]
## MENSAJES CLAVE PARA LAS PERSONAS CON OBESIDAD

<!-- image -->

-  Los medicamentos para la obesidad pueden ayudar en el control de la obesidad cuando los cambios de estilo de vida por sí solos no han sido eficaces o sostenibles.
-  Los  medicamentos  para  la  obesidad  forman  parte  de  una estrategia de tratamiento a largo plazo. Los ensayos clínicos para la farmacoterapia de la obesidad han demostrado la recuperación del peso cuando se interrumpe el tratamiento activo. 1,2
-  Hay tres  medicamentos  aprobados  por  la  FDA  para el  tratamiento  de  la  obesidad  a  largo  plazo  en  Chile:

## RECOMENDACIONES ADOPTADAS

<!-- image -->

---

[Fuente: chunk_1]
## Medicamentos

Tras  la  cirugía  bariátrica  y  la  consiguiente  pérdida  de  peso, muchos  estudios  demuestran  una  reducción  de  la  medicación para la diabetes, la dislipidemia y los agentes cardiovasculares y antihipertensivos. Hay un número limitado de publicaciones que se  centran  en  la  farmacodinámica  de  los  medicamentos  en  el postoperatorio (Tabla 4). En última instancia, sigue habiendo una gran variación interindividual y la dosis de un medicamento debe ajustarse individualmente según los efectos terapéuticos.

---

[Fuente: chunk_2]
-  En personas que viven con sobrepeso u obesidad asociado a un trastorno por atracón, los siguientes medicamentos son eficaces para reducir la patología alimentaria y el peso: lisdexanfetamina  y  topiramato.  También  se  han  utilizado antidepresivos  de  segunda  generación:  ISRS,  duloxetina y  bupropión.  Estos  últimos  medicamentos  son  eficaces para tratar la patología alimentaria, pero su efecto sobre la  pérdida  de  peso  es  menos  claro.  Sin  embargo,  en Chile  ninguno de los fármacos mencionados cuenta con aprobación  por  parte  del  ISP  para  esta  indicación,  por tanto, sería un uso fuera de la indicación aprobada.
-  Los pacientes con trastornos mentales comórbidos deben recibir  apoyo  con  terapia  conductual  para  controlar  el peso,  preferiblemente  como  parte  de  una  intervención multimodal.

---

[Fuente: chunk_3]
liraglutida 3,0 mg, la combinación de naltrexona/ bupropión en un comprimido combinado y orlistat. Estos medicamentos pueden ayudar a conseguir y mantener una pérdida de peso del 5% al 10%, y también a mejorar las complicaciones de salud asociadas al exceso de peso. Los tres  fármacos cuentan con registro vigente por el ISP en Chile. Adicionalmente, en Chile se encuentra la fentermina, aprobada para el uso continuo por un periodo de solo 12 semanas.

-  Los  medicamentos  que  no  están  aprobados  para  el tratamiento  de  la  obesidad  pueden  no  ser  seguros  o eficaces y deben evitarse.

implementación  de  medidas  de  cambios  del  estilo  de vida  saludable,  para  lograr  bajar  de  peso  y  alcanzar  una mejoría del control metabólico: liraglutida 3.0 mg (Nivel 1a, Grado A), 8  combinación de naltrexona/bupropion (Nivel 2a, Grado B) 9 u orlistat (Nivel 2a, Grado B). 10

---

[Fuente: chunk_4]
Varias intervenciones que utilizan patrones dietéticos específicos han  mostrado  ventajas  para  la  pérdida  y  el  mantenimiento  del peso  con  mejoras  en  los  factores  de  riesgo  cardiometabólico  y reducciones asociadas en las complicaciones relacionadas con la obesidad (Tabla 1). El patrón dietético mediterráneo es un patrón dietético  basado  en  las  plantas  que  hace  hincapié  en  un  alto consumo de aceite  de  oliva  extra  virgen,  frutos  secos,  frutas  y verduras, cereales integrales y legumbres; un consumo moderado de vino, pescado y lácteos; y un bajo consumo de carnes rojas. Este patrón dietético ha demostrado una pérdida de peso y mejoras en el control glicémico y de los lípidos sanguíneos en comparación con otros patrones dietéticos en personas con diabetes tipo 2. 8 Estas  mejoras  se  han  reflejado  en  beneficios  en  importantes resultados clínicos"
"60","El contexto no proporciona información específica sobre si se necesita receta para medicamentos para bajar de peso.","[Fuente: chunk_0]
liraglutida 3,0 mg, la combinación de naltrexona/ bupropión en un comprimido combinado y orlistat. Estos medicamentos pueden ayudar a conseguir y mantener una pérdida de peso del 5% al 10%, y también a mejorar las complicaciones de salud asociadas al exceso de peso. Los tres  fármacos cuentan con registro vigente por el ISP en Chile. Adicionalmente, en Chile se encuentra la fentermina, aprobada para el uso continuo por un periodo de solo 12 semanas.

-  Los  medicamentos  que  no  están  aprobados  para  el tratamiento  de  la  obesidad  pueden  no  ser  seguros  o eficaces y deben evitarse.

implementación  de  medidas  de  cambios  del  estilo  de vida  saludable,  para  lograr  bajar  de  peso  y  alcanzar  una mejoría del control metabólico: liraglutida 3.0 mg (Nivel 1a, Grado A), 8  combinación de naltrexona/bupropion (Nivel 2a, Grado B) 9 u orlistat (Nivel 2a, Grado B). 10

---

[Fuente: chunk_1]
## RECOMENDACIONES ADOPTADAS

<!-- image -->

- 1.Los medicamentos para la obesidad están indicados en  pacientes  con  IMC  ≥  30  kg/m 2   o  ≥  27  kg/m 2 con complicaciones  relacionadas al exceso  de  peso, y se prescriben en conjunto con una adecuada terapia médica nutricional, actividad física y apoyo psicológico/conductual. Puede usarse liraglutida 3.0 mg [Nivel  2a, Grado B], 1,3,4 la combinación de naltrexona/bupropion [Nivel 2a, Grado B], 5 u orlistat [Nivel 2a, Grado B]). 6
2. Los fármacos pueden ser útiles para la mantención de la pérdida de peso obtenida por medio de cambios del estilo de vida, y para prevenir la recuperación del peso (liraglutida 3.0 mg u orlistat) (Nivel 2a, Grado B). 7
3. Para  las  personas  con  diabetes  tipo  2  e  IMC  ≥  27  kg/m 2 , los  fármacos  pueden  ser  utilizados  en  conjunto  con  la

## RECOMENDACIÓN ADAPTADA

---

[Fuente: chunk_2]
Orlistat, en una dosis de 120 mg tres veces al día (tomada durante o hasta una hora después de las comidas), está aprobado para la  reducción de peso o la reducción del riesgo de recuperación de este tras una pérdida de peso previa en pacientes con un IMC ≥ 30 kg/m 2  o un IMC ≥ 27 kg/m 2  en presencia de comorbilidades (por ejemplo, hipertensión arterial, diabetes tipo 2, dislipidemia, exceso de grasa visceral). 17

---

[Fuente: chunk_3]
## MENSAJES CLAVE PARA LAS PERSONAS CON OBESIDAD

<!-- image -->

-  Los medicamentos para la obesidad pueden ayudar en el control de la obesidad cuando los cambios de estilo de vida por sí solos no han sido eficaces o sostenibles.
-  Los  medicamentos  para  la  obesidad  forman  parte  de  una estrategia de tratamiento a largo plazo. Los ensayos clínicos para la farmacoterapia de la obesidad han demostrado la recuperación del peso cuando se interrumpe el tratamiento activo. 1,2
-  Hay tres  medicamentos  aprobados  por  la  FDA  para el  tratamiento  de  la  obesidad  a  largo  plazo  en  Chile:

## RECOMENDACIONES ADOPTADAS

<!-- image -->

---

[Fuente: chunk_4]
## MENSAJES CLAVE PARA EL PERSONAL DE SALUD

<!-- image -->

-  No recomendamos para el tratamiento de la obesidad el uso de medicamentos que no hayan sido aprobados por el Instituto de Salud Pública de Chile (ISP) para el manejo específico de esta patología.
-  Los medicamentos  aprobados  para  el manejo  de  la obesidad en Chile, en conjunto con el manejo conductual, son cuatro: liraglutida 3.0 mg, naltrexona/bupropión (Contrave®), orlistat y fentermina. Los tres primeros han demostrado ser efectivos en producir baja de peso superior a placebo por al menos un año. En algunos países existe actualmente la posibilidad de usar semaglutida 2.4 mg y la combinación de fentermina con topiramato de liberación prolongada, ambos aprobados por la FDA, ninguno de los cuales se encuentra disponible aún en Chile.
-  La respuesta a los distintos medicamentos para el manejo de la obesidad es heterogénea, variando en cada paciente.

## Cómo citar este documento"
"61","Los efectos adversos más comunes de los fármacos para la obesidad son: boca seca, insomnio y estimulación del sistema nervioso central. En el caso del orlistat, se asocia a efectos gastrointestinales adversos significativos, como manchado aceitoso de las heces, flatos con secreción, urgencia fecal y aumento de la defecación.","[Fuente: chunk_0]
Los  efectos  adversos  más  comunes  son:  boca  seca,  insomnio  y estimulación del sistema nervioso central. 45 La principal precaución y advertencia se relaciona con abuso y dependencia. 48

## Otros tratamientos:

La combinación  de  fentermina  y  topiramato  (de  liberación controlada) está aprobada para la obesidad en algunos países. El mecanismo por el cual el topiramato induce la pérdida de peso no está claro y puede implicar múltiples vías. Al año, se observó una pérdida de peso del -6,6% restado el efecto placebo con la dosis más baja de 7,5 mg/46 mg, y del -8,6% con la dosis más alta de 15 mg/92 mg. 49  El topiramato de liberación prolongada no se encuentra disponible en Chile ni tampoco la combinación de este fármaco con fentermina.

## EFICACIA DE LA FARMACOTERAPIA EN LOS PARÁMETROS DE SALUD

## Prevención de la diabetes tipo 2

---

[Fuente: chunk_1]
El  tratamiento con orlistat se asocia a efectos gastrointestinales adversos  significativos,  entre  los  que  se  incluyen  el  manchado aceitoso y las heces, flatos con secreción, la urgencia fecal y el aumento de la defecación. 6  Estos efectos adversos pueden hacer que  los  pacientes  que  no  reduzcan  la  ingesta  de  grasas  en  la dieta interrumpan el tratamiento. Un análisis a largo plazo de los medicamentos  para  la  obesidad  en  Canadá  demostró  tasas  de persistencia a los seis meses, al año y a los dos años del 18%, 6% y 2% con orlistat, respectivamente. 18

---

[Fuente: chunk_2]
## USO DE MEDICAMENTOS

El uso de varias clases de medicamentos, como los antipsicóticos, los  antidepresivos,  los  antihiperglicémicos  y  los  corticoesteroides,  se asocia con incremento de peso. 33,34  La magnitud de este aumento de  peso  es  variable,  pero  algunos  pueden  contribuir  en  forma importante al desarrollo de obesidad. Por lo tanto, desde el punto de vista de la prevención primaria, es importante que los médicos consideren el efecto del aumento de peso, al iniciar la medicación. En general, no hay pruebas suficientes para sugerir la prescripción rutinaria  de  medicamentos  complementarios  para  prevenir  el aumento  de  peso,  y  es  probablemente  inapropiado  desde  una perspectiva  de  prevención  primaria.  Sin  embargo,  la  magnitud del  aumento  de  peso  asociado  y  las  posibles  consecuencias cardiometabólicas pueden justificar la consideración de muchos de estos medicamentos.

## ANTIPSICÓTICOS

---

[Fuente: chunk_3]
El efecto de la farmacoterapia contra la obesidad en la osteoartritis no se ha estudiado adecuadamente.

## Salud mental y calidad de vida

La  elección  de  los  agentes  para  tratar  los  problemas  de  salud mental (por ejemplo, depresión, psicosis) debe tener en cuenta el efecto sobre el peso. La farmacoterapia para el trastorno por atracón  y  el  trastorno  por  déficit  de  atención  e  hiperactividad también debe tomar en consideración el efecto sobre el peso.

Aunque la relación entre la salud mental y la obesidad es compleja, la mayoría de los estudios demuestran que el éxito del tratamiento de la obesidad se asocia a una mejora de los parámetros de salud mental. La pérdida de peso se asocia con una mejor calidad de vida en algunos ensayos de pérdida de peso, pero no en todos. Como la mayoría de los medicamentos contra la obesidad actúan en el cerebro, es importante determinar su efecto y seguridad en los parámetros de salud mental.

---

[Fuente: chunk_4]
Como se ha destacado en el capítulo dedicado a la Evaluación de las  personas  que  viven  con  obesidad  las  causas  fundamentales de la obesidad son múltiples. Son especialmente importantes los trastornos psicológicos y mentales, el dolor crónico, los problemas locomotores, incluidos el sueño y los trastornos metabólicos, el contexto cultural, social y político. Es importante destacar que el aumento del uso de medicamentos para tratar diversas afecciones médicas  ha  contribuido  a  aumentar  las  tasas  de  sobrepeso  y obesidad que se han observado. Por lo tanto, es imperativo que el personal médico de atención primaria también esté familiarizado con  los  efectos  sobre  el  peso  de  los  medicamentos  prescritos habitualmente.  Más  adelante  revisaremos  los  medicamentos antipsicóticos y anticonceptivos."
"62","La acupuntura ha mostrado algunos beneficios en la regulación del peso, con revisiones sistemáticas que indican que puede ser más eficaz cuando se combina con la modificación del estilo de vida. Sin embargo, la acupuntura por sí sola no ha demostrado ser más eficaz que la acupuntura simulada. Además, su eficacia parece estar limitada a personas con sobrepeso y no a aquellas con obesidad. Se necesitan estudios más rigurosos para obtener conclusiones definitivas.","[Fuente: chunk_0]
## ACUPUNTURA

La  acupuntura  consiste  en  la  inserción  de  agujas  en  diferentes partes  de  la  piel.  Se  ha  propuesto  que  la  acupuntura  afecta  a la  regulación  de  los  neuropéptidos  del  sistema  nervioso  central relacionados  con  el  peso, 27 así  como  a  las  adipoquinas. 28 Se han  realizado múltiples revisiones sistemáticas para evaluar los  beneficios  de  la  acupuntura.  Aunque  algunos  llegaron  a conclusiones positivas (incluido uno que informó de una pérdida de  peso  de  1,9  kg, 29 otro  que  señaló  que  la  acupuntura  era segura 30  y otro sobre que fue más eficaz que la modificación del estilo de vida por sí sola. 31

---

[Fuente: chunk_1]
## ACUPUNTURA

La  acupuntura  consiste  en  la  inserción  de  agujas  en  diferentes partes  de  la  piel.  Se  ha  propuesto  que  la  acupuntura  afecta  a la  regulación  de  los  neuropéptidos  del  sistema  nervioso  central relacionados  con  el  peso, 27 así  como  a  las  adipoquinas. 28 Se han  realizado múltiples revisiones sistemáticas para evaluar los  beneficios  de  la  acupuntura.  Aunque  algunos  llegaron  a conclusiones positivas (incluido uno que informó de una pérdida de  peso  de  1,9  kg, 29 otro  que  señaló  que  la  acupuntura  era segura 30  y otro sobre que fue más eficaz que la modificación del estilo de vida por sí sola. 31

---

[Fuente: chunk_2]
29.   Cho SH, Lee JS, Thabane L, Lee J. Acupuncture for obesity: A systematic review and meta-analysis. Int J Obes. 2009;33(2). doi:10.1038/ijo.2008.269
30.   Sui  Y,  Zhao  HL,  Wong  VCW,  et  al.  A  systematic  review  on  use  of  chinese medicine and acupuncture for treatment of obesity. Obesity Reviews. 2012;13(5). doi:10.1111/j.1467-789X.2011.00979.x
31.   Lin X miao, Li B, Du Y hao, Xiong J, Sun P . Systematic evaluation of therapeutic effect of acupuncture for treatment of simple obesity. Zhongguo Zhen Jiu. 2009;29(10).
32.   Kim SY, Shin IS, Park YJ. Effect of acupuncture and intervention types on weight loss:  a  systematic  review  and  meta-analysis.  Obesity  Reviews.  2018;19(11). doi:10.1111/obr.12747
33.   Derrick CD, Shridharani SM, Broyles JM. The safety and efficacy of cryolipolysis: A  systematic  review  of  available  literature.  Aesthet  Surg  J.  2015;35(7). doi:10.1093/asj/sjv039

---

[Fuente: chunk_3]
29.   Cho SH, Lee JS, Thabane L, Lee J. Acupuncture for obesity: A systematic review and meta-analysis. Int J Obes. 2009;33(2). doi:10.1038/ijo.2008.269
30.   Sui  Y,  Zhao  HL,  Wong  VCW,  et  al.  A  systematic  review  on  use  of  chinese medicine and acupuncture for treatment of obesity. Obesity Reviews. 2012;13(5). doi:10.1111/j.1467-789X.2011.00979.x
31.   Lin X miao, Li B, Du Y hao, Xiong J, Sun P . Systematic evaluation of therapeutic effect of acupuncture for treatment of simple obesity. Zhongguo Zhen Jiu. 2009;29(10).
32.   Kim SY, Shin IS, Park YJ. Effect of acupuncture and intervention types on weight loss:  a  systematic  review  and  meta-analysis.  Obesity  Reviews.  2018;19(11). doi:10.1111/obr.12747
33.   Derrick CD, Shridharani SM, Broyles JM. The safety and efficacy of cryolipolysis: A  systematic  review  of  available  literature.  Aesthet  Surg  J.  2015;35(7). doi:10.1093/asj/sjv039

---

[Fuente: chunk_4]
La opinión generalizada es que la calidad de los ensayos incluidos era  baja,  lo  que  limita  sus  capacidades  concluyentes,  y  que  se necesitan  estudios  rigurosos,  metodológicamente  sólidos  y  a largo plazo. La revisión sistemática más reciente sobre este tema descubrió:  i)  que  la  acupuntura  más  la  modificación  del  estilo de vida era más eficaz que la modificación del estilo de vida por sí  sola;  ii)  que  la  acupuntura  por  sí  sola  no  era  más  eficaz  que la  acupuntura  simulada  por  sí  sola;  y  iii)  cuando  se  estratificó por IMC, se descubrió que la acupuntura era eficaz sólo en las personas con sobrepeso y no en las que tenían obesidad. 32

Más información: info@ifsochile.cl

<!-- image -->

<!-- image -->

<!-- image -->

<!-- image -->

## CRIOLIPÓLISIS"
"63","El contexto proporcionado no menciona la homeopatía ni su eficacia para el tratamiento de la obesidad. Por lo tanto, no se puede afirmar si la homeopatía funciona para la obesidad.","[Fuente: chunk_0]
## MEDICAMENTOS CON DATOS INSUFICIENTES PARA EL TRATAMIENTO DE LA OBESIDAD

Reconocemos que a veces se utilizan diversos enfoques farmacoterapéuticos  no  aprobados  en  el  ámbito  clínico  en  un intento de ayudar a controlar la obesidad. Basándonos en nuestra revisión de la literatura, no hay evidencia suficiente que avale el uso  de  farmacoterapias  o  estrategias  de  tratamiento  hormonal (por ejemplo, testosterona, hormona tiroidea).

Dos  ensayos  separados,  aleatorios  y  controlados  con  placebo, evaluaron la eficacia del topiramato en la pérdida de peso entre pacientes con obesidad y diabetes tipo 2 durante 24-40 semanas. Estos  ensayos  demostraron  una  pérdida  de  peso  clínicamente significativa del 4,5% al 6,6% y del 6,5% al 9,1% en el grupo de 96 mg/día y en el de 192 mg/día, respectivamente, en comparación con pérdidas de peso del 1,7% al 2,5% en los grupos de placebo. 71,72

---

[Fuente: chunk_1]
## RECOMENDACIONES ADOPTADAS

<!-- image -->

1. No  recomendamos  el  uso  de  productos  comerciales  de venta libre para el control de la obesidad debido a la falta de evidencia (Nivel 4, Grado D). 1
2. No  sugerimos  que  se  utilicen  programas  comerciales  de pérdida de peso para mejorar el control de la presión arterial y los lípidos en adultos con obesidad (Nivel 4, Grado D). 2

## INTRODUCCIÓN

«Un estudio exhaustivo de los fraudes y modas médicas realizado a lo largo de casi veinte años me ha convencido de que en todo el ámbito de la charlatanería no hay un campo que se trabaje con más facilidad  ni  que  ofrezca  mayores  beneficios  económicos  al estafador médico que el dedicado a la explotación de las 'curas de la obesidad» (Arthur J Cramp, MD, 1929). 6

---

[Fuente: chunk_2]
## RECOMENDACIONES ADOPTADAS

<!-- image -->

1. No  recomendamos  el  uso  de  productos  comerciales  de venta libre para el control de la obesidad debido a la falta de evidencia (Nivel 4, Grado D). 1
2. No  sugerimos  que  se  utilicen  programas  comerciales  de pérdida de peso para mejorar el control de la presión arterial y los lípidos en adultos con obesidad (Nivel 4, Grado D). 2

## INTRODUCCIÓN

«Un estudio exhaustivo de los fraudes y modas médicas realizado a lo largo de casi veinte años me ha convencido de que en todo el ámbito de la charlatanería no hay un campo que se trabaje con más facilidad  ni  que  ofrezca  mayores  beneficios  económicos  al estafador médico que el dedicado a la explotación de las 'curas de la obesidad» (Arthur J Cramp, MD, 1929). 6

---

[Fuente: chunk_3]
## MENSAJES CLAVE PARA LAS PERSONAS CON OBESIDAD

<!-- image -->

-  Los medicamentos para la obesidad pueden ayudar en el control de la obesidad cuando los cambios de estilo de vida por sí solos no han sido eficaces o sostenibles.
-  Los  medicamentos  para  la  obesidad  forman  parte  de  una estrategia de tratamiento a largo plazo. Los ensayos clínicos para la farmacoterapia de la obesidad han demostrado la recuperación del peso cuando se interrumpe el tratamiento activo. 1,2
-  Hay tres  medicamentos  aprobados  por  la  FDA  para el  tratamiento  de  la  obesidad  a  largo  plazo  en  Chile:

## RECOMENDACIONES ADOPTADAS

<!-- image -->

---

[Fuente: chunk_4]
## LIMITACIONES Y NUEVOS RUMBOS

Cabe destacar que la terapia convencional, aunque tiene sus  limitaciones,  ha  funcionado  en  general  muy  bien  en  la intervención médica. Está respaldada por evidencias sólidas que apoyan su eficacia. Las intervenciones que pretendan sustituir a esta modalidad deberán ser estudiadas intensamente y aplicadas de forma amplia para demostrar que pueden sustituir a la terapia convencional para el tratamiento de la obesidad, una modalidad de intervención ampliamente aceptada y rigurosamente testeada. 5,6

La tecnología en el tratamiento de la obesidad está limitada por una serie de factores:

-  Un  gran  porcentaje  de  los  estudios  al  respecto  no  incluyen intervención para el grupo de control, ni grupo control de lista de  espera, 1,14 lo  que  podría  exagerar  los  efectos  positivos  de"
"64","El contexto no proporciona información específica sobre la eficacia de los suplementos quemadores de grasa en general. Sin embargo, menciona que las revisiones de las catequinas del té verde no han demostrado eficacia clínica ni con la pérdida de peso ni con el mantenimiento de la pérdida de peso. También se indica que no existen pruebas actuales y fiables para fundamentar el uso o la seguridad de los suplementos de picolinato de cromo para el tratamiento de la obesidad. Por lo tanto, no se puede afirmar que los suplementos quemadores de grasa funcionen.","[Fuente: chunk_0]
## EXTRACTO DE TÉ VERDE

Los  componentes  bioactivos  del  té  verde  son  sus  polifenoles (catequinas), cuyo principal mecanismo de acción propuesto consiste en aumentar el gasto energético y la oxidación de las grasas. 15 Las revisiones  de  las  catequinas  del  té  verde  en  el  tratamiento  de  la obesidad no han demostrado eficacia clínica ni con la pérdida de peso 15 ni con el mantenimiento de la pérdida de peso. 16

## PICOLINATO DE CROMO

Se dice que el picolinato de cromo estimula los neurotransmisores responsables de las conductas alimentarias 17 mejorando el metabolismo de la glucosa y la sensibilidad a la insulina. 18   Una revisión  Cochrane  de  2013  concluyó  que  no  existían  pruebas actuales y fiables para fundamentar las decisiones terapéuticas en cuanto al uso o la seguridad de los suplementos de picolinato de cromo para el tratamiento de la obesidad. 19

## QUITOSANO (CHITOSAN)

---

[Fuente: chunk_1]
## EXTRACTO DE TÉ VERDE

Los  componentes  bioactivos  del  té  verde  son  sus  polifenoles (catequinas), cuyo principal mecanismo de acción propuesto consiste en aumentar el gasto energético y la oxidación de las grasas. 15 Las revisiones  de  las  catequinas  del  té  verde  en  el  tratamiento  de  la obesidad no han demostrado eficacia clínica ni con la pérdida de peso 15 ni con el mantenimiento de la pérdida de peso. 16

## PICOLINATO DE CROMO

Se dice que el picolinato de cromo estimula los neurotransmisores responsables de las conductas alimentarias 17 mejorando el metabolismo de la glucosa y la sensibilidad a la insulina. 18   Una revisión  Cochrane  de  2013  concluyó  que  no  existían  pruebas actuales y fiables para fundamentar las decisiones terapéuticas en cuanto al uso o la seguridad de los suplementos de picolinato de cromo para el tratamiento de la obesidad. 19

## QUITOSANO (CHITOSAN)

---

[Fuente: chunk_2]
## PRODUCTOS COMERCIALES

Tal  vez  los  productos  y  servicios  más  disponibles  que  supuestamente ayudan  a  tratar  la  obesidad  sean  los  suplementos  para  perder peso. Estos productos abundan en las farmacias y en las tiendas de  barrio  de  todo  el  país.  También  es  importante  señalar  que cada vez hay más pruebas de que muchos suplementos dietéticos están adulterados. En el caso del tratamiento de la obesidad, se ha  descubierto  que  los  suplementos  contienen  medicamentos de  prescripción  contra  la  obesidad,  y  a  menudo  son  objeto  de retiradas y alertas de seguridad.

---

[Fuente: chunk_3]
## PRODUCTOS COMERCIALES

Tal  vez  los  productos  y  servicios  más  disponibles  que  supuestamente ayudan  a  tratar  la  obesidad  sean  los  suplementos  para  perder peso. Estos productos abundan en las farmacias y en las tiendas de  barrio  de  todo  el  país.  También  es  importante  señalar  que cada vez hay más pruebas de que muchos suplementos dietéticos están adulterados. En el caso del tratamiento de la obesidad, se ha  descubierto  que  los  suplementos  contienen  medicamentos de  prescripción  contra  la  obesidad,  y  a  menudo  son  objeto  de retiradas y alertas de seguridad.

---

[Fuente: chunk_4]
13.   Márquez  F,  Babio  N,  Bulló  M,  Salas-Salvadó  J.  Evaluation  of  the  Safety  and Efficacy of Hydroxycitric Acid or Garcinia cambogia Extracts in Humans. Crit Rev Food Sci Nutr. 2012;52(7). doi:10.1080/10408398.2010.500551
14.   Crescioli G, Lombardi N, Bettiol A, et al. Acute liver injury following Garcinia cambogia weight-loss supplementation: case series and literature review. Intern Emerg Med. 2018;13(6). doi:10.1007/s11739-018-1880-4
15.   Rains  TM,  Agarwal  S,  Maki  KC.  Antiobesity  effects  of  green  tea  catechins: A mechanistic review. Journal of Nutritional Biochemistry. 2011;22(1). doi:10.1016/j.jnutbio.2010.06.006
16.   Jurgens TM, Whelan AM, Killian L, Doucette S, Kirk S, Foy E. Green tea for weight loss and weight maintenance in overweight or obese adults. Cochrane Database of Systematic Reviews. 2012;2012(12). doi:10.1002/14651858.CD008650.pub2"
"65","El contexto no proporciona una respuesta clara sobre qué tratamiento es más efectivo en general. Sin embargo, menciona que la terapia convencional ha funcionado bien en la intervención médica y que las intervenciones tecnológicas deben ser consideradas como complemento, no como sustituto. Además, se indica que la TCC tuvo un efecto menor que los programas de nutrición y/o ejercicio. Por otro lado, se reporta que ciertos tratamientos farmacológicos, como antidepresivos de segunda generación y otros medicamentos, mostraron una reducción significativa en los episodios de atracón.","[Fuente: chunk_0]
. Se cree que este enfoque del tratamiento reduce la sensación de privación y aumenta la autoeficacia y el empoderamiento, todo lo cual puede repercutir positivamente en la adherencia y el éxito a largo plazo.

---

[Fuente: chunk_1]
## LIMITACIONES Y NUEVOS RUMBOS

Cabe destacar que la terapia convencional, aunque tiene sus  limitaciones,  ha  funcionado  en  general  muy  bien  en  la intervención médica. Está respaldada por evidencias sólidas que apoyan su eficacia. Las intervenciones que pretendan sustituir a esta modalidad deberán ser estudiadas intensamente y aplicadas de forma amplia para demostrar que pueden sustituir a la terapia convencional para el tratamiento de la obesidad, una modalidad de intervención ampliamente aceptada y rigurosamente testeada. 5,6

La tecnología en el tratamiento de la obesidad está limitada por una serie de factores:

-  Un  gran  porcentaje  de  los  estudios  al  respecto  no  incluyen intervención para el grupo de control, ni grupo control de lista de  espera, 1,14 lo  que  podría  exagerar  los  efectos  positivos  de

---

[Fuente: chunk_2]
## CONCLUSIÓN

Según lo expuesto anteriormente, aunque las evidencias apoyan el  uso  de  la  tecnología  para  el  tratamiento  de  la  obesidad,  no respaldan  la  sustitución  de  la  terapia  convencional. 1,14 No  hay evidencia suficiente  que  permita  comparar  los  tratamientos tecnológicos para el tratamiento de la obesidad con los tratamientos  convencionales  (presenciales). 4,14,15 Por  lo  tanto, la  terapia  tecnológica  puede  utilizarse  como  complemento  a  la terapia convencional (presencial) o en aquellos casos en los que la atención convencional no esté disponible, no sea factible o el paciente no la prefiera.

Las tecnologías que emplean un enfoque más personalizado son mejores que las que funcionan sin tener en cuenta las necesidades del paciente. 3,15  En pocas palabras, las intervenciones tecnológicas también  deben  tener  en  cuenta  las  características  individuales inherentes a la prestación de asistencia médica en general.

---

[Fuente: chunk_3]
La  TCC  tuvo  un  efecto  menor  que  los  programas  de  nutrición y/o ejercicio. El análisis de las variables moderadoras no mostró diferencias entre los estudios de prevención versus los de tratamiento, tampoco entre las intervenciones de duración mayor o menor a 3 meses, ni entre los tratamientos individuales versus los grupales. Un segundo metaanálisis confirmó los resultados ya descritos con relación a la baja de peso total. Sin embargo, mostró

que las intervenciones preventivas eran ligeramente más efectivas que las de tratamiento para el manejo de la obesidad en pacientes con trastornos mentales severos. 74

---

[Fuente: chunk_4]
## ¿QUÉ TAN EFECTIVOS SON LOS TRATAMIENTOS FARMACOLÓGICOS PARA EL MANEJO DE LA OBESIDAD EN EL TRASTORNO POR ATRACÓN?

Varios estudios han  explorado  la  eficacia de  las diferentes intervenciones farmacológicas en pacientes con TA (antidepresivos, supresores  del  apetito,  estimulantes  y  anticonvulsivantes).  Un reciente  metaanálisis  de  estudios  randomizados  y  controlados con placebo, reportó una reducción significativamente mayor de los episodios de atracón y de la psicopatología asociada, con el uso  de  antidepresivos  de  segunda  generación  (bupropión,  ISRS y  duloxetina),  la  lisdexanfetamina  (un  estimulante  del  sistema nervioso central comercializado originalmente para el TDAH) y el topiramato (un anticonvulsivante)."
"66","La obesidad causa enfermedades crónicas graves como enfermedades cardíacas, cáncer, derrames cerebrales, diabetes tipo 2 (DM2) e hígado graso no alcohólico. También se asocia con hipertensión arterial y trastornos del sueño como la apnea obstructiva del sueño.","[Fuente: chunk_0]
-  La  obesidad  aumenta  el  riesgo  de  padecer  enfermedades crónicas graves como enfermedades cardíacas, cáncer, derrames cerebrales, diabetes tipo 2 (DM2) e hígado graso no alcohólico, entre otras; perjudicando la calidad de vida relacionada con la salud de la persona, y reduce la esperanza de vida.
-  En  Chile,  la  prevalencia  de  la  obesidad  ha  aumentado  en todos  los  grupos  etarios  y  se  presenta  muy  precozmente desde la niñez. Además, se concentra en la población de menor nivel educativo y en mujeres.

---

[Fuente: chunk_1]
## RIESGOS PARA LA SALUD

La obesidad, por sus características fisiopatológicas de inflamación,  alteraciones  hormonales,  inmunodepresión  y  por ser  una  enfermedad  crónica,  constituye  un  factor  reconocido de  riesgo  para  la  salud,  involucrado  en  el  desarrollo  de  cáncer y de enfermedades crónicas no transmisibles como la DM2 y la hipertensión arterial.  En años recientes, también se ha demostrado que constituye un factor de riesgo para enfermedades infecciosas causadas  por  los  virus  influenza  y  Sars-Cov  2. 21 El  exceso  de peso  categorizado  en  base  al  Índice  de  Masa  Corporal  (IMC) ha  mostrado  que  las  categorías  de  obesidad  II  y  III  se  asocian significativamente  con  mayor  mortalidad  por  cualquier  causa. 22 En  Chile,  la  obesidad  también  se  ha  identificado  dentro  de  los principales factores de riesgo modificables para desarrollar DM2 e hipertensión arterial. 23,24

---

[Fuente: chunk_2]
La obesidad es una enfermedad crónica compleja en la que el exceso de grasa corporal (adiposidad) perjudica la salud, aumenta el riesgo de complicaciones médicas a largo plazo y reduce la esperanza de vida. 22-27 La  obesidad  se  ha  considerado  tradicionalmente  como un factor de riesgo para una amplia gama de otros problemas de salud. Sin embargo, la Asociación Médica Canadiense, 20  considera actualmente  a    la  obesidad  como  una  enfermedad  crónica  por sí  misma,  similar  a  la  diabetes  de  tipo  2,  la  hipertensión  arterial crónica y la dislipidemia (en consonancia con otras organizaciones como  Obesity  Canada,  la  Asociación  Médica  Americana, 25   la Organización Mundial de la Salud 24 , la Federación Mundial de la Obesidad y otras. 25-27 ) Para que una enfermedad sea considerada como crónica, debe cumplir con tres criterios que son: 1) deterioro del funcionamiento normal del cuerpo, 2) debe presentar síntomas y signos, y 3) que produzca daño o morbilidad. 28-31

---

[Fuente: chunk_3]
Apnea del sueño: No es inusual que las personas que viven con obesidad  experimenten  trastornos  relacionados  con  el  sueño, que  pueden  dar  lugar  a  importantes  afecciones  respiratorias, cardiovasculares y neuropsiquiátricas. 52 La  apnea obstructiva del sueño, un tipo de trastorno relacionado con el sueño, es el cese completo del flujo de aire (apnea) o la reducción significativa del flujo de aire (hipopnea) medido durante el sueño. La presencia de apnea obstructiva del sueño se ha asociado a muerte prematura, 53 accidentes de tránsito, 54 hipertensión, 55 enfermedad  arterial coronaria  y  accidentes  cerebrovasculares, 56 arritmias  cardiacas nocturnas 57 y diabetes tipo 2. 58  Además, la apnea obstructiva del sueño se ha asociado a un aumento significativo de la incidencia de muerte súbita por todas las causas cardiacas

---

[Fuente: chunk_4]
La obesidad, debido a su influencia en el desarrollo y la severidad de diversas patologías (muchas de ellas de alto costo, así como también por la carga de enfermedad) constituye un factor de riesgo para aumentar los gastos en salud de la sociedad. En países como Francia,  Alemania  y  Canadá,  ocupa  aproximadamente  2%  del gasto total de salud, elevándose a 6% en Estados Unidos. En Chile, se ha estimado que el 6,1% de los gastos hospitalarios se derivan del tratamiento para enfermedades asociadas a la obesidad, los cuales en el año 2020 representaron aproximadamente el 2,2% del gasto total en salud y que ha ido en aumento. 31"
"67","Sí, la obesidad causa diabetes tipo 2. La disfunción del tejido adiposo y la adiposidad excesiva predisponen al desarrollo de resistencia a la insulina, que puede llevar a la diabetes tipo 2. Además, la obesidad es una complicación común de esta enfermedad.","[Fuente: chunk_0]
## COMPLICACIONES MÉDICAS RELACIONADAS CON LA ADIPOSIDAD

La disfunción del tejido adiposo y la adiposidad excesiva predisponen  al  desarrollo  de  diversas  complicaciones  médicas de tipo metabólico, osteoarticular y psicológico. La complicación metabólica más común es la resistencia a la insulina y, en personas susceptibles, la diabetes de tipo 2. La teoría predominante postula que el exceso de adiposidad determina resistencia a la insulina. 62 Un potencial  mecanismo  es  a  través  de  la  mayor  liberación  de ácidos grasos libres desde el tejido adiposo, que genera efectos lipotóxicos. En el hígado, el aumento del flujo de ácidos grasos libres  aumenta  la  producción  de  glucosa,  la  lipogénesis  y  la secreción de lipoproteínas de muy baja densidad (VLDL).

---

[Fuente: chunk_1]
## RIESGOS PARA LA SALUD

La obesidad, por sus características fisiopatológicas de inflamación,  alteraciones  hormonales,  inmunodepresión  y  por ser  una  enfermedad  crónica,  constituye  un  factor  reconocido de  riesgo  para  la  salud,  involucrado  en  el  desarrollo  de  cáncer y de enfermedades crónicas no transmisibles como la DM2 y la hipertensión arterial.  En años recientes, también se ha demostrado que constituye un factor de riesgo para enfermedades infecciosas causadas  por  los  virus  influenza  y  Sars-Cov  2. 21 El  exceso  de peso  categorizado  en  base  al  Índice  de  Masa  Corporal  (IMC) ha  mostrado  que  las  categorías  de  obesidad  II  y  III  se  asocian significativamente  con  mayor  mortalidad  por  cualquier  causa. 22 En  Chile,  la  obesidad  también  se  ha  identificado  dentro  de  los principales factores de riesgo modificables para desarrollar DM2 e hipertensión arterial. 23,24

---

[Fuente: chunk_2]
-  La  obesidad  aumenta  el  riesgo  de  padecer  enfermedades crónicas graves como enfermedades cardíacas, cáncer, derrames cerebrales, diabetes tipo 2 (DM2) e hígado graso no alcohólico, entre otras; perjudicando la calidad de vida relacionada con la salud de la persona, y reduce la esperanza de vida.
-  En  Chile,  la  prevalencia  de  la  obesidad  ha  aumentado  en todos  los  grupos  etarios  y  se  presenta  muy  precozmente desde la niñez. Además, se concentra en la población de menor nivel educativo y en mujeres.

---

[Fuente: chunk_3]
## EFICACIA DE LA FARMACOTERAPIA EN LOS PARÁMETROS DE SALUD

## Prevención de la diabetes tipo 2

La  diabetes  tipo  2  es  una  complicación  común  de  la  obesidad, y su prevención es un objetivo importante en el tratamiento de la obesidad crónica. Las personas con prediabetes corren un alto riesgo de desarrollar diabetes tipo 2, ya que alrededor del 25% de las personas con alteración de la glucosa en ayunas o alteración de la tolerancia a la glucosa evolucionan a diabetes tipo 2 en un plazo de tres a cinco años. 50  Entre las personas con prediabetes, un kilo de pérdida de peso se asocia a una reducción del riesgo relativo del 16% en el desarrollo de diabetes tipo 2. 51

---

[Fuente: chunk_4]
La obesidad es una enfermedad crónica compleja en la que el exceso de grasa corporal (adiposidad) perjudica la salud, aumenta el riesgo de complicaciones médicas a largo plazo y reduce la esperanza de vida. 22-27 La  obesidad  se  ha  considerado  tradicionalmente  como un factor de riesgo para una amplia gama de otros problemas de salud. Sin embargo, la Asociación Médica Canadiense, 20  considera actualmente  a    la  obesidad  como  una  enfermedad  crónica  por sí  misma,  similar  a  la  diabetes  de  tipo  2,  la  hipertensión  arterial crónica y la dislipidemia (en consonancia con otras organizaciones como  Obesity  Canada,  la  Asociación  Médica  Americana, 25   la Organización Mundial de la Salud 24 , la Federación Mundial de la Obesidad y otras. 25-27 ) Para que una enfermedad sea considerada como crónica, debe cumplir con tres criterios que son: 1) deterioro del funcionamiento normal del cuerpo, 2) debe presentar síntomas y signos, y 3) que produzca daño o morbilidad. 28-31"
"68","Sí, la obesidad afecta el corazón de varias maneras. Puede condicionar el electrocardiograma (ECG) debido a la sobrecarga del trabajo cardíaco y la distancia entre el corazón y los electrodos, lo que puede provocar un desplazamiento del corazón. Además, se ha documentado que la obesidad es un factor predictivo e independiente de la enfermedad arterial coronaria y puede estar relacionada con complicaciones cardiovasculares. También puede influir en la capacidad de realizar ejercicios y en la evaluación de la enfermedad coronaria.","[Fuente: chunk_0]
## ELECTROCARDIOGRAMA (ECG)

La  obesidad  puede  condicionar  el  ECG  de  varias  maneras,  por ejemplo, por sobrecarga del trabajo cardíaco y debido a la distancia entre el corazón y los electrodos de registro, puede propiciarse un desplazamiento  del  corazón  al  elevarse  el  diafragma  en  posición supina.  Además  del  bajo  voltaje  del  QRS  y  la  tendencia  hacia  la izquierda  en  el  eje,  se  observan  frecuentemente  otras  alteraciones como el aplanamiento inespecífico de las ondas T en las derivaciones inferiores laterales (atribuido al desplazamiento horizontal del corazón) y los criterios de voltaje de anormalidad en la aurícula izquierda.

---

[Fuente: chunk_1]
Se ha informado de una mayor incidencia de falsos positivos de infarto de miocardio en pared inferior en individuos con obesidad debido a la  elevación  del  diafragma. 93 La  hipertrofia  ventricular  izquierda  está probablemente subdiagnosticada según los criterios habituales del ECG en individuos con una obesidad con IMC mayor a 35 kg/m 2 .  Dado que el ECG basal puede estar condicionado por la obesidad (falso positivo para infarto de miocardio inferior, micro voltaje, cambios inespecíficos en el ST-T) y que los pacientes con obesidad tienen una capacidad limitada para  realizar  ejercicios  de  prueba  (disnea,  limitaciones  mecánicas, disfunción  diastólica  del  ventrículo  izquierdo),  pueden  ser  de  interés otras modalidades para la evaluación de la enfermedad coronaria en este  tipo  de  población

---

[Fuente: chunk_2]
90.   Poirier  P,  Giles  TD,  Bray  GA,  et  al.  Obesity  and  cardiovascular  disease: Pathophysiology,  evaluation,  and  effect  of  weight  loss:  An  update  of  the 1997  American  Heart Association Scientific Statement on obesity and heart  disease  from  the  Obesity  Committee  of  the  Council  on  Nutrition, Physical  Activity,  and  Metabolism.  Circulation.  2006;113(6).  doi:10.1161/ CIRCULATIONAHA.106.171016
91.   Kragelund C, Hassager C, Hildebrandt P, Torp-Pedersen C, Køber L. Impact of obesity on long-term prognosis following acute myocardial infarction.  International  Journal  of  Cardiology.  2005;98(1).  doi:10.1016/j. ijcard.2004.03.042
92.   Abraham  TM,  Pedley  A,  Massaro  JM,  Hoffmann  U,  Fox  CS.  Association between visceral and subcutaneous adipose depots and incident cardiovascular  disease  risk  factors.  Circulation.  2015;132(17).  doi:10.1161/ CIRCULATIONAHA.114.015000
93.   Fuster V, Wayne R, O'Rourke R. Hurst's The Heart. 10th ed.; 2000.

---

[Fuente: chunk_3]
## EVALUACIÓN DE LA ENFERMEDAD ARTERIAL CORONARIA

Se  ha  documentado  en  extensos  estudios  que  la  obesidad  es un  factor  predictivo  e  independiente  de  la  enfermedad  arterial coronaria, 90  esta relación se ve más estrecha en población joven. La propensión a las complicaciones cardiovasculares relacionadas con  la  obesidad  no  se  mide  exclusivamente  con  la  masa  grasa corporal total, sino que también deben considerarse las diferencias individuales en la distribución local de la grasa corporal. 79,91

---

[Fuente: chunk_4]
Evaluación cardíaca: La  tolerancia  al  ejercicio  es  un  factor  de predicción de los resultados quirúrgicos. Por ejemplo, la subida de escaleras limitada por los síntomas, predice de las complicaciones cardiopulmonares postoperatorias en pacientes sometidos a cirugía  de  alto  riesgo. 45 Además,  la  obesidad  es  un  factor  de riesgo  independiente  de  la  enfermedad  cardiovascular.  Muchos pacientes con obesidad también pueden presentar síntomas de falta de aire o dolor en el pecho, y la etiología de estos síntomas puede ser variada. Además, la exploración física en los pacientes con  obesidad  puede  representar  un  reto  para  hallazgos  físicos como ruidos cardíacos distantes o evaluación de la presión venosa yugular."
"69","El contexto proporcionado no contiene información específica sobre por qué la obesidad aumenta la presión arterial.","[Fuente: chunk_0]
Un  examen  físico  centrado  en  la  obesidad  debe  centrarse  en determinar el fenotipo, los factores que impulsan el aumento de peso y las barreras del tratamiento para todos los pacientes. En la T abla 6 se describen los componentes clave de un examen físico centrado en  la  obesidad.  Las  mediciones  antropométricas  rutinarias  deben incluir la altura, el peso, el IMC y la circunferencia de la cintura. La presión arterial debe medirse con un esfingomanómetro de tamaño adecuado para la circunferencia del brazo del paciente. Si el tamaño de la parte superior del brazo tiene un tamaño aumentado, se puede medir  la  presión  arterial  sistólica  en  el  antebrazo  con  el  tamaño del  esfigmomanómetro  (esfingomanómetro  pequeño  [20,0-  26,0 cm],  esfingomanómetro  estándar  [25,4-40,6  y  25,0-34,0  cm]  y esfingomanómetro grande [&gt; 32,0 cm]) adecuado a la circunferencia del antebrazo del paciente

---

[Fuente: chunk_1]
81.   Neeland IJ, Poirier P , Després JP . Cardiovascular and Metabolic Heterogeneity of Obesity: Clinical Challenges and Implications for Management. Circulation. 2018;137(13). doi:10.1161/CIRCULATIONAHA.117.029617
82.   Aronne LJ. Classification of obesity and assessment of obesity-related health risks. Obesity Research. 2002;10(SUPPL. 2). doi:10.1038/oby.2002.203
83.   Sharma AM. M, M, M &amp; M: A mnemonic for assessing obesity. Obesity Reviews. 2010;11(11). doi:10.1111/j.1467-789X.2010.00766.x
84.   Leblanc MÉ, Croteau S, Ferland A, et al. Blood pressure assessment in severe obesity: Validation of a forearm approach. Obesity. 2013;21(12). doi:10.1002/ oby.20458
85.   Leblanc MÈ, Auclair A, Leclerc J, et al. Blood Pressure Measurement in Severely Obese Patients: Validation of the Forearm Approach in Different Arm Positions. American Journal of Hypertension. 2019;32(2). doi:10.1093/ajh/hpy152
86.   The Canadian Cardiovascular Society's. DYSLIPIDEMIA. Published online 2016.

---

[Fuente: chunk_2]
## EVALUACIÓN DE LA ENFERMEDAD ARTERIAL CORONARIA

Se  ha  documentado  en  extensos  estudios  que  la  obesidad  es un  factor  predictivo  e  independiente  de  la  enfermedad  arterial coronaria, 90  esta relación se ve más estrecha en población joven. La propensión a las complicaciones cardiovasculares relacionadas con  la  obesidad  no  se  mide  exclusivamente  con  la  masa  grasa corporal total, sino que también deben considerarse las diferencias individuales en la distribución local de la grasa corporal. 79,91

---

[Fuente: chunk_3]
## RIESGOS PARA LA SALUD

La obesidad, por sus características fisiopatológicas de inflamación,  alteraciones  hormonales,  inmunodepresión  y  por ser  una  enfermedad  crónica,  constituye  un  factor  reconocido de  riesgo  para  la  salud,  involucrado  en  el  desarrollo  de  cáncer y de enfermedades crónicas no transmisibles como la DM2 y la hipertensión arterial.  En años recientes, también se ha demostrado que constituye un factor de riesgo para enfermedades infecciosas causadas  por  los  virus  influenza  y  Sars-Cov  2. 21 El  exceso  de peso  categorizado  en  base  al  Índice  de  Masa  Corporal  (IMC) ha  mostrado  que  las  categorías  de  obesidad  II  y  III  se  asocian significativamente  con  mayor  mortalidad  por  cualquier  causa. 22 En  Chile,  la  obesidad  también  se  ha  identificado  dentro  de  los principales factores de riesgo modificables para desarrollar DM2 e hipertensión arterial. 23,24

---

[Fuente: chunk_4]
. La discriminación por peso corporal también aumenta el riesgo de obesidad. 10"
"70","Sí, la obesidad puede causar cáncer. Se ha estimado que al disminuir la obesidad, se podría reducir en un tercio el riesgo de cáncer. Además, se ha reportado que las neoplasias asociadas a la obesidad representan un porcentaje significativo de las muertes en mujeres y hombres en Chile. La obesidad está relacionada con un mayor riesgo de padecer muchas formas de cáncer a través de la liberación de factores de crecimiento hormonales y adipoquinas inflamatorias.","[Fuente: chunk_0]
A nivel  mundial,  se  ha  estimado  que,  al  disminuir  la  obesidad, se podría reducir en un tercio el riesgo de cáncer. En Chile, se ha reportado que las neoplasias asociadas a obesidad principalmente en localizaciones de endometrio, esófago, riñón y vesícula biliar representan 30% de las muertes en mujeres; y las localizaciones en  esófago  y  páncreas,  representan  el  21%  de  las  muertes  en hombres, estimándose que sin la presencia del factor obesidad se podría prevenir el cáncer en 20%. 25 Durante la gestación, el exceso de peso aumenta el riesgo de preeclampsia, diabetes gestacional de la madre y distocia en el neonato. 26  En las mujeres chilenas también  se  ha  demostrado  que  la  obesidad  causa  ansiedad  y depresión, afectando así la salud mental y la calidad de vida. 27

---

[Fuente: chunk_1]
| Metabolismo             | Oncología Colorrectal, vesícula biliar, páncreas, mama, renal, uterino, cervical, próstata                                                                       | +                  | Detección rutinaria del cáncer                                                                                                                                                            | Los pacientes con obesidad corren un alto riesgo de padecer determinados tipos de cánceres y tienen menos probabilidades de someterse a las pruebas de detección debido a los problemas técnicos de las pruebas de diagnóstico y a la postergación de la búsqueda de atención médica. |

---

[Fuente: chunk_2]
Es  importante  destacar  que  las  células  inflamatorias,  como los  macrófagos  y  los  monocitos,  migran  a  la  grasa  visceral  de los  sujetos  con  obesidad,  lo  que  aumenta  aún  más  el  estado inflamatorio y perjudica la sensibilidad a la insulina. La adiposidad también  está  relacionada  con  un  mayor  riesgo  de  padecer muchas formas de cáncer a través de la liberación de factores de crecimiento hormonales y adipoquinas inflamatorias. 65

## LA PARADOJA DE LA OBESIDAD

---

[Fuente: chunk_3]
De hecho, la pérdida de peso quirúrgica parece reducir la incidencia de  algunas  formas  de  cáncer  y  la  mortalidad  relacionada  con el  mismo.  En  el  estudio  SOS, 62 el  número  de  nuevos  cánceres diagnosticados desde la inclusión en el estudio fue menor en el grupo de cirugía (n = 117) que en el grupo de control (n = 169; índice 0,67, IC 95% 0,53-0,85, p = 0,0009). La cirugía bariátrica se asoció a una menor incidencia de cáncer en las mujeres con obesidad, pero no logró demostrar una reducción significativa en los hombres que la padecen.

## ¿ESTÁ INDICADA LA CIRUGÍA BARIÁTRICA EN PACIENTES CON OBESIDAD DE GRADO I IMC 30-35 KG/M 2 )?

---

[Fuente: chunk_4]
## RIESGOS PARA LA SALUD

La obesidad, por sus características fisiopatológicas de inflamación,  alteraciones  hormonales,  inmunodepresión  y  por ser  una  enfermedad  crónica,  constituye  un  factor  reconocido de  riesgo  para  la  salud,  involucrado  en  el  desarrollo  de  cáncer y de enfermedades crónicas no transmisibles como la DM2 y la hipertensión arterial.  En años recientes, también se ha demostrado que constituye un factor de riesgo para enfermedades infecciosas causadas  por  los  virus  influenza  y  Sars-Cov  2. 21 El  exceso  de peso  categorizado  en  base  al  Índice  de  Masa  Corporal  (IMC) ha  mostrado  que  las  categorías  de  obesidad  II  y  III  se  asocian significativamente  con  mayor  mortalidad  por  cualquier  causa. 22 En  Chile,  la  obesidad  también  se  ha  identificado  dentro  de  los principales factores de riesgo modificables para desarrollar DM2 e hipertensión arterial. 23,24"
"71","El contexto proporcionado no define explícitamente qué es el síndrome metabólico.","[Fuente: chunk_0]
54.   A. M, L. K. The metabolic syndrome  in South Asians: Epidemiology, determinants,  and  prevention.  Metabolic  Syndrome  and  Related  Disorders. 2009;7(6).
55.   Herath HMM,  Weerasinghe NP, Weerarathna TP, Amarathunga A. A Comparison  of  the Prevalence of the  Metabolic  Syndrome  among  Sri Lankan  Patients  with  Type  2  Diabetes  Mellitus  Using  WHO,  NCEP-ATP  III, and  IDF  Definitions.  International  Journal  of  Chronic  Diseases.  2018;2018. doi:10.1155/2018/7813537
56.   James  WPT,  Chunming  C,  Inoue  S.  Appropriate  Asian  body  mass  indices? Obesity Reviews. 2002;3(3). doi:10.1046/j.1467-789X.2002.00063.x
57.   Altschuler EL. Prescient description of frontal lobe syndrome in an Edgar Allan Poe tale [11]. Lancet. 2004;363(9412). doi:10.1016/S0140-6736(04)15758-9

---

[Fuente: chunk_1]
A pesar de la fuerte relación entre el exceso de grasa corporal y el riesgo cardiometabólico, no todas las personas con sobrepeso u obesidad desarrollarán diabetes o enfermedades cardiovasculares. Un subgrupo de personas con obesidad no padece enfermedades crónicas ni factores de riesgo cardiometabólico. A estas personas se  les  suele  denominar  'sujetos  metabólicamente  sanos  con obesidad',  aunque  la  existencia  de  esta  entidad  está  sujeta  a controversia. La prevalencia de los sujetos metabólicamente sanos con fenotipo de obesidad en la población general varía en función de los criterios utilizados, y puede llegar a ser del 32%. 66  Datos más  recientes  de  la  Encuesta  Nacional  de  Examen  de  Salud  y Nutrición (NHANES) III identificaron que solamente 40 de 1160 de las personas con obesidad en el estudio cumplían los criterios de sujetos metabólicamente sanos con obesidad

---

[Fuente: chunk_2]
14.   Godos  J,  Zappalà  G,  Bernardini  S,  Giambini  I,  Bes-Rastrollo  M,  MartinezGonzalez M. Adherence to the Mediterranean diet is inversely associated with metabolic syndrome occurrence: a meta-analysis of observational studies. Int J Food Sci Nutr. 2017;68(2):138-148. doi:10.1080/09637486.2016.1221900
15.   Babio N, Toledo E, Estruch R, et al. Mediterranean diets and metabolic syndrome status in the PREDIMED randomized trial. CMAJ. 2014;186(17). doi:10.1503/ cmaj.140764
16.   The Editors of The Lancet Diabetes &amp; Endocrinology. Retraction and republication-Effect of a high-fat Mediterranean diet on bodyweight and waist circumference: a prespecified secondary outcomes analysis of the PREDIMED randomised controlled trial. lancet Diabetes Endocrinol. 2019;7(5):334. doi:10.1016/S2213-8587(19)30073-7

---

[Fuente: chunk_3]
## COMPLICACIONES MÉDICAS RELACIONADAS CON LA ADIPOSIDAD

La disfunción del tejido adiposo y la adiposidad excesiva predisponen  al  desarrollo  de  diversas  complicaciones  médicas de tipo metabólico, osteoarticular y psicológico. La complicación metabólica más común es la resistencia a la insulina y, en personas susceptibles, la diabetes de tipo 2. La teoría predominante postula que el exceso de adiposidad determina resistencia a la insulina. 62 Un potencial  mecanismo  es  a  través  de  la  mayor  liberación  de ácidos grasos libres desde el tejido adiposo, que genera efectos lipotóxicos. En el hígado, el aumento del flujo de ácidos grasos libres  aumenta  la  producción  de  glucosa,  la  lipogénesis  y  la secreción de lipoproteínas de muy baja densidad (VLDL).

---

[Fuente: chunk_4]
## FACTORES DE RIESGO CARDIOMETABÓLICO Y ENFERMEDADES CRÓNICAS

Varios estudios longitudinales a gran escala y revisiones sistemáticas han observado que una mayor actividad física (o aptitud cardiorrespiratoria)  se  asociaba  con  reducciones  de  la  mortalidad por  todas  las  causas,  las  enfermedades  cardiovasculares  y  las enfermedades  metabólicas,  como  la  diabetes  de  tipo  2. 20,21,72-77 La  mayoría  de  los  grandes  ensayos  que  tienen  la  incidencia  de enfermedades  crónicas  como  resultado  primario  suelen  incluir una  intervención  combinada  de  plan  alimenticio  y  actividad física. En el presente trabajo no sería posible examinar los efectos independientes de la actividad física sobre todos los factores de riesgo cardiometabólicos. Por lo tanto, las siguientes subsecciones se centrarán en los componentes comúnmente asociados con el síndrome metabólico, incluyendo la hiperglucemia y la resistencia a la insulina, la hipertensión y la dislipidemia."
"72","El contexto no proporciona información directa sobre si la obesidad afecta la fertilidad. Sin embargo, menciona que la cirugía bariátrica, que se realiza en mujeres con obesidad severa, sugiere una mejora en la fertilidad, lo que podría implicar que la obesidad tiene un impacto negativo en la fertilidad.","[Fuente: chunk_0]
## CONSIDERACIONES ESPECIALES DE LA CIRUGÍA BARIÁTRICA SOBRE LA FERTILIDAD

La cirugía bariátrica es el tratamiento más costo-efectivo para las mujeres con obesidad severa con comorbilidades. De las cirugías bariátricas que se realizan, dos tercios son en mujeres y el ochenta por ciento de ellas están en edad fértil.

La cirugía bariátrica no debe considerarse un tratamiento para la infertilidad, 53 pero las evidencias sugieren que mejora la fertilidad; ya sea por la mejoría de los perfiles hormonales sexuales o por la resolución de los marcadores del síndrome de ovario poliquístico, que  influyen  en  la  fertilidad  (incluyendo  la  anovulación,  el hirsutismo, los cambios hormonales, la resistencia a la insulina, la actividad sexual y la libido). 54-61

---

[Fuente: chunk_1]
2. Control del peso antes de la concepción: Están surgiendo

estudios  de  intervención  sobre  el  control  del  peso  antes  de  la concepción en mujeres con obesidad para mejorar la fertilidad y los resultados obstétricos. Sin embargo, se necesitan más datos para  examinar  cómo  implementar  estas  intervenciones  en  la práctica clínica para involucrar a una gama más amplia de mujeres con obesidad y a sus proveedores de atención médica.

3. Asesoramiento previo a la concepción sobre los riesgos del embarazo: Numerosos estudios observacionales han demostrado que las mujeres con obesidad tienen un mayor riesgo de sufrir varios resultados adversos en el embarazo. Es necesario investigar para identificar estrategias de asesoramiento eficaces para discutir los  riesgos  del  embarazo  utilizando  un  enfoque  centrado  en  la paciente.

---

[Fuente: chunk_2]
61.   de  Almeida Menezes M, Herbella FAM, de Godoy dos Santos G, Valezi AC. Influence of Gastric Bypass on Obese Women Sexual Function-a Prospective Study. Obes Surg. 2021;31(8). doi:10.1007/s11695-021-05509-4
62.   Musella M, Milone M, Bellini M, Sosa Fernandez LM, Leongito M, Milone F. Effect of bariatric surgery on obesity-related infertility. Surgery for Obesity and Related Diseases. 2012;8(4). doi:10.1016/j.soard.2011.09.021
63.   Reis  LO,  Zani  EL,  Saad  RD,  Chaim  EA,  de  Oliveira  LC,  Fregonesi  A.  Bariatric surgery does not interfere with sperm quality-a preliminary long-term study. Reproductive Sciences. 2012;19(10). doi:10.1177/1933719112440747
64.   Carlos  Barrera  H.  Embarazo  después  de  cirugía  bariátrica.  Revista  Médica Clínica Las Condes. 2014;25(6). doi:10.1016/s0716-8640(14)70642-x

---

[Fuente: chunk_3]
## MENSAJES CLAVE PARA LAS MUJERES CON OBESIDAD DURANTE LOS AÑOS REPRODUCTIVOS

<!-- image -->

Los  años  reproductivos,  incluyendo  antes,  durante  y  después del  embarazo,  suponen  muchos  retos  adicionales  para  las mujeres con obesidad a la hora de mantener un peso saludable más  allá  de  tener  una  alimentación  sana  y  ser  físicamente activas. Es importante que las mujeres con obesidad busquen asesoramiento y apoyo de los profesionales de atención primaria en  salud  sobre  las  estrategias  para  optimizar  sus  propios resultados  de  salud,  así  como  los  de  sus  hijos,  tanto  a  corto como a largo plazo. Por lo anterior, es muy importante que todo

## Cómo citar este documento

---

[Fuente: chunk_4]
En los hombres, la pérdida masiva de peso inducida por la cirugía no repercute en la calidad del esperma, pero sí aumenta la calidad de  la  función  sexual,  la  testosterona  total,  la  testosterona  libre y  la  FSH,  y  reduce  la  prolactina. 63 En  general,  en  los  hombres, el  equilibrio  entre  los  efectos  positivos  (mejorías  hormonales, psicológicas y sexuales) y los negativos (depleción nutricional por mala digestión selectiva de alimentos y malabsorción) determinará el efecto final sobre la calidad seminal y la fertilidad. 63

## CONSIDERACIONES ESPECIALES EN MUJERES SOMETIDAS A CIRUGÍA BARIÁTRICA Y EMBARAZO"
"73","Sí, la obesidad está asociada con la apnea obstructiva del sueño, que puede ser causada por la deposición excesiva de grasa en el cuello o alrededor, lo que provoca el colapso de los conductos de las vías respiratorias superiores.","[Fuente: chunk_0]
Apnea del sueño: No es inusual que las personas que viven con obesidad  experimenten  trastornos  relacionados  con  el  sueño, que  pueden  dar  lugar  a  importantes  afecciones  respiratorias, cardiovasculares y neuropsiquiátricas. 52 La  apnea obstructiva del sueño, un tipo de trastorno relacionado con el sueño, es el cese completo del flujo de aire (apnea) o la reducción significativa del flujo de aire (hipopnea) medido durante el sueño. La presencia de apnea obstructiva del sueño se ha asociado a muerte prematura, 53 accidentes de tránsito, 54 hipertensión, 55 enfermedad  arterial coronaria  y  accidentes  cerebrovasculares, 56 arritmias  cardiacas nocturnas 57 y diabetes tipo 2. 58  Además, la apnea obstructiva del sueño se ha asociado a un aumento significativo de la incidencia de muerte súbita por todas las causas cardiacas

---

[Fuente: chunk_1]
| Historial del sueño                         | Número de horas de sueño por noche Uso de fármacos para dormir Detección de apnea-hipopnea del sueño (como el Cuestionario de Apnea del Sueño STOP BANG)                                                   | La mala calidad y cantidad del sueño puede obstaculizar el manejo de la obesidad 95 Considerar la posibilidad de derivación para descartar apnea del sueño si la detección es positiva (STOP BANG > 4)                                                                                                                                                                                                                                                                                                                                                                                       |

---

[Fuente: chunk_2]
51.   Wei YF, Wu HD. Candidates for bariatric surgery: Morbidly obese patients with pulmonary dysfunction. J Obes. 2012;2012. doi:10.1155/2012/878371
52.   Shahi  B,  Praglowski  B,  Deitel  M.  Sleep-related  Disorders  in  the  Obese. Obesity Surgery: Including Laparoscopy and Allied Care. 1992;2(2). doi:10.1381/096089292765560358
53.   Hallowell  PT,  Stellato  TA,  Schuster  M,  et  al.  Potentially  life-threatening  sleep apnea is unrecognized without aggressive evaluation. Am J Surg. 2007;193(3). doi:10.1016/j.amjsurg.2006.09.022
54.   Marshall NS, Wong KKH, Liu PY, Cullen SRJ, Knuiman MW, Grunstein RR. Sleep apnea  as  an  independent  risk  factor  for  all-cause  mortality:  The  Busselton Health Study. Sleep. 2008;31(8). doi:10.5665/sleep/31.8.1079
55.   Terán-Santos J, Jimenez-Gomez  A,  Cordero-Guevara J. The Association between Sleep Apnea and the Risk of Traffic Accidents. New England Journal of Medicine. 1999;340(11). doi:10.1056/nejm199903183401104

---

[Fuente: chunk_3]
La  cirugía  bariátrica  da  lugar  a  la  mejora  o  la  resolución  de  la apnea obstructiva del sueño del paciente. 64  Se cree que la apnea obstructiva del sueño en la población bariátrica está causada por la deposición excesiva de grasa en el cuello o a su alrededor, lo que provoca el colapso de los conductos de las vías respiratorias superiores  del  paciente. 65   Los  pacientes  sometidos  a  cirugía bariátrica  que  padecen  apnea  obstructiva  del  sueño  pueden tener  una  mayor  tasa  de  complicaciones,  que  pueden  incluir una estancia hospitalaria prolongada, la aparición de fenómenos tromboembólicos,  la  necesidad  de  reintervención  y  una  mayor tasa de mortalidad a los 30 días. 66  Además, la presencia de apnea obstructiva del sueño puede estar asociada a intubaciones más difíciles y a un aumento de los ingresos en la UCI. 67,68

---

[Fuente: chunk_4]
## Apnea obstructiva del sueño

La única farmacoterapia para la obesidad disponible en Canadá que ha sido estudiada específicamente en la población con apnea obstructiva  del  sueño  es  la  liraglutida.  Entre  los  pacientes  con apnea obstructiva del sueño moderada o intensa que no podían o no querían utilizar una máquina de presión positiva continua en las vías respiratorias, la liraglutida 3,0 mg combinada con la modificación  de  la  conducta  de  salud  redujo  significativamente el  número  de  eventos  del  índice  de  apnea-hipopnea  en  -12,2 eventos  por  hora,  en  comparación  con  una  reducción  de  -6,1

eventos por hora con la modificación de la conducta de salud por sí sola. 66

## Osteoartritis

El efecto de la farmacoterapia contra la obesidad en la osteoartritis no se ha estudiado adecuadamente.

## Salud mental y calidad de vida"
"74","La obesidad leve no complicada (estadio 0 o 1 según el EOSS) puede no presentar comorbilidades relacionadas, pero las personas con obesidad, incluso en estos estadios, tienen un mayor riesgo de mortalidad y pueden desarrollar otras afecciones no metabólicas asociadas, como la apnea del sueño, la depresión y el dolor articular/de espalda. Por lo tanto, aunque puede no ser inmediatamente peligrosa, no debe considerarse completamente sana desde el punto de vista médico.","[Fuente: chunk_0]
En lo que respecta a la obesidad, se puede pensar en esto como un chequeo regular para así prevenir un mayor aumento de peso en individuos con obesidad leve no complicada (es decir, el estadio 0  o  1  según  el  EOSS).  Aunque  la  obesidad  está  fuertemente asociada  a  la  morbilidad  y  la  mortalidad,  hay  una  variación sustancial  en  los  perfiles  de  salud  observados  entre  personas con  el  mismo  índice  de  masa  corporal.  Además,  en  el  umbral inferior de la obesidad, hay personas que aún no han desarrollado comorbilidades  relacionadas,  como  hipertensión,  dislipidemia, problemas ortopédicos o diabetes.

---

[Fuente: chunk_1]
|       1 | Presencia de factores de riesgo subclínicos relacionados con la obesidad (por ejemplo, cifras de presión arterial límite, alteración de la glucosa en ayunas, elevación de las enzimas hepáticas, etc.), síntomas físicos leves (por ejemplo, disnea de esfuerzo moderada, dolores ocasionales, fatiga, etc.), psicopatología leve, limitaciones funcionales leves y/o deterioro leve del bienestar | Investigar otros factores de riesgo (no relacionados con el peso) Intervenir el comportamiento con mayor intensidad, incluyendo terapia nutricional, ejercicio y tratamientos psicológicos para prevenir aumento de peso Hacer un seguimiento de los factores de riesgo y del estado de salud |

---

[Fuente: chunk_2]
## RIESGOS PARA LA SALUD

La obesidad, por sus características fisiopatológicas de inflamación,  alteraciones  hormonales,  inmunodepresión  y  por ser  una  enfermedad  crónica,  constituye  un  factor  reconocido de  riesgo  para  la  salud,  involucrado  en  el  desarrollo  de  cáncer y de enfermedades crónicas no transmisibles como la DM2 y la hipertensión arterial.  En años recientes, también se ha demostrado que constituye un factor de riesgo para enfermedades infecciosas causadas  por  los  virus  influenza  y  Sars-Cov  2. 21 El  exceso  de peso  categorizado  en  base  al  Índice  de  Masa  Corporal  (IMC) ha  mostrado  que  las  categorías  de  obesidad  II  y  III  se  asocian significativamente  con  mayor  mortalidad  por  cualquier  causa. 22 En  Chile,  la  obesidad  también  se  ha  identificado  dentro  de  los principales factores de riesgo modificables para desarrollar DM2 e hipertensión arterial. 23,24

---

[Fuente: chunk_3]
Se  ha  informado  de  que  hasta  40%  de  la  población  puede presentar  un  índice  de  masa  corporal  elevado  y,  sin  embargo, aún  no  presentar  complicaciones  metabólicas,  (condición  que se  denominaba  'metabólicamente  sana',  hoy  término  muy cuestionado) 87  o el 20-25% con un estadio 0 o 1 del EOSS. 88  A diferencia de la prevención terciaria, en la que la pérdida de peso se asocia claramente con beneficios para la salud de los pacientes con morbilidad prevalente relacionada con la obesidad, no está claro qué beneficios, si es que hay alguno, puede haber para los pacientes  que  presentan  una  obesidad  metabólicamente  sana 89 o un estadio 0 o 1 del EOSS. 90

---

[Fuente: chunk_4]
A  pesar  de  la  ausencia  de  factores  de  riesgo  cardiometabólico concurrentes, los llamados pacientes metabólicamente sanos con obesidad  no  deberían  ser  considerados  completamente  sanos desde el  punto  de  vista  médico,  ya  que  estos  pacientes  tienen una mayor mortalidad, 81  y una mayor propensión a padecer otras afecciones no metabólicas asociadas a la obesidad, como la apnea del sueño, la depresión y el dolor articular/de espalda, entre otras. La  información  recopilada  en  la  evaluación  de  la  obesidad  que fue analizada mediante el Sistema de clasificación de la obesidad Edmonton  (EOSS) 18,19   ayuda  a  comprender  la  gravedad  de  la

Tabla 3: Sistema de clasificación de la obesidad Edmonton - EOSS"
"75","Si no tratas tu obesidad, podrías esperar trayectorias de peso más elevadas a largo plazo. Además, la falta de tratamiento puede afectar tu estado de salud y tu relación con los profesionales de la salud, ya que muchas personas con obesidad experimentan prejuicio y discriminación en el ámbito de la atención de salud, lo que puede llevar a evitar buscar tratamiento y retrasar la atención preventiva. También, el riesgo de resbalones, tropiezos y caídas aumenta, especialmente en personas con obesidad clase II o III.","[Fuente: chunk_0]
. 64-66 A pesar de la falta de mantenimiento del peso a largo plazo, sin tratamiento, podrían esperarse trayectorias de peso más elevadas. Por lo tanto, podría considerarse  la  posibilidad  de  añadir  otros  tratamientos  (por ejemplo, farmacoterapia y/o cirugía para la regulación del apetito) a lo largo del tiempo para apoyar el control de la obesidad en lugar de la pérdida de peso por sí sola.

---

[Fuente: chunk_1]
Muchas  personas  que  viven  con  obesidad  han  experimentado algún tipo de prejuicio sobre el peso en el ámbito de la atención de salud. 34,35 Esto  se  debe  en  parte  a  que  el  personal  en  salud puede adoptar actitudes y creencias negativas sobre la obesidad y su causalidad y la percepción de que los pacientes con obesidad están  desmotivados  y  son  poco  adherentes  a  las  indicaciones. Muchos pacientes  se  sienten  discriminados  y,  en  consecuencia, suelen evitar buscar tratamiento y retrasan la atención preventiva. 36 Esto  puede  afectar  a  su  estado  de  salud,  su  relación  con  los profesionales y su respuesta a las intervenciones. 37

---

[Fuente: chunk_2]
|       2 | Presencia comprobada de una enfermedad crónica relacionada a la obesidad (por ejemplo, hipertensión arterial, diabetes tipo 2, apnea del sueño, artrosis, enfermedad por reflujo gastroesofágico, síndrome de ovario poliquístico, trastorno de ansiedad, etc.), restricciones moderadas en las actividades diarias y/o en el bienestar                                                             | Iniciar el tratamiento de la obesidad, considerar todas las opciones de intervención psicológica, farmacológica y quirúrgica. Vigilar y manejar de cerca las comorbilidades indicadas                                                                                                         |

---

[Fuente: chunk_3]
## IMPACTO DE LA OBESIDAD EN EL DESEMPEÑO DE LAS AVD

Los  pacientes  en  tratamiento  para  la  obesidad  suelen  tener dificultades  para  participar  o  realizar  las  AVD  que  incluyen actividades necesarias para el control y el tratamiento satisfactorio de  la  obesidad,  como  el  ejercicio  físico  y  la  preparación  de  las comidas.  La  capacidad  de  hacer  actividades  de  forma  independiente (como bañarse, vestirse y acceder a los servicios sanitarios) también es necesaria para seguir un tratamiento de manejo de la obesidad. Cabe destacar que, el índice de masa corporal (IMC) no siempre es  un  factor  independiente  de  predicción  de  las  dificultades  de movilidad y aunque puede parecer lógico suponer que la forma del cuerpo o la distribución de la grasa corporal tienen un impacto en la movilidad (parte media o baja del cuerpo), no se ha reportado hasta la fecha ninguna asociación con la función o la discapacidad de las extremidades inferiores. 11

---

[Fuente: chunk_4]
El riesgo de resbalones, tropiezos y caídas aumenta en todas las clases de obesidad, con un mayor riesgo de lesiones en los adultos que tienen obesidad clase II o III. 15-18 En adultos, la obesidad clase III  se  asocia  con  una  disminución  del  equilibrio,  medida  por  el tiempo de mantenimiento del equilibrio y la oscilación postural del tronco durante la postura unipodal en una plataforma móvil. 19  El riesgo de caídas puede mejorar con el tratamiento de la obesidad. Un  estudio  demostró  en  una  pequeña  muestra  de  hombres adultos que una pérdida de peso significativa mejora la estabilidad postural,  y  que,  dicha  mejora  estaba  directamente  relacionada con la cantidad de peso perdido (el promedio de peso perdido fue de 12,3 kg tras una intervención dietética y de 71,3 kg tras una intervención quirúrgica). 20"
"76","Sí, la obesidad afecta la salud mental. Las personas que viven con obesidad pueden enfrentar impactos negativos en su salud mental, como estrés psicológico, ansiedad, aislamiento social y menor apoyo social. Además, los trastornos mentales son más prevalentes en quienes presentan comorbilidades relacionadas con el peso.","[Fuente: chunk_0]
## CONSECUENCIAS PARA LA SALUD MENTAL

Está  bien  demostrado  que  ser  víctima  de  sesgo,  estigma  y discriminación por peso se ha asociado a peores resultados en salud mental. Las personas que viven con obesidad pueden enfrentar impactos negativos en su salud mental, debido a su peso corporal, en múltiples niveles de su entorno. 59  Medidas globales de salud mental indican que experiencias de sesgo de peso están asociadas con estrés psicológico, tanto en personas que buscan tratamiento, como en muestras de población general. 53 Consecuencias psicosociales  de  sesgo  de  peso  incluyen  la  no  adherencia  a la  medicación,  ansiedad,  mayor  estrés  percibido,  aislamiento social,  consumo  de  sustancias,  estrategias  de  afrontamiento desadaptativas y menor apoyo social. 53   En personas adultas que viven con obesidad que buscan tratamiento se ha observado una mayor internalización de sesgo de peso asociada con un fuerte impacto negativo en la imagen corporal. 60

---

[Fuente: chunk_1]
Dada  la  alta  prevalencia  de  dificultades  en  salud  mental  en quienes  ya  están  con  la  obesidad,  no  es  sorprendente  que  los trastornos mentales sean más prevalentes en quienes presentan comorbilidades relacionadas con  el peso  y  quienes  buscan tratamiento  para  manejarlo.  Por  lo  tanto,  es  crucial  que  los profesionales de la salud que atienden a personas con obesidad prioricen también  las necesidades de salud mental de los pacientes. 29

---

[Fuente: chunk_2]
## INTRODUCCIÓN

Al igual que el intentar desentrañar la etiología de la obesidad, actualmente el entender la asociación entre el aumento de peso y los trastornos mentales va más allá de nuestras capacidades. 21 Conocemos  las  vulnerabilidades  asociadas  a  un  mayor  riesgo, tanto  de  aumento  de  peso  en  quienes  padecen  un  trastorno mental, y a la inversa, de  problemas de salud mental en quienes viven con obesidad; y conocemos el resultado, la presencia de una enfermedad puede impactar a la otra. 22,23  También sabemos que el  sesgo  inconsciente,  un  factor  al  que  se  enfrentan  a  menudo aquellas personas con obesidad y enfermedades  mentales, se  agrava  cuando  las  enfermedades  concurren  y  puede  ser especialmente perjudicial en los escenarios médicos. 24

---

[Fuente: chunk_3]
El efecto de la farmacoterapia contra la obesidad en la osteoartritis no se ha estudiado adecuadamente.

## Salud mental y calidad de vida

La  elección  de  los  agentes  para  tratar  los  problemas  de  salud mental (por ejemplo, depresión, psicosis) debe tener en cuenta el efecto sobre el peso. La farmacoterapia para el trastorno por atracón  y  el  trastorno  por  déficit  de  atención  e  hiperactividad también debe tomar en consideración el efecto sobre el peso.

Aunque la relación entre la salud mental y la obesidad es compleja, la mayoría de los estudios demuestran que el éxito del tratamiento de la obesidad se asocia a una mejora de los parámetros de salud mental. La pérdida de peso se asocia con una mejor calidad de vida en algunos ensayos de pérdida de peso, pero no en todos. Como la mayoría de los medicamentos contra la obesidad actúan en el cerebro, es importante determinar su efecto y seguridad en los parámetros de salud mental.

---

[Fuente: chunk_4]
Ser consciente de la asociación entre trastorno mental y obesidad no es un simple ejercicio académico. Las personas que padecen trastornos mentales presentan una mayor morbilidad y mortalidad, en algunos casos con un riesgo de muerte prematuramente de hasta 15 años, debido a las comorbilidades médicas, muchas de las  cuales  están  relacionadas  con  el  aumento  de  peso. 30   Puede ser  desafiante  abordar  tanto  necesidades  de  salud  física,  como mental en esta población, pero debido a la interacción de ambas condiciones,  debería  considerarse  una  prioridad,  tanto  a  nivel individual como de sistema de salud. La evidencia demuestra que las personas con problemas de salud mental a menudo no reciben atención;  esto  puede  evitarse  con  un  enfoque  de  detección estandarizado. 31"
"77","Sí, la obesidad puede causar depresión. Se ha documentado que las personas con sobrepeso u obesidad tienen un mayor riesgo de desarrollar depresión, y en mujeres chilenas, la obesidad ha demostrado causar ansiedad y depresión, afectando la salud mental y la calidad de vida.","[Fuente: chunk_0]
La  depresión  está  asociada  con  el  aumento  de  peso  corporal,  y las  personas  que  viven  con  obesidad  tienen  un  mayor  riesgo  de depresión,  especialmente  aquellas  diagnosticadas  con  obesidad tipo  II  y  III. 62 La  evidencia  reciente  sugiere  que  la  percepción  de discriminación por el peso corporal puede ser una explicación para esta relación, con particular evidencia en adultos de edad media y  personas  mayores. 47,62,63 En  una  muestra  de  255  personas  con trastorno por atracón que buscaban tratamiento, la internalización del sesgo de peso se relacionó con peores puntuaciones generales en salud mental, y los síntomas depresivos mediaban esta relación. 16

---

[Fuente: chunk_1]
## SALUD MENTAL Y CALIDAD DE VIDA

Las personas con sobrepeso u obesidad tienen un mayor riesgo de  desarrollar  depresión,  según  una  revisión  sistemática  y  un metaanálisis de estudios longitudinales. 104  Está documentado que la actividad física puede utilizarse para prevenir (o para tratar en el caso de la terapia) los trastornos del estado de ánimo (es decir, depresión, ansiedad), y para mejorar la calidad de vida y la imagen corporal en poblaciones no clínicas y clínicas. 18 Sin  embargo, la evidencia sobre la eficacia de la actividad física para mejorar los trastornos del estado de ánimo en personas adultas con sobrepeso u obesidad es menos concluyente.

---

[Fuente: chunk_2]
A nivel  mundial,  se  ha  estimado  que,  al  disminuir  la  obesidad, se podría reducir en un tercio el riesgo de cáncer. En Chile, se ha reportado que las neoplasias asociadas a obesidad principalmente en localizaciones de endometrio, esófago, riñón y vesícula biliar representan 30% de las muertes en mujeres; y las localizaciones en  esófago  y  páncreas,  representan  el  21%  de  las  muertes  en hombres, estimándose que sin la presencia del factor obesidad se podría prevenir el cáncer en 20%. 25 Durante la gestación, el exceso de peso aumenta el riesgo de preeclampsia, diabetes gestacional de la madre y distocia en el neonato. 26  En las mujeres chilenas también  se  ha  demostrado  que  la  obesidad  causa  ansiedad  y depresión, afectando así la salud mental y la calidad de vida. 27

---

[Fuente: chunk_3]
Se  han  evaluado  las  terapias  conductuales  en  pacientes  con obesidad y depresión comórbida, tanto en intervenciones aisladas como  en  combinación  con  otros  tratamientos.  Dos  estudios randomizados  controlados  compararon  la  terapia  conductual de  la  obesidad  versus  un  tratamiento  psicológico  adicional, específicamente  una  intervención  conductual  o  una  terapia cognitiva conductual, arrojando como resultado pérdidas de peso similares entre los grupos y no se evidenció ninguna ventaja de un tratamiento combinado sobre otro. 69,70  Si a una intervención sobre el  estilo  de  vida,  se  le  adicionan  intervenciones específicas para la  depresión,  tales  como  la  terapia  conductual,  se  proporciona un  beneficio  adicional,  reduciendo  los  síntomas  depresivos  en pacientes con obesidad, si se compara con la intervención sobre el estilo de vida de manera aislada. 69

---

[Fuente: chunk_4]
21.   Taylor  VH,  McIntyre  RS,  Remington  G,  Levitan  RD,  Stonehocker  B,  Sharma AM.  Beyond  pharmacotherapy:  Understanding  the  links  between  obesity and  chronic  mental  illness. Canadian  Journal  of  Psychiatry.  2012;57(1). doi:10.1177/070674371205700103
22.   Calkin C, Van De Velde C, Růžičková M, et al. Can body mass index help predict outcome  in  patients  with  bipolar  disorder?  Bipolar  Disorders.  2009;11(6). doi:10.1111/j.1399-5618.2009.00730.x
23.   Kloiber  S,  Ising  M,  Reppermund  S,  et  al.  Overweight  and  Obesity  Affect Treatment  Response  in  Major  Depression.  Biological  Psychiatry.  2007;62(4). doi:10.1016/j.biopsych.2006.10.001
24.   Pearl RL, Puhl RM. Weight bias internalization and health: a systematic review. Obesity Reviews. 2018;19(8). doi:10.1111/obr.12701"
"78","El cansancio puede ser provocado por varios factores, como la depresión, el estrés, el trabajo por turnos o la falta de sueño. Estos factores pueden influir en la disminución de la actividad física y, por lo tanto, contribuir a la sensación de cansancio.","[Fuente: chunk_0]
Por otra parte, aunque es indudable que una mala alimentación y  la  falta  de  actividad  física  son  importantes  factores  de  riesgo para  el  desarrollo  de  obesidad,  pueden  existir  otros  factores que también jueguen un rol muy importante. Es por esto que el personal médico deba considerar las posibles causas subyacentes del  aumento  de  peso,  y  no  solo  enfocarse  en  el  síntoma  del aumento de peso. Por ejemplo, el estrés, el trabajo por turnos o la falta de sueño podrían ser la causa principal del aumento de la ingesta alimentaria; y por otra parte la depresión y el cansancio pueden provocar una disminución de la actividad física. Además, dependiendo de la situación, el atenuar el aumento de peso en lugar de prevenirlo o bajar de peso puede ser un objetivo más razonable y posible de alcanzar. 13

---

[Fuente: chunk_1]
Las  personas  que  viven  con  obesidad  en  ocasiones  tienen dificultades  para  participar  o  realizar  las  AVD,  lo  que  puede conducir a situaciones inseguras y a una mala calidad de vida. La obesidad se asocia a un mayor tiempo dedicado a las actividades de autocuidado, lo que indica que los pacientes pueden necesitar más  tiempo  para  completar  las  AVD,  como  bañarse,  vestirse  y desplazarse de un lugar a otro.  Se ha informado que las personas que  viven  con  obesidad  dedican  casi  el  triple  de  tiempo  a  las AVD versus personas sin obesidad de la misma edad, lo que deja menos tiempo para el trabajo, descanso y actividades de ocio. 7  La obesidad clase II y III se asocian a un aumento de las probabilidades de deterioro de las AVD como acostarse y levantarse de la cama, vestirse, bañarse, comer. 6,7,9

---

[Fuente: chunk_2]
La actividad física regular aumenta el gasto energético y mejora la salud cardiovascular. Los cambios de comportamiento son, con mucho, el  componente  más  importante  para  integrar  patrones de alimentación y actividad que sean satisfactorios a largo plazo. Pueden incluir el autocontrol o el registro de un diario de alimentos y ejercicios, el apoyo de familiares o amistades o el asesoramiento individual o en grupo. Los cambios de comportamiento a corto plazo conducen a una pérdida de peso discreta del 3-5%, pero suele ser difícil de mantener. Las tasas de reincidencia en la pérdida de  peso  son  altas  porque  nuestro  cuerpo  está  diseñado  para resistirse a la pérdida de peso. La reducción del gasto energético y las respuestas hormonales adaptativas tras la pérdida de peso pueden favorecer la recuperación de peso.

Una revisión sistemática descubrió que la tasa promedio de gasto energético  en  reposo  disminuía  en  aproximadamente  15  kcal/kg

---

[Fuente: chunk_3]
El uso de estrategias para manejar la energía en algunas actividades de  la  vida  diaria  como  las  de  autocuidado,  pueden  ayudar  a reservar  energía  para  que  se  puedan  realizar  otras  actividades cotidianas  por  ejemplo  el  ejercicio,  las  compras,  asistencia  a citas médicas, el manejo de las finanzas, lavado de la ropa o las actividades sociales y de ocio.

Las  estrategias  de  conservación  de  la  energía  también  pueden ayudar  a  los  pacientes  a  gestionar  su  energía  para  cambiar su  comportamiento  y  apoyar  el  control  de  la  obesidad  en  la preparación  de  las  comidas  y  la  actividad  física.  Por  lo  tanto, se  sugiere  que  los  profesionales  sanitarios  tengan  en  cuenta las  estrategias  de  conservación  de  energía  cuando  prescriban actividad física o ejercicios terapéuticos como parte de un plan de tratamiento de la obesidad.

---

[Fuente: chunk_4]
La obesidad es una enfermedad crónica compleja en la que el exceso de grasa corporal (adiposidad) perjudica la salud, aumenta el riesgo de complicaciones médicas a largo plazo y reduce la esperanza de vida. 22-27 La  obesidad  se  ha  considerado  tradicionalmente  como un factor de riesgo para una amplia gama de otros problemas de salud. Sin embargo, la Asociación Médica Canadiense, 20  considera actualmente  a    la  obesidad  como  una  enfermedad  crónica  por sí  misma,  similar  a  la  diabetes  de  tipo  2,  la  hipertensión  arterial crónica y la dislipidemia (en consonancia con otras organizaciones como  Obesity  Canada,  la  Asociación  Médica  Americana, 25   la Organización Mundial de la Salud 24 , la Federación Mundial de la Obesidad y otras. 25-27 ) Para que una enfermedad sea considerada como crónica, debe cumplir con tres criterios que son: 1) deterioro del funcionamiento normal del cuerpo, 2) debe presentar síntomas y signos, y 3) que produzca daño o morbilidad. 28-31"
"79","Sí, la obesidad afecta las articulaciones. Existe una asociación significativa entre la grasa corporal y el dolor musculoesquelético, especialmente en articulaciones como la columna lumbar, rodillas y pies. Además, se ha reportado que el dolor crónico relacionado con la obesidad incluye dolor en estas áreas.","[Fuente: chunk_0]
Aptitud física: La aptitud física es importante para las tareas de la vida y la salud cotidiana. En general, la aptitud física es menor en las personas con sobrepeso u obesidad y la pueden mejorar al participar en programas de entrenamiento físico sin centrarse en la pérdida de peso. Los profesionales de la salud deben considerar las  necesidades  y  preferencias  de  la  persona  con  obesidad  a  la hora de asesorar sobre el ejercicio físico. 22

## DOLOR

Existe  una  asociación  significativa  entre  la  grasa  corporal  y  el dolor  musculoesquelético,  particularmente  dolor  generalizado  y en articulaciones como columna lumbar, rodillas y pies, siendo la grasa corporal un mejor indicador de riesgo en comparación con el peso corporal. 23  Además, se ha reportado que el dolor crónico relacionado con la obesidad incluye dolores de cabeza, abdominal, pélvico y neuropático, entre otros. 24

---

[Fuente: chunk_1]
## IMPACTO DE LA OBESIDAD EN EL DESEMPEÑO DE LAS AVD

Los  pacientes  en  tratamiento  para  la  obesidad  suelen  tener dificultades  para  participar  o  realizar  las  AVD  que  incluyen actividades necesarias para el control y el tratamiento satisfactorio de  la  obesidad,  como  el  ejercicio  físico  y  la  preparación  de  las comidas.  La  capacidad  de  hacer  actividades  de  forma  independiente (como bañarse, vestirse y acceder a los servicios sanitarios) también es necesaria para seguir un tratamiento de manejo de la obesidad. Cabe destacar que, el índice de masa corporal (IMC) no siempre es  un  factor  independiente  de  predicción  de  las  dificultades  de movilidad y aunque puede parecer lógico suponer que la forma del cuerpo o la distribución de la grasa corporal tienen un impacto en la movilidad (parte media o baja del cuerpo), no se ha reportado hasta la fecha ninguna asociación con la función o la discapacidad de las extremidades inferiores. 11

---

[Fuente: chunk_2]
| Comorbilidades relacionadas con la obesidad que afectan a la función diaria | • Educar sobre las comorbilidades asociadas (por ejemplo, artrosis, neuropatía diabética, incontinencia urinaria*, linfedema*). *Requiere capacitación especializada.                                                                                                                                                                                                                                                                                                                                                                                                                                                                                                                                                                                                                                                                                |

---

[Fuente: chunk_3]
Las  personas  que  viven  con  obesidad  en  ocasiones  tienen dificultades  para  participar  o  realizar  las  AVD,  lo  que  puede conducir a situaciones inseguras y a una mala calidad de vida. La obesidad se asocia a un mayor tiempo dedicado a las actividades de autocuidado, lo que indica que los pacientes pueden necesitar más  tiempo  para  completar  las  AVD,  como  bañarse,  vestirse  y desplazarse de un lugar a otro.  Se ha informado que las personas que  viven  con  obesidad  dedican  casi  el  triple  de  tiempo  a  las AVD versus personas sin obesidad de la misma edad, lo que deja menos tiempo para el trabajo, descanso y actividades de ocio. 7  La obesidad clase II y III se asocian a un aumento de las probabilidades de deterioro de las AVD como acostarse y levantarse de la cama, vestirse, bañarse, comer. 6,7,9

---

[Fuente: chunk_4]
| Comorbilidades relacionadas con la obesidad que afectan a las AVD | • Evaluar las comorbilidades que afectan la ejecución o participación en las AVD (enfermedades musculoesqueléticas, cardiovasculares, respiratorias y neurológicas, por ejemplo: artrosis, lumbago, neuropatía diabética, trastornos de la marcha, secuelas de accidente cerebro vascular) • Diagnosticar funcionalmente al paciente con obesidad de acuerdo con los lineamientos de la CIF, determinar el diagnóstico etiológico o sindromático. • Definir y aplicar estrategias para prevenir complicaciones asociadas a la situación actual. Definir y aplicar estrategias para prevenir nuevos eventos del mismo tipo (prevención secundaria). • Derivar a otros profesionales de la salud para manejo específico de las comorbilidades. |"
"80","El contexto no proporciona información específica sobre si es normal tener ansiedad por la comida.","[Fuente: chunk_0]
| Mejora relacionada al apetito     | Hambre, saciedad, antojos, ganas de comer, palatabilidad de los alimentos Salud Estado Relación                          | intestinal de con                                                                                                                     |
| Salud mental                      | Conductas alimentarias trastornadas, autoestima, autoeficacia, regulación emocional, estado de ánimo/ ansiedad, adicción | Hambre Ansiedad Salud general                                                                                                         |

---

[Fuente: chunk_1]
| El personal de salud debe conocer la importancia de los fundamentos neurobiológicos que subyacen al impulso de comer (antojos de comida), así como el rol de la comida como refuerzo (aprendizaje asociativo). Esta información debe utilizarse                             | Las intervenciones conductuales que refuerzan la autorregulación alimentaria mejoran los resultados, sobre todo en aquellos que reportan fuertes ansias de comer. 32-34                                            | NIVEL 2, GRADO B     |

---

[Fuente: chunk_2]
El  personal de salud puede dudar en recomendar la restricción de  la  ingesta  o  las  DMBC,  ya  que  una  revisión  bibliográfica temprana descubrió que el desarrollo de trastornos alimentarios en  mujeres  de  edad  universitaria  estaba  asociado  con  un historial  de  restricción  calórica  intencional  para  perder  peso. 178 Sin embargo, la evidencia actual muestra resultados mixtos, ya que los  estudios  limitados  han  evaluado  específicamente  si  las prácticas de dieta (para la búsqueda de un peso o forma corporal ideal, el impulso de delgadez y los objetivos de pérdida de peso) precipitan  los  trastornos  alimentarios  (como  el  trastorno  por atracón  o  las  conductas  alimentarias  trastornadas)

---

[Fuente: chunk_3]
| El personal de salud debe conocer la importancia de los fundamentos neurobiológicos que subyacen al impulso de comer (antojos de comida), así como el rol de la comida como refuerzo (aprendizaje asociativo). Esta información debe utilizarse                             |                                                                                                                                                                                                                    | NIVEL 1A, GRADO A    |

---

[Fuente: chunk_4]
.                                                                                                                                                                                                                                                                                                                         | ¿Hay preocupación por el hambre fisiológica, la alimentación emocional, la alimentación sin sentido, el déficit de conocimientos? 94 Para más detalles, véase el capítulo Terapia de nutrición médica para el tratamiento de la obesidad"
"81","Comes cuando estás triste porque la dopamina se libera en respuesta a desencadenantes emocionales, como la tristeza, señalando el deseo de comer. Además, la comida puede actuar como un refuerzo que genera placer, lo que puede llevar a la sobre ingesta asociada a la obesidad.","[Fuente: chunk_0]
. 20 El  placer  de  comer  también  puede  ser  disfuncional  en  algunos pacientes  con  obesidad,  y  se  reduce  en  comparación  con  la anticipación, lo que da lugar a la necesidad de comer en exceso para alcanzar el nivel de la anticipación. 21

---

[Fuente: chunk_1]
| Mejora relacionada al apetito     | Hambre, saciedad, antojos, ganas de comer, palatabilidad de los alimentos Salud Estado Relación                          | intestinal de con                                                                                                                     |
| Salud mental                      | Conductas alimentarias trastornadas, autoestima, autoeficacia, regulación emocional, estado de ánimo/ ansiedad, adicción | Hambre Ansiedad Salud general                                                                                                         |

---

[Fuente: chunk_2]
| El personal de salud debe conocer la importancia de los fundamentos neurobiológicos que subyacen al impulso de comer (antojos de comida), así como el rol de la comida como refuerzo (aprendizaje asociativo). Esta información debe utilizarse                             | Las intervenciones conductuales que refuerzan la autorregulación alimentaria mejoran los resultados, sobre todo en aquellos que reportan fuertes ansias de comer. 32-34                                            | NIVEL 2, GRADO B     |

---

[Fuente: chunk_3]
La  dopamina  se  libera  desde  el  área  tegmental  ventral  y  en  la substantia  nigra  del  cerebro,  señalando  el  deseo  de  comer,  en respuesta a desencadenantes emocionales (como sensaciones de tristeza o estrés emocional) o señales ambientales (como el olor o la vista de una comida deliciosa). 18  Drogas altamente adictivas tales como la cocaína o la anfetamina actúan sobre la acción de la dopamina. Haciendo analogía con las adicciones a estas drogas, algunos  autores  se  han  referido  al  concepto  de  'adicción  a  la comida' para explicar la sobre ingesta asociada a la obesidad. Las señales opioides y endocannabinoides también se liberan cuando se  consumen  alimentos,  y  son  responsables  de  la  sensación de  placer  asociada  a  la  alimentación. 19   Algunas  personas  con obesidad pueden tener una mayor anticipación (deseo) del placer de la comida impulsada por una desregulación de la dopamina

---

[Fuente: chunk_4]
| El personal de salud debe conocer la importancia de los fundamentos neurobiológicos que subyacen al impulso de comer (antojos de comida), así como el rol de la comida como refuerzo (aprendizaje asociativo). Esta información debe utilizarse                             | Las terapias de aceptación y compromiso son complementos de valor añadido a las intervenciones conductuales multicomponentes. 35,36                                                                                | NIVEL 2, GRADO B     |"
"82","Para controlar la ansiedad por comer, se pueden considerar las siguientes intervenciones:

1. **Alimentación basada en la atención plena**: Esta práctica puede ayudar a reducir la ansiedad por la comida, disminuir la alimentación basada en la recompensa, mejorar la satisfacción corporal y aumentar la conciencia de la sensación de hambre y saciedad.

2. **Fomentar la autoconciencia**: Las intervenciones que se centran en la autoconciencia del hambre, la saciedad y la satisfacción han demostrado ser eficaces para el consumo compulsivo y los trastornos alimentarios.

3. **Identificación de moduladores internos**: Es útil identificar y aceptar una lista delimitada de moduladores internos que afectan el apetito, así como revisar problemas como estrés, fatiga, depresión o ansiedad.

No se proporciona información específica sobre otras estrategias para controlar la ansiedad por comer en el contexto proporcionado.","[Fuente: chunk_0]
| El personal de salud debe conocer la importancia de los fundamentos neurobiológicos que subyacen al impulso de comer (antojos de comida), así como el rol de la comida como refuerzo (aprendizaje asociativo). Esta información debe utilizarse                             | Las intervenciones conductuales que refuerzan la autorregulación alimentaria mejoran los resultados, sobre todo en aquellos que reportan fuertes ansias de comer. 32-34                                            | NIVEL 2, GRADO B     |

---

[Fuente: chunk_1]
Las intervenciones basadas en la atención plena que se centran en la autoconciencia, concretamente en el hambre, la saciedad y la satisfacción, han resultado eficaces para el  consumo compulsivo, 155-157 los  trastornos  alimentarios, 155 y  han  afectado positivamente  a  las  conductas  alimentarias 151 y  a  la  pérdida de  peso. 158,159 Sin  embargo,  es  necesario  tener  precaución  al interpretar  los  resultados  de  los  enfoques  no  dietéticos.  Hay varias  intervenciones  no  dietéticas  en  la  literatura  sin  grupo  de control,  y  existe  un  alto  riesgo  de  sesgo  en  los  ensayos  y  de herramientas  inconsistentes  que  han  utilizado  para  medir  los resultados

---

[Fuente: chunk_2]
-  Las intervenciones nutricionales para el tratamiento de  la  obesidad  deben  hacer  hincapié  en  las  prácticas alimentarias individuales, la calidad de los alimentos y en una relación saludable con la comida. También se puede incluir  la  alimentación  basada  en  la  atención  plena,  lo que  puede  ayudar  a  reducir  la  ansiedad  por  la  comida, disminuir la alimentación basada en la recompensa, mejorar la satisfacción corporal y aumentar la conciencia de la sensación de hambre y saciedad.
-  La restricción calórica permite bajar de peso a corto plazo (&lt;12 meses) pero no ha demostrado ser sostenible a largo plazo (&gt;12 meses). La restricción calórica puede afectar a las vías neurobiológicas que controlan el apetito, el hambre, los antojos y la regulación del peso corporal, lo cual puede provocar  un  aumento  de  la  ingesta  de  alimentos  y  un aumento de peso.

---

[Fuente: chunk_3]
## Fomentar la conciencia del deseo de comer

Utilice la CM para:

-   Fomentar una comprensión del sistema motivacional del deseo como una función cerebral normal.
-   Animar a la PcO a identificar entornos de alto riesgo que generan deseo de comer (condicionamiento pavloviano).
- Fomentar en la PcO la posibilidad de aceptar el deseo de comer como un proceso biológico normal, considerando que la moderación de este puede generar malestar. Sin embargo es de gran utilidad si es en apoyo de los objetivos y valores

## Moduladores

Utilice la CM para:

- Fomentar la identificación y la aceptación de una delimitada lista de moduladores internos que afectan el apetito y que tienen efecto en la capacidad de desear y restringir.
- Revisar y atender problemas como estrés, fatiga, depresión o ansiedad.

## Tabla 1: Revisión de las evidencias

---

[Fuente: chunk_4]
| El personal de salud debe conocer la importancia de los fundamentos neurobiológicos que subyacen al impulso de comer (antojos de comida), así como el rol de la comida como refuerzo (aprendizaje asociativo). Esta información debe utilizarse                             | Las terapias de aceptación y compromiso son complementos de valor añadido a las intervenciones conductuales multicomponentes. 35,36                                                                                | NIVEL 2, GRADO B     |"
"83","El contexto no proporciona una definición específica de ""hambre emocional"". Sin embargo, menciona que la dopamina se libera en respuesta a desencadenantes emocionales, como sensaciones de tristeza o estrés emocional, lo que sugiere que la alimentación puede estar influenciada por factores emocionales.","[Fuente: chunk_0]
.                                                                                                                                                                                                                                                                                                                         | ¿Hay preocupación por el hambre fisiológica, la alimentación emocional, la alimentación sin sentido, el déficit de conocimientos? 94 Para más detalles, véase el capítulo Terapia de nutrición médica para el tratamiento de la obesidad

---

[Fuente: chunk_1]
| Mejora relacionada al apetito     | Hambre, saciedad, antojos, ganas de comer, palatabilidad de los alimentos Salud Estado Relación                          | intestinal de con                                                                                                                     |
| Salud mental                      | Conductas alimentarias trastornadas, autoestima, autoeficacia, regulación emocional, estado de ánimo/ ansiedad, adicción | Hambre Ansiedad Salud general                                                                                                         |

---

[Fuente: chunk_2]
## NEUROBIOLOGÍA DE LA INGESTA HEDÓNICA

El  control  homeostático  de  la  ingesta  en  el  hipotálamo  está influido por factores tales como el estado nutricional, la detección y disponibilidad de nutrientes, gusto, olfato y preferencias alimentarias. Además del control hipotalámico de la ingesta, hay otros  sistemas  neuronales  que  intervienen  y  que  proporcionan los aspectos emocionales, placenteros y gratificantes de la alimentación,  también  conocidos  como  ingesta  hedónica.  La ingesta  hedónica  se  basa  en  las  sensaciones  de  gratificación  y placer  que  se  asocian  a  ver,  oler  o  comer  alimentos. 16 Esta  vía significa que el cerebro puede desear la comida, o incluso disfrutar de ella, incluso cuando la persona está completamente saciada. Las señales se transmiten por las vías dopaminérgica, opioide y endocanabinoide  a  través  de  los  respectivos  receptores  en  los blancos descendentes. 17

---

[Fuente: chunk_3]
## Fomentar la conciencia del deseo de comer

Utilice la CM para:

-   Fomentar una comprensión del sistema motivacional del deseo como una función cerebral normal.
-   Animar a la PcO a identificar entornos de alto riesgo que generan deseo de comer (condicionamiento pavloviano).
- Fomentar en la PcO la posibilidad de aceptar el deseo de comer como un proceso biológico normal, considerando que la moderación de este puede generar malestar. Sin embargo es de gran utilidad si es en apoyo de los objetivos y valores

## Moduladores

Utilice la CM para:

- Fomentar la identificación y la aceptación de una delimitada lista de moduladores internos que afectan el apetito y que tienen efecto en la capacidad de desear y restringir.
- Revisar y atender problemas como estrés, fatiga, depresión o ansiedad.

## Tabla 1: Revisión de las evidencias

---

[Fuente: chunk_4]
La  dopamina  se  libera  desde  el  área  tegmental  ventral  y  en  la substantia  nigra  del  cerebro,  señalando  el  deseo  de  comer,  en respuesta a desencadenantes emocionales (como sensaciones de tristeza o estrés emocional) o señales ambientales (como el olor o la vista de una comida deliciosa). 18  Drogas altamente adictivas tales como la cocaína o la anfetamina actúan sobre la acción de la dopamina. Haciendo analogía con las adicciones a estas drogas, algunos  autores  se  han  referido  al  concepto  de  'adicción  a  la comida' para explicar la sobre ingesta asociada a la obesidad. Las señales opioides y endocannabinoides también se liberan cuando se  consumen  alimentos,  y  son  responsables  de  la  sensación de  placer  asociada  a  la  alimentación. 19   Algunas  personas  con obesidad pueden tener una mayor anticipación (deseo) del placer de la comida impulsada por una desregulación de la dopamina"
"84","Para dejar de comer en exceso, es recomendable centrarse en la autoconciencia sobre el hambre, la saciedad y la satisfacción. Las intervenciones basadas en la atención plena pueden ser eficaces para mejorar las conductas alimentarias y reducir el consumo compulsivo. Además, es importante tener una relación sana con la comida y considerar acudir a un nutricionista certificado que ofrezca un plan personalizado y asesoramiento continuo sobre la salud y los requerimientos nutricionales.","[Fuente: chunk_0]
Las intervenciones basadas en la atención plena que se centran en la autoconciencia, concretamente en el hambre, la saciedad y la satisfacción, han resultado eficaces para el  consumo compulsivo, 155-157 los  trastornos  alimentarios, 155 y  han  afectado positivamente  a  las  conductas  alimentarias 151 y  a  la  pérdida de  peso. 158,159 Sin  embargo,  es  necesario  tener  precaución  al interpretar  los  resultados  de  los  enfoques  no  dietéticos.  Hay varias  intervenciones  no  dietéticas  en  la  literatura  sin  grupo  de control,  y  existe  un  alto  riesgo  de  sesgo  en  los  ensayos  y  de herramientas  inconsistentes  que  han  utilizado  para  medir  los resultados

---

[Fuente: chunk_1]
| El personal de salud debe conocer la importancia de los fundamentos neurobiológicos que subyacen al impulso de comer (antojos de comida), así como el rol de la comida como refuerzo (aprendizaje asociativo). Esta información debe utilizarse                             | Las intervenciones conductuales que refuerzan la autorregulación alimentaria mejoran los resultados, sobre todo en aquellos que reportan fuertes ansias de comer. 32-34                                            | NIVEL 2, GRADO B     |

---

[Fuente: chunk_2]
su  nutricionista  para  discutir  las  ventajas  y  desventajas  de los diferentes patrones de alimentación en cuanto le ayuden a  lograr  sus  objetivos  de  salud.  La  forma  de  comer  es  tan importante como cuánto y qué se come. Intente comer de manera consciente y tener una relación sana con la comida.

Hacer 'dieta' o restringir drásticamente la ingesta de alimentos puede provocar cambios en su cuerpo que, con el tiempo, podrían hacerle recuperar el peso.

Acuda a un nutricionista certificado que le ofrezca un plan personalizado  y  le  brinde  asesoramiento  continuo  sobre  su estado de salud y sus requerimientos nutricionales.

---

[Fuente: chunk_3]
-  Las intervenciones nutricionales para el tratamiento de  la  obesidad  deben  hacer  hincapié  en  las  prácticas alimentarias individuales, la calidad de los alimentos y en una relación saludable con la comida. También se puede incluir  la  alimentación  basada  en  la  atención  plena,  lo que  puede  ayudar  a  reducir  la  ansiedad  por  la  comida, disminuir la alimentación basada en la recompensa, mejorar la satisfacción corporal y aumentar la conciencia de la sensación de hambre y saciedad.
-  La restricción calórica permite bajar de peso a corto plazo (&lt;12 meses) pero no ha demostrado ser sostenible a largo plazo (&gt;12 meses). La restricción calórica puede afectar a las vías neurobiológicas que controlan el apetito, el hambre, los antojos y la regulación del peso corporal, lo cual puede provocar  un  aumento  de  la  ingesta  de  alimentos  y  un aumento de peso.

---

[Fuente: chunk_4]
El  aumento de peso asociado al dejar de fumar se atribuye en gran medida al incremento de la ingesta calórica y la reducción del  gasto  energético. 49   Varios  estudios  que  compararon  una combinación de suspensión del tabaquismo y restricción calórica (utilizando planes alimentarios de sustitución de comidas o bajos en calorías) reportan resultados contradictorios. 50  Además, existe la  preocupación  de  que  una  restricción  calórica  estricta  pueda impedir los intentos para dejar de fumar tabaco. 49,51,52  No todos están  de  acuerdo  en  este  punto,  ya  que  algunos  sugieren  que los  programas  combinados  de  suspensión  tabáquica  y  manejo de peso pueden incluso mejorar la abstinencia a corto plazo (&lt;3 meses). 50   Lamentablemente,  pareciera  que  las  intervenciones conductuales no son beneficiosas en la prevención del aumento de peso a largo plazo. 50"
"85","No puedes mantener una dieta porque, aunque es necesario un déficit calórico para perder peso, mantenerlo puede ser difícil a largo plazo debido a mecanismos de compensación que estimulan la ingesta de calorías, como el aumento del hambre y el deseo de comer. Además, las intervenciones nutricionales afectan a cada persona de forma diferente, lo que significa que no existe un enfoque único que funcione para todos.","[Fuente: chunk_0]
. Esto podría deberse a que la intervención dietética era más indicativa y no individualizada; y, por lo tanto, insostenible. El uso de intervenciones basadas en la web puede seguir siendo una opción rentable en la comunidad para lograr una pérdida de peso  relevante,  especialmente  en  aquellas  comunidades  donde los recursos son escasos. Para mitigar la recuperación de peso, lo ideal es que el asesoramiento sobre la dieta y la actividad física se adapte a cada persona.

---

[Fuente: chunk_1]
su  nutricionista  para  discutir  las  ventajas  y  desventajas  de los diferentes patrones de alimentación en cuanto le ayuden a  lograr  sus  objetivos  de  salud.  La  forma  de  comer  es  tan importante como cuánto y qué se come. Intente comer de manera consciente y tener una relación sana con la comida.

Hacer 'dieta' o restringir drásticamente la ingesta de alimentos puede provocar cambios en su cuerpo que, con el tiempo, podrían hacerle recuperar el peso.

Acuda a un nutricionista certificado que le ofrezca un plan personalizado  y  le  brinde  asesoramiento  continuo  sobre  su estado de salud y sus requerimientos nutricionales.

---

[Fuente: chunk_2]
## INTRODUCCIÓN

Generalmente,  se  suele  estigmatizar  a  las  personas  que  viven con  obesidad 61   y  a  las  personas  con  cuerpos  más  grandes. También se les crítica por los alimentos y porciones que escogen y  sus  comportamientos  alimentarios. 61-63   Muchos  esfuerzos  de mercadotecnia social, salud pública y mensajes clínicos sobre comida se han centrado en comer menos o elegir alimentos buenos. Como consecuencia de estos mensajes, las dietas y los objetivos centrados en la pérdida de peso perpetúan la noción de que la pérdida de peso y/o la salud pueden alcanzarse únicamente mediante la restricción calórica, la privación de alimentos y/o las prácticas de dieta. Estos relatos simplistas a menudo ignoran que la pérdida de peso podría ser insostenible, no debido a las elecciones personales o a la falta de voluntad, sino debido a fuertes mecanismos biológicos y fisiológicos que protegen al cuerpo contra la pérdida de peso.

---

[Fuente: chunk_3]
104.   Fitzpatrick SL, Coughlin JW, Appel LJ, et al. Application of Latent Class Analysis to Identify Behavioral Patterns of Response to Behavioral Lifestyle Interventions in Overweight and Obese Adults. International Journal of Behavioral Medicine. 2015;22(4). doi:10.1007/s12529-014-9446-y
105.   Alhassan S, Kim S, Bersamin A, King AC, Gardner CD. Dietary adherence and weight loss success among overweight women: Results from the A to Z weight loss study. International Journal of Obesity. 2008;32(6). doi:10.1038/ijo.2008.8
106.   Sacks  FM,  Bray  GA,  Carey  VJ,  et  al.  Comparison  of  Weight-Loss  Diets  with Different  Compositions  of  Fat,  Protein,  and  Carbohydrates.  New  England Journal of Medicine. 2009;360(9). doi:10.1056/nejmoa0804748
107.   Cleobury  L,  Tapper  K.  Reasons  for  eating  'unhealthy'  snacks  in  overweight and  obese  males  and  females.  Journal  of  Human  Nutrition  and  Dietetics. 2014;27(4). doi:10.1111/jhn.12169

---

[Fuente: chunk_4]
Las intervenciones nutricionales tradicionales para tratar la obesidad  se  han  concentrado  en  estrategias  que  promueven la  pérdida  de  peso  mediante  una  dieta  restrictiva.  Aunque es  necesario  un  déficit  calórico  para  empezar  a  perder  peso, mantenerlo puede ser difícil a largo plazo debido a los mecanismos de  compensación  que  estimulan  la  ingesta  de  calorías  a  través del aumento del hambre y el deseo de comer. 64-66  El personal de salud, los formuladores de políticas, los pacientes y el público en general han de saber que las intervenciones nutricionales afectan a  cada  persona  de  forma  diferente  y  que,  por  tanto,  no  existe un enfoque o una intervención nutricional único que sea el más adecuado. 67"
"86","Para cambiar tus hábitos alimenticios, considera lo siguiente:

1. Acude a un nutricionista certificado que te ofrezca un plan personalizado y asesoramiento continuo.
2. Intenta comer de manera consciente, prestando atención a tus pensamientos, emociones y sensaciones al comer.
3. Aparte tiempo para comer y planifica lo que vas a comer.
4. Consume una variedad de alimentos saludables cada día, incluyendo abundantes vegetales y frutas, proteínas vegetales y alimentos integrales.
5. Haz del agua tu bebida favorita.
6. Involucra a otros en la planificación y preparación de las comidas.
7. Reconoce que la cultura y las tradiciones culinarias pueden ser parte de una alimentación sana.

Recuerda que hacer 'dieta' o restringir drásticamente la ingesta de alimentos puede no ser efectivo a largo plazo.","[Fuente: chunk_0]
su  nutricionista  para  discutir  las  ventajas  y  desventajas  de los diferentes patrones de alimentación en cuanto le ayuden a  lograr  sus  objetivos  de  salud.  La  forma  de  comer  es  tan importante como cuánto y qué se come. Intente comer de manera consciente y tener una relación sana con la comida.

Hacer 'dieta' o restringir drásticamente la ingesta de alimentos puede provocar cambios en su cuerpo que, con el tiempo, podrían hacerle recuperar el peso.

Acuda a un nutricionista certificado que le ofrezca un plan personalizado  y  le  brinde  asesoramiento  continuo  sobre  su estado de salud y sus requerimientos nutricionales.

---

[Fuente: chunk_1]
## Supervisar y evaluar los resultados relacionados con la salud,* incluyendo:

Conductas de salud, estado nutricional, calidad de vida, salud mental, cardiovascular, metabólica, estado funcional, estado físico

<!-- image -->

Reevaluar la intervención, el plan, la preparación, los obstáculos y los apoyos

## Intente comer de manera consciente y tener una relación sana con la comida

- Aparte tiempo para comer
- Note cuándo tiene hambre y cuándo está satisfecho
- Planifique lo que va a comer
- Haga que otros participen en la planificación y preparación de las comidas
- Recuerde que la cultura y las tradiciones culinarias pueden ser parte de una alimentación sana
- Reconecte con la experiencia de comer creando conciencia de sus pensamientos emociones, sensaciones y comportamientos

NO

Supervisar y evaluar la preparación en visitas de seguimiento.

NO

---

[Fuente: chunk_2]
nutricionales, médicos y de actividad física (es decir, cuáles son  las  estrategias  de  cambio  por  las  que  se  consiguen cambios  sostenibles  en  la  alimentación,  la  adherencia  al tratamiento médico y la actividad).

internalizado  y  para  apoyar  los  resultados  obtenidos  de objetivos apropiados, que reconocen que el peso no es un comportamiento. Esto fomenta la aceptación del cuerpo.

---

[Fuente: chunk_3]
## Acostúmbrese a comer variedad de alimentos saludables cada día

- Consuma vegetales y frutas en abundancia
- Consuma alimentos ricos en proteína y elija con mayor frecuencia las proteínas vegetales
- Haga del agua su bebida favorita
- Elija alimentos integrales

## PREGUNTE/EVALUAR

¿Está el paciente interesado en llevar a cabo más cambios nutricionales o está pidiendo apoyo adicional para hacer/mantener los cambios?

SI

## ESTAR DE ACUERDO Y AYUDAR: Explorar opciones, colaborar en la atención

Derivar a un nutricionista

---

[Fuente: chunk_4]
. Hay importantes factores contextuales que influyen en el cambio sostenido  del  comportamiento.  Mediante  un  proceso  reflexivo de  la  experiencia  se  observa  la  relación  entre  los  prejuicios autodirigidos, las expectativas y satisfacción, con los resultados y cómo moderan el éxito de las intervenciones conductuales. Este procesamiento ilustra la importancia del cambio psicológico para el éxito del manejo comportamental. Por su parte, el aprendizaje asociativo implica tomar conciencia del deseo (antojos, dinámica  de  recompensa  de  la  comida)  y  de  los  pensamientos (pensamientos permisivos) asociados a la alimentación y refleja los factores neurobiológicos (tanto ascendentes como descendentes) y  sociales  que  se  deben  abordar  para  promover  un  cambio  de conducta que se sostenga en el tiempo"
"87","Sí, es normal esperar una cierta recuperación de peso después de la cirugía bariátrica, y se ha observado que entre el 25-35% de las personas que se someten a esta cirugía experimentan una recuperación de peso significativa entre dos y cinco años después de la operación.","[Fuente: chunk_0]
Antes de la cirugía bariátrica, es importante detectar y tratar los trastornos de alimentación asociados a la obesidad, compensar las patologías psiquiátricas y explicar la evolución que tendrá la baja de peso para generar expectativas realistas y reducir la ansiedad cuando el peso se estabilice y posteriormente cuando sea difícil mantener el peso perdido. Los pacientes que experimentan una recuperación de peso pueden percibir que la cirugía ha fracasado, o pueden entrar en un ciclo de impotencia culpándose a sí mismos y sintiéndose avergonzados. Es importante que los médicos mitiguen estos sentimientos explicando que es normal que se recupere algo de peso después de la cirugía bariátrica, y que luego se proceda de forma gradual para abordar el problema. Se sugieren los siguientes pasos para abordar la recuperación de peso:

---

[Fuente: chunk_1]
Consideremos,  por  ejemplo,  la  experiencia  de  la  meseta  en  el peso. Cuando una persona se esfuerza mucho por perder peso y luego alcanza una meseta, ¿continuará con los comportamientos asociados a los resultados positivos o dejará de hacerlo? Si perciben la  meseta  como  un  fracaso,  es  probable  que  dejen  de  hacerlo (porque el refuerzo cesó, es decir, un castigo). Si comprendieran el  concepto  de  'mejor  peso'  y  vieran  la  meseta  como  un éxito  (refuerzo),  probablemente  continuarían.  Muchas  de  las intervenciones cognitivas en el tratamiento de la obesidad están diseñadas  para  ayudar  al  paciente  a  replantear  las  experiencias desde  un  contexto  interpretativo  negativo  (castigo)  a  uno  más positivo (refuerzo). Aquí se puede ver que el comportamiento y la psicología están fuertemente entrelazados.

---

[Fuente: chunk_2]
## Recuperación de peso

El  peso  nadir  se  produce  entre  uno  y  dos  años  después  de  la cirugía bariátrica. La pérdida de peso se detiene en parte debido a los cambios adaptativos en el intestino, el cambio de hábitos del paciente y la adaptación metabólica. 35   Después de esto, es normal  esperar  una  cierta  recuperación  de  peso.  Sin  embargo, no  existe  un  número  absoluto  consistente  en  la  literatura  que defina la recuperación de peso patológica después de la cirugía bariátrica. Los estudios que se han llevado a cabo en la población sometida  a  cirugía  bariátrica  muestran  que  la  recuperación  de peso  significativa  (≥  15%  de  aumento  de  la  pérdida  de  peso inicial después de la cirugía bariátrica) se produce en el 25-35% de las personas que se someten a la cirugía entre dos y cinco años después de la fecha de la cirugía inicial. 36

---

[Fuente: chunk_3]
Los factores subyacentes que influyen en la recuperación de peso tras  la  cirugía  bariátrica  son  multifactoriales,  e  incluyen  hábitos de  alimentación  no  saludables,  inactividad  física, 32   problemas de salud mental como depresión y ansiedad, abuso de alcohol o drogas, 38 trastornos de alimentación, 39-41  alteraciones endocrinas y  metabólicas  y  falla  en  la  técnica  quirúrgica.  Por  lo  anterior, el  estudio  de  los  factores  causales,  y  el  posterior  manejo  de  la recuperación  del  peso  debe  ser  multidisciplinario

---

[Fuente: chunk_4]
. 9  Además, puede suponer una oportunidad para solucionar los problemas relacionados con el mantenimiento de la pérdida de peso a mediano y largo plazo ya que varios estudios han señalado que muchos pacientes recuperan peso después de haberlo perdido con éxito en el corto plazo. 10-12"
"88","Para motivarte a bajar de peso, puedes considerar los siguientes enfoques basados en el contexto proporcionado:

1. **Establecer objetivos realistas y alcanzables**: Define metas de salud que sean factibles para ti.
2. **Autoeficacia**: Trabaja en desarrollar confianza en tu capacidad para superar obstáculos y mantener cambios de comportamiento.
3. **Motivación intrínseca**: Encuentra razones personales y significativas para el cambio que te motiven a seguir adelante.
4. **Automonitoreo conductual**: Realiza un seguimiento de tus hábitos y progreso para mantenerte enfocado.
5. **Resolución de problemas**: Analiza las dificultades que enfrentas y utiliza técnicas para superarlas.
6. **Entrevista motivacional**: Considera participar en sesiones que te ayuden a identificar y planificar cambios de comportamiento individualizados.

Recuerda que el apoyo emocional y la reflexión sobre tus objetivos también son importantes para mantener la motivación.","[Fuente: chunk_0]
Dentro  de  la  estructura  teórica  de  la  deliberación  colaborativa, la entrevista motivacional es  un  enfoque  que  aumenta  la automotivación,  la  autoeficacia  y  las  restricciones  alimentarias flexibles,  y  contribuye  a  mantener  mejor  la  nutrición  y  los resultados del ejercicio a largo plazo. Basada en la potenciación de los patrones de motivación intrínseca, la entrevista motivacional se identifica como un método eficaz para contribuir al  mantenimiento a largo plazo de los cambios de conducta; y, en  particular,  al  mantenimiento  a  largo  plazo  de  la  pérdida  de peso y la actividad física regular. Además, es una estrategia que puede utilizarse para personalizar una intervención en función de los objetivos específicos de cada persona, en lugar de dictar un régimen estricto y predeterminado.

---

[Fuente: chunk_1]
2. Los profesionales de atención de salud deben proporcionar una atención transversal a las personas que viven con obesidad, con  mensajes  que  apoyen  el  desarrollo  de  la  confianza  en la  superación  de  obstáculos  (autoeficacia)  y  la  motivación intrínseca (razones personales y significativas para el cambio) con el objetivo de motivar al paciente en tres puntos: establecer y secuenciar objetivos de salud que sean realistas y alcanzables (Nivel 1a, Grado A), 1-7 para el automonitoreo conductual (Nivel 1a, Grado A) 1,2,6,7 y para analizar las dificultades en el proceso, utilizando técnicas de resolución de problemas y pensamiento

---

[Fuente: chunk_2]
Actividad física y entrevista motivacional: Se ha demostrado que  la  actividad  física  y  la  entrevista  motivacional  durante  el embarazo son  beneficiosas  para  las  mujeres  con  obesidad  a  la hora  de  controlar  su  pérdida  de  peso  tras  el  parto.  Claesson et  al. 20   llevaron  a  cabo  un  estudio  con  mujeres  embarazadas con  obesidad  que  participaron  en  un  programa  para  limitar  el aumento de peso durante la gestación, el cual incluía la realización de actividad física regular (clase de aeróbic acuático) y el uso de la  entrevista  motivacional  para  identificar  y  planificar  el  cambio de  comportamiento  individual.  Las  participantes  en  el  estudio tenían un peso corporal significativamente más bajo entre las 10 y 12 semanas después del parto, en comparación con los grupos control (promedio con desviación estándar) (93,2 kg 13,32  frente a 96,5 kg 14,51 ; p = 0,037)

---

[Fuente: chunk_3]
Se ha demostrado que el prejuicio internalizado tiene un impacto negativo en los resultados que se han asociado convencionalmente con  el  manejo  de  la  obesidad.  Es  importante  destacar  que,  en contra de la creencia popular, el prejuicio sobre el peso no fomenta un cambio de comportamiento positivo. Cuando se establece un objetivo y se encuentra presente un afecto negativo, la motivación tiende  a  disminuir.  Esto  tiene  sentido  desde  la  perspectiva  del comportamiento  de  huida.  Es  decir,  cuando  una  persona  se encuentra en un estado emocional negativo, está motivada para deshacerse  de  la  emoción  negativa.  Una  vez  que  la  emoción negativa  desaparece,  la  motivación  para  ese  comportamiento también desaparece. Esto se opone al comportamiento sostenido, que suele producirse frente a las barreras (autoeficacia).

---

[Fuente: chunk_4]
| Evaluación interpersonal                    | Motivación Confianza Disposición al cambio Expectativa                                                                                                                                                     | Véase el capítulo Intervenciones psicológicas y conductuales eficaces en el tratamiento de la obesidad Procesos clave 15,24 • Reconocer las fortalezas • Cambiar la mentalidad (ayudar a moderar sus expectativas, centrarse en la salud integral del paciente) • Co-construir una nueva historia (integrar el contexto, priorizar los objetivos) • Orientar valores y planificar acciones (ayudar a enmendar un rumbo) • Fomentar la reflexión (comprensión, motivación, responsabilidad) • Ayudar a interiorizar los mensajes centrales (ayudar a establecer habilidades de afrontamiento) |"
"89","El contexto no contiene información específica sobre qué hacer si te sientes frustrado.","[Fuente: chunk_0]
| 6 - Establecer objetivos de resultados                               | 16 - Fomentar el automonitoreo del comportamiento             | 26 - Fomentar la práctica                                | 36 - Formación en manejo del estrés/control de las emociones |
| 7 - Planificación de la acción                                       | 17 - Fomentar el automonitoreo del resultado                  | 27 - Utilización de estímulos de seguimiento             | 37 - Entrevista motivacional                                 |
| 8 - Identificación de barreras/resolución de problemas               | 18 - Fomentar centrarse en éxitos pasados                     | 28 - Facilitar la comparación social                     | 38 - Gestión del tiempo                                      |

---

[Fuente: chunk_1]
| 1 - Informar sobre las consecuencias en general                      | 11 - Fomentar la revisión de los objetivos de resultados      | 21 - Dar instrucciones sobre cómo realizar la conducta   | 31 - Fomentar al remordimiento anticipado                    |
|----------------------------------------------------------------------|---------------------------------------------------------------|----------------------------------------------------------|--------------------------------------------------------------|
| 2 - Proporcionar información sobre las consecuencias para la persona | 12 - Fomentar recompensas inmediatas en función del progreso  | 22 - Modelar el comportamiento                           | 32 - Despertar del miedo                                     |

---

[Fuente: chunk_2]
Consideremos,  por  ejemplo,  la  experiencia  de  la  meseta  en  el peso. Cuando una persona se esfuerza mucho por perder peso y luego alcanza una meseta, ¿continuará con los comportamientos asociados a los resultados positivos o dejará de hacerlo? Si perciben la  meseta  como  un  fracaso,  es  probable  que  dejen  de  hacerlo (porque el refuerzo cesó, es decir, un castigo). Si comprendieran el  concepto  de  'mejor  peso'  y  vieran  la  meseta  como  un éxito  (refuerzo),  probablemente  continuarían.  Muchas  de  las intervenciones cognitivas en el tratamiento de la obesidad están diseñadas  para  ayudar  al  paciente  a  replantear  las  experiencias desde  un  contexto  interpretativo  negativo  (castigo)  a  uno  más positivo (refuerzo). Aquí se puede ver que el comportamiento y la psicología están fuertemente entrelazados.

---

[Fuente: chunk_3]
clave 15,24 • Mostrar compasión • Escuchar de verdad (parafrasear y resumir para asegurarse de entender y validar los pensamientos del paciente) • Ayudar a los pacientes a dar sentido a su historia (encontrar las causas fundamentales, fomentar la comprensión, encontrar patrones/ desencadenantes, identificar valores/metas, reflexionar sobre el orden de los acontecimientos en conexión al peso para identificar el |

---

[Fuente: chunk_4]
| 3 - Entregar información sobre la aprobación de los demás            | 13 - Fomentar recompensas inmediatas en función del éxito     | 23 - Enseñar a utilizar los estímulos/pistas             | 33 - Fomentar el diálogo interno                             |
| 4 - Proporcionar información normativa sobre los demás               | 14 - Modelamiento                                             | 24 - Reestructuración medioambiental                     | 34 - Fomentar el uso de imágenes                             |
| 5 - Establecer objetivos de comportamiento                           | 15 - Fomentar la generalización de un comportamiento objetivo | 25 - Concertar un acuerdo de comportamiento              | 35 - Prevención de recaídas/planificación de afrontamiento   |"
"90","Sí, la obesidad tiene un componente psicológico. Se menciona que los trastornos psicológicos y mentales son causas fundamentales de la obesidad, y que la experiencia de prejuicio autodirigido y las expectativas sobre la pérdida de peso son aspectos importantes del procesamiento cognitivo y afectivo que influyen en los comportamientos relacionados con el control de la obesidad. Además, el estigma de peso se asocia con un peor funcionamiento psicológico en personas que buscan tratamiento para la obesidad.","[Fuente: chunk_0]
Las intervenciones conductuales representan una vía para cambiar las  opciones  de  comportamiento  en  el  día  a  día,  momento  a momento.  Sin  embargo,  el  comportamiento  debe  ponerse  en contexto  junto  a  otros  aspectos  del  procesamiento  psicológico. En concreto, los seres humanos llevan a cabo procesos cognitivoafectivos al mismo tiempo que llevan a cabo ciertas conductas. Uno de los conceptos fundamentales de la psicología es que la conducta, el afecto y la cognición son procesos concomitantes. Esto es relevante para el control de la obesidad, ya que hay varios procesos psicológicos cognitivo/afectivos importantes que pueden influir  en  los  comportamientos  para  el  control  de  la  obesidad. En  particular, la experiencia de  prejuicio autodirigido y las expectativas/evaluaciones de pérdida de peso, son características específicas  del  procesamiento  reflexivo

---

[Fuente: chunk_1]
Experimentar  el estigma de peso  se asociaba  con  un peor funcionamiento psicológico en una muestra de personas que buscaban tratamiento para la obesidad. 36 Experiencias  estigmatizantes  también  predicen  significativa  e independientemente  preocupaciones  psicológicas  en  personas que  buscaban  tratamiento  para  la  obesidad,  después  de  la preocupación de controlar el IMC. Experiencias estigmatizantes, y  no  solamente  el  peso  corporal,  contribuyen  al  desarrollo  de consecuencias adversas de salud mental en personas que viven con obesidad.

---

[Fuente: chunk_2]
## INTRODUCCIÓN

Al  entender la obesidad como una enfermedad médica crónica y  no  simplemente como una consecuencia de malas elecciones de  comportamiento  en  materia  de  salud,  el  tratamiento  de  la obesidad  adopta  muchos  de  los  principios  del  tratamiento  de las  enfermedades  crónicas. 44 Hay  varias  implicaciones  de  esta perspectiva de enfermedad crónica que son dignas de mención en relación con las intervenciones psicológicas para el tratamiento de la obesidad.

---

[Fuente: chunk_3]
Por otra parte, ¿existe evidencia científica que determine que  las  intervenciones  psicológicas  y  conductuales  impactan positivamente en la vida de las personas con obesidad?, y ¿cuál es su impacto en la salud, funcionalidad, calidad de vida y peso de ellas? Examinaremos la literatura desde dos perspectivas: En primer lugar, se revisará la bibliografía que determina una relación positiva entre las intervenciones conductuales multicomponentes y el peso, así como sus resultados de salud asociados. Debido a lo extenso de esta literatura, también es posible identificar cuáles son  los  cambios  asociados  al  éxito,  tanto  conductuales  (por ejemplo, pesarse regularmente) como psicológicos (por ejemplo, la  motivación  intrínseca).  En  segundo  lugar,  examinaremos  los factores  que  facilitan  el  componente  'hacer'  en  las  personas. Hay importantes factores contextuales que influyen en el cambio sostenido  del  comportamiento

---

[Fuente: chunk_4]
Como se ha destacado en el capítulo dedicado a la Evaluación de las  personas  que  viven  con  obesidad  las  causas  fundamentales de la obesidad son múltiples. Son especialmente importantes los trastornos psicológicos y mentales, el dolor crónico, los problemas locomotores, incluidos el sueño y los trastornos metabólicos, el contexto cultural, social y político. Es importante destacar que el aumento del uso de medicamentos para tratar diversas afecciones médicas  ha  contribuido  a  aumentar  las  tasas  de  sobrepeso  y obesidad que se han observado. Por lo tanto, es imperativo que el personal médico de atención primaria también esté familiarizado con  los  efectos  sobre  el  peso  de  los  medicamentos  prescritos habitualmente.  Más  adelante  revisaremos  los  medicamentos antipsicóticos y anticonceptivos."
"91","Si has intentado varias dietas y siempre fracasas, es recomendable que acudas a un nutricionista certificado. Ellos pueden ofrecerte un plan personalizado y brindarte asesoramiento continuo sobre tu estado de salud y requerimientos nutricionales. Además, es importante considerar que la forma de comer es tan importante como cuánto y qué se come, y que hacer dietas restrictivas puede llevar a recuperar el peso a largo plazo.","[Fuente: chunk_0]
su  nutricionista  para  discutir  las  ventajas  y  desventajas  de los diferentes patrones de alimentación en cuanto le ayuden a  lograr  sus  objetivos  de  salud.  La  forma  de  comer  es  tan importante como cuánto y qué se come. Intente comer de manera consciente y tener una relación sana con la comida.

Hacer 'dieta' o restringir drásticamente la ingesta de alimentos puede provocar cambios en su cuerpo que, con el tiempo, podrían hacerle recuperar el peso.

Acuda a un nutricionista certificado que le ofrezca un plan personalizado  y  le  brinde  asesoramiento  continuo  sobre  su estado de salud y sus requerimientos nutricionales.

---

[Fuente: chunk_1]
104.   Fitzpatrick SL, Coughlin JW, Appel LJ, et al. Application of Latent Class Analysis to Identify Behavioral Patterns of Response to Behavioral Lifestyle Interventions in Overweight and Obese Adults. International Journal of Behavioral Medicine. 2015;22(4). doi:10.1007/s12529-014-9446-y
105.   Alhassan S, Kim S, Bersamin A, King AC, Gardner CD. Dietary adherence and weight loss success among overweight women: Results from the A to Z weight loss study. International Journal of Obesity. 2008;32(6). doi:10.1038/ijo.2008.8
106.   Sacks  FM,  Bray  GA,  Carey  VJ,  et  al.  Comparison  of  Weight-Loss  Diets  with Different  Compositions  of  Fat,  Protein,  and  Carbohydrates.  New  England Journal of Medicine. 2009;360(9). doi:10.1056/nejmoa0804748
107.   Cleobury  L,  Tapper  K.  Reasons  for  eating  'unhealthy'  snacks  in  overweight and  obese  males  and  females.  Journal  of  Human  Nutrition  and  Dietetics. 2014;27(4). doi:10.1111/jhn.12169

---

[Fuente: chunk_2]
. Esto podría deberse a que la intervención dietética era más indicativa y no individualizada; y, por lo tanto, insostenible. El uso de intervenciones basadas en la web puede seguir siendo una opción rentable en la comunidad para lograr una pérdida de peso  relevante,  especialmente  en  aquellas  comunidades  donde los recursos son escasos. Para mitigar la recuperación de peso, lo ideal es que el asesoramiento sobre la dieta y la actividad física se adapte a cada persona.

---

[Fuente: chunk_3]
Las intervenciones nutricionales tradicionales para tratar la obesidad  se  han  concentrado  en  estrategias  que  promueven la  pérdida  de  peso  mediante  una  dieta  restrictiva.  Aunque es  necesario  un  déficit  calórico  para  empezar  a  perder  peso, mantenerlo puede ser difícil a largo plazo debido a los mecanismos de  compensación  que  estimulan  la  ingesta  de  calorías  a  través del aumento del hambre y el deseo de comer. 64-66  El personal de salud, los formuladores de políticas, los pacientes y el público en general han de saber que las intervenciones nutricionales afectan a  cada  persona  de  forma  diferente  y  que,  por  tanto,  no  existe un enfoque o una intervención nutricional único que sea el más adecuado. 67

---

[Fuente: chunk_4]
## INTRODUCCIÓN

Generalmente,  se  suele  estigmatizar  a  las  personas  que  viven con  obesidad 61   y  a  las  personas  con  cuerpos  más  grandes. También se les crítica por los alimentos y porciones que escogen y  sus  comportamientos  alimentarios. 61-63   Muchos  esfuerzos  de mercadotecnia social, salud pública y mensajes clínicos sobre comida se han centrado en comer menos o elegir alimentos buenos. Como consecuencia de estos mensajes, las dietas y los objetivos centrados en la pérdida de peso perpetúan la noción de que la pérdida de peso y/o la salud pueden alcanzarse únicamente mediante la restricción calórica, la privación de alimentos y/o las prácticas de dieta. Estos relatos simplistas a menudo ignoran que la pérdida de peso podría ser insostenible, no debido a las elecciones personales o a la falta de voluntad, sino debido a fuertes mecanismos biológicos y fisiológicos que protegen al cuerpo contra la pérdida de peso."
"92","El contexto no proporciona información específica sobre la velocidad de la pérdida de peso y si es normal que sea lenta. Por lo tanto, no puedo responder a tu pregunta.","[Fuente: chunk_0]
4. Recuerde que su peso más bajo después de la cirugía se producirá entre los 12 y los 18 meses. Después de esto, se produce un aumento natural de peso. Si está subiendo una cantidad excesiva de peso, coméntelo con su equipo bariátrico o con su médico de atención primaria.

## RECOMENDACIONES ADOPTADAS

<!-- image -->

---

[Fuente: chunk_1]
mantenimiento del peso a largo plazo; un buen perfil de seguridad; y costos razonables.

-  Las  personas  con  sobrepeso  u  obesidad  deben  desconfiar de  los  programas  de  adelgazamiento  que:  i)  prometen  la pérdida de peso sin dieta ni ejercicio; ii) prometen la pérdida de peso comiendo todo lo que se quiera; iii) prometen la reducción  de  peso  en  lugares  concretos  del  cuerpo; iv)  prometen una pérdida demasiado rápida (por ejemplo, perder 13 kilos en 30 días); o v) incluyen fotos del antes y el después, y testimonios personales que parecen demasiado buenos para ser verdad.

## MENSAJES CLAVE PARA LAS PERSONAS CON OBESIDAD continuación

-  Existen muchos productos naturales para la pérdida de peso sin receta médica, pero ninguno de ellos ha demostrado proporcionar una pérdida de peso clínicamente significativa en estudios científicos de alta calidad.

## RECOMENDACIONES ADOPTADAS

<!-- image -->

---

[Fuente: chunk_2]
mantenimiento del peso a largo plazo; un buen perfil de seguridad; y costos razonables.

-  Las  personas  con  sobrepeso  u  obesidad  deben  desconfiar de  los  programas  de  adelgazamiento  que:  i)  prometen  la pérdida de peso sin dieta ni ejercicio; ii) prometen la pérdida de peso comiendo todo lo que se quiera; iii) prometen la reducción  de  peso  en  lugares  concretos  del  cuerpo; iv)  prometen una pérdida demasiado rápida (por ejemplo, perder 13 kilos en 30 días); o v) incluyen fotos del antes y el después, y testimonios personales que parecen demasiado buenos para ser verdad.

## MENSAJES CLAVE PARA LAS PERSONAS CON OBESIDAD continuación

-  Existen muchos productos naturales para la pérdida de peso sin receta médica, pero ninguno de ellos ha demostrado proporcionar una pérdida de peso clínicamente significativa en estudios científicos de alta calidad.

## RECOMENDACIONES ADOPTADAS

<!-- image -->

---

[Fuente: chunk_3]
Aunque  el  TMN  que  consigue  un  déficit  calórico  puede  dar lugar a una pérdida de peso a corto plazo (de seis a 12 meses), el cambio de peso no suele mantenerse en el tiempo. Además, la recomendación común de que un déficit calórico de 500 kcal/día o 3500 kcal/semana produciría una pérdida de peso de 0,45 kg no es válida, ya que la pérdida de peso no es lineal. 73,74 Polidori et al. cuantificaron por primera vez la cantidad de ingesta calórica compensada por los cambios de pérdida de peso en seres humanos de vida libre y estimaron que el apetito aumentaba en ~100 kcal/día por cada kilogramo de peso perdido, lo que contribuía al aumento de peso con el tiempo. 75  La restricción calórica puede, en algunas personas, conducir a impulsos fisiopatológicos que promueven el aumento de peso a través del aumento del hambre, el apetito y la disminución de la saciedad. 66 Además, las restricciones calóricas pueden tener consecuencias negativas para la salud del esqueleto

---

[Fuente: chunk_4]
La gente debería desconfiar de los programas de pérdida de peso que:

-  Prometen la pérdida de peso sin dieta ni ejercicio;
-  Promete perder peso comiendo todo lo que quiera;
-  Prometen una reducción puntual del peso de determinados lugares;
-  Prometer una pérdida demasiado rápida (por ejemplo, perder 13 kilos en 30 días);
-  Incluye fotos del antes y el después y testimonios personales que parezcan demasiado buenos para ser verdad.

## PRODUCTOS COMERCIALES"
"93","El contexto sugiere que la pérdida de peso no es lineal y que la restricción calórica puede llevar a un aumento del hambre y el apetito, lo que podría dificultar la pérdida de peso. Además, factores como el estrés y la falta de sueño también pueden afectar el estado corporal individual. Por lo tanto, aunque sientas que comes poco, puede haber otros factores que influyen en tu capacidad para bajar de peso.","[Fuente: chunk_0]
Es necesario que evitemos la sobre preocupación por el peso por ser un indicador poco confiable del estado de salud. Pesarse es una conducta que puede considerarse iatrogénica si la persona no tiene una comprensión integral de los factores que lo llevan a estar en determinado estado, incluyendo su propia biología-genética, al estar en una sociedad que venera la delgadez, que favorece los ciclos  de  dietas  y  que  estigmatiza  el  sobrepeso  y  obesidad.  Por su parte, buscar una forma de bajar peso también puede seguir patrones ilusorios y sesgados de las reales causas: dietas restrictivas o más ejercicio, etc. Por todo esto, se debe generar conciencia de la  dinámica  personal  de  salud  y  factores  que  afectan  el  estado corporal individual (el estrés, la falta de sueño) para favorecer una baja o mantenimiento del peso acorde a un criterio de realidad para cada persona.

## Referencias

---

[Fuente: chunk_1]
Aunque  el  TMN  que  consigue  un  déficit  calórico  puede  dar lugar a una pérdida de peso a corto plazo (de seis a 12 meses), el cambio de peso no suele mantenerse en el tiempo. Además, la recomendación común de que un déficit calórico de 500 kcal/día o 3500 kcal/semana produciría una pérdida de peso de 0,45 kg no es válida, ya que la pérdida de peso no es lineal. 73,74 Polidori et al. cuantificaron por primera vez la cantidad de ingesta calórica compensada por los cambios de pérdida de peso en seres humanos de vida libre y estimaron que el apetito aumentaba en ~100 kcal/día por cada kilogramo de peso perdido, lo que contribuía al aumento de peso con el tiempo. 75  La restricción calórica puede, en algunas personas, conducir a impulsos fisiopatológicos que promueven el aumento de peso a través del aumento del hambre, el apetito y la disminución de la saciedad. 66 Además, las restricciones calóricas pueden tener consecuencias negativas para la salud del esqueleto

---

[Fuente: chunk_2]
4. Recuerde que su peso más bajo después de la cirugía se producirá entre los 12 y los 18 meses. Después de esto, se produce un aumento natural de peso. Si está subiendo una cantidad excesiva de peso, coméntelo con su equipo bariátrico o con su médico de atención primaria.

## RECOMENDACIONES ADOPTADAS

<!-- image -->

---

[Fuente: chunk_3]
Gorin et al. 76  no concluyeron que las expectativas no satisfechas estuvieran  relacionadas  con  el  mantenimiento  de  la  pérdida  de peso en un grupo que tuvo éxito. Informaron de que, a pesar de haber perdido un 19% al entrar en este grupo de mantenimiento, el 86%  no  estaba  satisfecho.  Dutton  et  al. 8 repitieron las expectativas poco realistas de pérdida de peso en una muestra más  real,  una  organización  de  atención  médica  gestionada  en EE.UU.,  donde  el  10,4%  de  la  pérdida  de  peso  se  consideró decepcionante, el 19,7% aceptable, el 25,2% feliz y el 30,9% de  la  pérdida  de  peso  deseada.  Un  mayor  contacto  con  un profesional de la atención primaria está asociado a expectativas de pérdida de peso más realistas. Dalle Grave et al

---

[Fuente: chunk_4]
A diferencia de las expectativas de pérdida de peso, que pueden reconocerse como un problema, pero no considerarse una barrera importante para el éxito, la satisfacción con la pérdida de peso puede ser un constructo más relevante a evaluar. Baldwin et al. 78 llevaron a cabo un estudio longitudinal en el que se examinaron las  relaciones  entre  la  satisfacción  con  la  pérdida  de  peso  (y los  cambios  de  peso  a  lo  largo  del  tiempo)  y  los  resultados  y experiencias de la pérdida de peso, entre personas y dentro de ellas. Estos datos mostraron que la satisfacción estaba relacionada con la pérdida de peso a lo largo del ensayo, así como con variables como automonitoreo, atractivo percibido, retroalimentación positiva y mejora en el ajuste de la ropa (variables de resultado). El nivel de esfuerzo y pensar en las pérdidas de peso exitosas se asociaron positivamente con la satisfacción, mientras que el nivel de frustración se asoció negativamente con la satisfacción."
"94","El contexto no proporciona una respuesta directa a la pregunta de por qué otras personas bajan de peso más rápido que tú. Sin embargo, menciona que la pérdida de peso podría ser insostenible debido a fuertes mecanismos biológicos y fisiológicos que protegen al cuerpo contra la pérdida de peso. Esto sugiere que factores individuales, como la biología y la genética, pueden influir en la velocidad de la pérdida de peso.","[Fuente: chunk_0]
. 81  Esto concuerda con otras investigaciones sobre pérdida de peso que sugieren que a menor edad, peores resultados en la baja de peso. 86  Por lo tanto, las personas adultas más jóvenes pueden ser un grupo de riesgo particularmente alto para el aumento de peso y para presentar escaso éxito de las intervenciones en prevención primaria.

---

[Fuente: chunk_1]
La gente debería desconfiar de los programas de pérdida de peso que:

-  Prometen la pérdida de peso sin dieta ni ejercicio;
-  Promete perder peso comiendo todo lo que quiera;
-  Prometen una reducción puntual del peso de determinados lugares;
-  Prometer una pérdida demasiado rápida (por ejemplo, perder 13 kilos en 30 días);
-  Incluye fotos del antes y el después y testimonios personales que parezcan demasiado buenos para ser verdad.

## PRODUCTOS COMERCIALES

---

[Fuente: chunk_2]
La gente debería desconfiar de los programas de pérdida de peso que:

-  Prometen la pérdida de peso sin dieta ni ejercicio;
-  Promete perder peso comiendo todo lo que quiera;
-  Prometen una reducción puntual del peso de determinados lugares;
-  Prometer una pérdida demasiado rápida (por ejemplo, perder 13 kilos en 30 días);
-  Incluye fotos del antes y el después y testimonios personales que parezcan demasiado buenos para ser verdad.

## PRODUCTOS COMERCIALES

---

[Fuente: chunk_3]
## INTRODUCCIÓN

Generalmente,  se  suele  estigmatizar  a  las  personas  que  viven con  obesidad 61   y  a  las  personas  con  cuerpos  más  grandes. También se les crítica por los alimentos y porciones que escogen y  sus  comportamientos  alimentarios. 61-63   Muchos  esfuerzos  de mercadotecnia social, salud pública y mensajes clínicos sobre comida se han centrado en comer menos o elegir alimentos buenos. Como consecuencia de estos mensajes, las dietas y los objetivos centrados en la pérdida de peso perpetúan la noción de que la pérdida de peso y/o la salud pueden alcanzarse únicamente mediante la restricción calórica, la privación de alimentos y/o las prácticas de dieta. Estos relatos simplistas a menudo ignoran que la pérdida de peso podría ser insostenible, no debido a las elecciones personales o a la falta de voluntad, sino debido a fuertes mecanismos biológicos y fisiológicos que protegen al cuerpo contra la pérdida de peso.

---

[Fuente: chunk_4]
Es necesario que evitemos la sobre preocupación por el peso por ser un indicador poco confiable del estado de salud. Pesarse es una conducta que puede considerarse iatrogénica si la persona no tiene una comprensión integral de los factores que lo llevan a estar en determinado estado, incluyendo su propia biología-genética, al estar en una sociedad que venera la delgadez, que favorece los ciclos  de  dietas  y  que  estigmatiza  el  sobrepeso  y  obesidad.  Por su parte, buscar una forma de bajar peso también puede seguir patrones ilusorios y sesgados de las reales causas: dietas restrictivas o más ejercicio, etc. Por todo esto, se debe generar conciencia de la  dinámica  personal  de  salud  y  factores  que  afectan  el  estado corporal individual (el estrés, la falta de sueño) para favorecer una baja o mantenimiento del peso acorde a un criterio de realidad para cada persona.

## Referencias"
"95","El contexto proporcionado no contiene información específica sobre la combinación de medicamentos con una dieta keto. Por lo tanto, no puedo responder a la pregunta.","[Fuente: chunk_0]
112.   Valenta  LJ,  Elias  AN.  Modified  fasting  in  treatment  of  obesity.  Effects  on serum lipids,  electrolytes,  liver  enzymes,  and  blood  pressure.  Postgrad  Med. 1986;79(4). doi:10.1080/00325481.1986.11699329
113.   Couris  R,  Tataronis  G,  McCloskey  W,  et  al.  Dietary  vitamin  K  variability affects International Normalized Ratio (INR) coagulation indices. International Journal  for  Vitamin  and  Nutrition  Research.  2006;76(2).  doi:10.1024/03009831.76.2.65
114.   PEDERSEN  FM,  HAMBERG  O,  HESS  K,  OVESEN  L.  The  effect  of  dietary vitamin  K  on  warfarin-induced  anticoagulation.  J  Intern  Med.  1991;229(6). doi:10.1111/j.1365-2796.1991.tb00388.x

---

[Fuente: chunk_1]
. 33 En  el  caso  de  los  pacientes  que  ya  están  recibiendo  estos medicamentos, debe considerarse la posibilidad de reducir la dosis al  iniciar  la  combinación de naltrexona/bupropión. El bupropión puede  reducir  la  eficacia  del  tamoxifeno,  por  lo  que  no  debe utilizarse en combinación con éste.

---

[Fuente: chunk_2]
.  La combinación  de  naltrexona/bupropión  debe  administrarse  con precaución con cualquier fármaco que reduzca el umbral de las convulsiones. Los inhibidores de la monoamina (MOAI) pueden aumentar  el  riesgo  de  reacciones  hipertensivas,  por  lo  que naltrexona/bupropión no debe utilizarse en los 14 días siguientes a la  toma de inhibidores de la monoamina. La combinación de naltrexona/bupropión no debe tomarse con una comida rica en grasas (≥ 55% de grasa), ya que esto aumenta significativamente la exposición sistémica al medicamento. 32

---

[Fuente: chunk_3]
Como el orlistat puede interferir con la absorción de la vitamina K,  se  debe  vigilar  estrechamente  los  índices  internacionales normalizados  cuando  se  coadministran  anticoagulantes  orales. El  orlistat  también  puede afectar la absorción de la levotiroxina y/o  de  las  sales  de  yodo;  por  lo  que  los  pacientes  que  toman levotiroxina deben estar bajo supervisión para detectar cambios en la función tiroidea. Se ha observado una reducción de los niveles plasmáticos de ciclosporina cuando se coadministra orlistat; por lo tanto, se recomienda controlar los niveles de ciclosporina con mayor  frecuencia.  El  orlistat  puede  afectar  la  absorción  de  los anticonvulsivos, por lo que los pacientes que toman anticonvulsivos deben estar bajo supervisión para detectar posibles cambios en la frecuencia y/o gravedad de las convulsiones. 17

---

[Fuente: chunk_4]
108.   Sievenpiper  JL,  Chan  CB,  Dworatzek  PD,  Med  CF,  Williams  Med  SL.  2018 Clinical Practice Guidelines Nutrition Therapy Diabetes Canada Clinical Practice Guidelines Expert Committee. Can J Diabetes. 2018;42.
109.   Shiau  JY,  So  DYF ,  Dent  RR.  Effects  on  Diabetes  Medications,  Weight  and Glycated Hemoglobin Among Adult Patients With Obesity and Type 2 Diabetes: 6-Month  Observations  From  a  Full  Meal  Replacement,  Low-Calorie  Diet Weight  Management  Program.  Can  J  Diabetes.  2018;42(1).  doi:10.1016/j. jcjd.2017.03.006
110.   Science NH. Is Optifast VLCD suitable for diabetes? Accessed August 23, 2022. https://www.opti-fast-me.com/hcp/diabetes.
111.   Saiki  A,  Nagayama  D,  Ohhira  M,  et  al.  Effect  of  weight  loss  using  formula diet on renal function in obese patients with diabetic nephropathy. Int J Obes. 2005;29(9). doi:10.1038/sj.ijo.0803009"
"96","Si tienes obesidad y diabetes tipo 2, debes priorizar someterte a intervenciones conductuales intensivas orientadas a reducir tu peso entre un 7-15% para potenciar la remisión de la diabetes tipo 2 y reducir la incidencia de nefropatía, apnea del sueño obstructiva y depresión. Además, se recomienda un enfoque no centrado en la dieta que mejore la calidad de vida y los aspectos psicológicos, así como los parámetros cardiovasculares y las conductas alimentarias.","[Fuente: chunk_0]
6. Las  personas  adultas  que  viven  con  obesidad  y  diabetes tipo  2  deben  contemplar  la  posibilidad  de  someterse  a intervenciones conductuales intensivas orientadas a reducir su peso un 7-15% con el fin de potenciar la remisión de la diabetes tipo 2 (nivel 1a, grado A), 56 reducir la incidencia de  nefropatía  (Nivel  1a,  Grado  A), 57   apnea  del  sueño obstructiva  (Nivel  1a,  Grado  A) 58 y  depresión  (Nivel  1a, Grado A). 59
7. Recomendamos  un  enfoque  no  centrado  en  la  dieta que  mejore  la  calidad  de  vida,  los  aspectos  psicológicos (bienestar general, percepción de la imagen corporal), los parámetros  cardiovasculares,  el  peso,  la  actividad  física, el  déficit  cognitivo  y  las  conductas  alimentarias  (Nivel  3, Grado C). 60

---

[Fuente: chunk_1]
## Diabetes tipo 2

La obesidad en la diabetes tipo 2 se asocia a un peor control glicémico, de la presión arterial y de los perfiles lipídicos, y a un mayor uso de fármacos hipolipemiantes y antihipertensivos, en comparación con las personas con diabetes que no tienen obesidad. 52

El  efecto de la farmacoterapia antidiabética sobre el peso debe tenerse en cuenta a la hora de elegir la medicación o medicaciones más  adecuadas  para  el  control  glicémico.  Los  agonistas  del receptor GLP1 y los inhibidores del cotransportador 2 de sodio/ glucosa se asocian a la pérdida de peso, además de mejorar el control glicémico. La metformina, los inhibidores de la dipeptidil peptidasa-4 y la acarbosa suelen tener un peso neutro. La insulina, los secretagogos de la insulina y las tiazolidinedionas se asocian al aumento de peso. 53  La farmacoterapia para la obesidad puede ser beneficiosa para la pérdida de peso y la mejora del control de la diabetes.

---

[Fuente: chunk_2]
4. Para las personas con prediabetes y sobrepeso u obesidad (IMC  &gt;  27kg/m 2 ),  los  fármacos  pueden  ser  utilizados  en conjunto con la implementación de medidas de cambios del  estilo  de  vida  saludable  para  retardar  o  prevenir  la diabetes  tipo  2:  liraglutida  3.0  mg  (Nivel  2a,  Grado  B),1 orlistat (Nivel 2a, Grado B). 11
5. En  aquellas  personas  con  obesidad  o  sobrepeso  que requieren el uso de medicamentos para otras patologías, sugerimos  la  elección  de  drogas  que  no  se  asocian  a aumento del peso (Nivel 4, Grado D, Consenso).

Certeza de la evidencia: Moderada

Fuerza de la recomendación: Condicional

Certeza de la evidencia: Baja

Fuerza de la recomendación: Condicional

## INTRODUCCIÓN

---

[Fuente: chunk_3]
Dada  la  alta  prevalencia  de  dificultades  en  salud  mental  en quienes  ya  están  con  la  obesidad,  no  es  sorprendente  que  los trastornos mentales sean más prevalentes en quienes presentan comorbilidades relacionadas con  el peso  y  quienes  buscan tratamiento  para  manejarlo.  Por  lo  tanto,  es  crucial  que  los profesionales de la salud que atienden a personas con obesidad prioricen también  las necesidades de salud mental de los pacientes. 29

---

[Fuente: chunk_4]
## EFICACIA DE LA FARMACOTERAPIA EN LOS PARÁMETROS DE SALUD

## Prevención de la diabetes tipo 2

La  diabetes  tipo  2  es  una  complicación  común  de  la  obesidad, y su prevención es un objetivo importante en el tratamiento de la obesidad crónica. Las personas con prediabetes corren un alto riesgo de desarrollar diabetes tipo 2, ya que alrededor del 25% de las personas con alteración de la glucosa en ayunas o alteración de la tolerancia a la glucosa evolucionan a diabetes tipo 2 en un plazo de tres a cinco años. 50  Entre las personas con prediabetes, un kilo de pérdida de peso se asocia a una reducción del riesgo relativo del 16% en el desarrollo de diabetes tipo 2. 51"
"97","El contexto no proporciona información específica sobre qué sucede si se deja el tratamiento a medias.","[Fuente: chunk_0]
.  En  ciertos  casos, puede ocurrir  que  los  mismos  pacientes  eviten  buscar  ayuda  o abandonen los tratamientos en el sistema de salud. 41-45

---

[Fuente: chunk_1]
. Se cree que este enfoque del tratamiento reduce la sensación de privación y aumenta la autoeficacia y el empoderamiento, todo lo cual puede repercutir positivamente en la adherencia y el éxito a largo plazo.

---

[Fuente: chunk_2]
En  resumen,  las  personas  que  intentan  dejar  de  fumar  deben ser  conscientes  del  riesgo  de  aumento  de  peso.  No  obstante, los beneficios para la salud de dejar de fumar suelen superar las consecuencias  de  un  cierto  incremento  de  peso.  Sin  embargo, no  existen  pruebas  suficientes  para  recomendar  algún  tipo  de intervención para prevenir el aumento de peso tras el abandono del  tabaquismo.  Se  recomienda  la  incorporación  de  hábitos  de comportamiento saludables como complemento de los programas para dejar de fumar.

## TRATAMIENTO DEL CÁNCER

---

[Fuente: chunk_3]
El  impacto  de  los  medicamentos  psiquiátricos  en  los  resultados de los pacientes varía tanto por el tipo de psicofármaco, como por el índice terapéutico del medicamento. Informes anecdóticos han  indicado  que  los  pacientes  podrían  estar  en  riesgo  de  un síndrome de discontinuación por antidepresivo debido a la caída de  los  niveles  terapéuticos  de  los  antidepresivos  en  el  periodo postquirúrgico  temprano.  Estos  síntomas  son  significativos  ya que  pueden  confundirse  con  el  síndrome  de  dumping  y,  por tanto,  deben  ser  evaluados  en  los  paciente  durante  la  etapa postoperatoria temprana. 126

---

[Fuente: chunk_4]
Consideremos,  por  ejemplo,  la  experiencia  de  la  meseta  en  el peso. Cuando una persona se esfuerza mucho por perder peso y luego alcanza una meseta, ¿continuará con los comportamientos asociados a los resultados positivos o dejará de hacerlo? Si perciben la  meseta  como  un  fracaso,  es  probable  que  dejen  de  hacerlo (porque el refuerzo cesó, es decir, un castigo). Si comprendieran el  concepto  de  'mejor  peso'  y  vieran  la  meseta  como  un éxito  (refuerzo),  probablemente  continuarían.  Muchas  de  las intervenciones cognitivas en el tratamiento de la obesidad están diseñadas  para  ayudar  al  paciente  a  replantear  las  experiencias desde  un  contexto  interpretativo  negativo  (castigo)  a  uno  más positivo (refuerzo). Aquí se puede ver que el comportamiento y la psicología están fuertemente entrelazados."
"98","El contexto no proporciona información específica sobre cómo saber si un plan de pérdida de peso está funcionando.","[Fuente: chunk_0]
La gente debería desconfiar de los programas de pérdida de peso que:

-  Prometen la pérdida de peso sin dieta ni ejercicio;
-  Promete perder peso comiendo todo lo que quiera;
-  Prometen una reducción puntual del peso de determinados lugares;
-  Prometer una pérdida demasiado rápida (por ejemplo, perder 13 kilos en 30 días);
-  Incluye fotos del antes y el después y testimonios personales que parezcan demasiado buenos para ser verdad.

## PRODUCTOS COMERCIALES

---

[Fuente: chunk_1]
La gente debería desconfiar de los programas de pérdida de peso que:

-  Prometen la pérdida de peso sin dieta ni ejercicio;
-  Promete perder peso comiendo todo lo que quiera;
-  Prometen una reducción puntual del peso de determinados lugares;
-  Prometer una pérdida demasiado rápida (por ejemplo, perder 13 kilos en 30 días);
-  Incluye fotos del antes y el después y testimonios personales que parezcan demasiado buenos para ser verdad.

## PRODUCTOS COMERCIALES

---

[Fuente: chunk_2]
A  los  12  meses,  el  grupo  de  control  (POWeR)  mantuvo  una pérdida de peso de 2,7 kg, el grupo POWeR + F logró una pérdida de peso adicional de 1,5 kg (IC del 95%: 0,6 a 2,4; p = 0,001), y POWeR + R logró una reducción de peso adicional de 1,3 kg (IC del 95%: 0,34 a 2,2; p = 0,007). La pérdida de peso no fue estadísticamente relevante entre los tres grupos; sin embargo, se logró una pérdida de peso clínicamente significativa de al menos el 5% del peso basal en el 20% del grupo POWeR, el 29,2% del grupo POWeR + F (IC del 95%: 0,96 a 2,51) y el 32,4% del grupo POWeR + R (IC del 95%: 1,31 a 2,74). Los autores concluyeron que este programa conductual basado en la web se traduce en una pérdida de peso clínicamente significativa en el 20% de las personas, con un 10% adicional de participantes que mantienen una pérdida de peso valiosa cuando se combina con un intervalo breve  de  apoyo. 19 El  mantenimiento  más  allá  de  un  año  aún no  está  claro

---

[Fuente: chunk_3]
Ames  et  al. 79 encontraron  de  manera  similar  que  los  niveles más bajos de satisfacción con la pérdida de peso al final de una intervención de sustitución de comidas bajas en calorías se asociaron con el abandono de una intervención de seguimiento conductual. Finch  et  al. 42 sugirieron  que  las  expectativas  de  pérdida  de  peso podrían facilitar el inicio del cambio de conducta, mientras que la satisfacción por la pérdida de peso podría mantener las conductas asociadas al control de la obesidad. En un estudio prospectivo se pudo demostrar la relación entre la satisfacción con la pérdida de peso y el peso posterior. Foster et al. 80  también informaron en un pequeño estudio que la satisfacción con la pérdida de peso en la semana 40 predecía el mantenimiento de la pérdida de peso en la semana 92. Calugi et al. 43  informaron que la satisfacción con la pérdida de peso predecía el mantenimiento del peso en las personas con obesidad severa (IMC ≥ 40 o ≥ 35 con comorbilidades)

---

[Fuente: chunk_4]
. De los que perdieron un 10% o más en el primer año, el 39,3% mantuvo esta pérdida en el octavo año (pérdida promedio de peso: 16%). El mantenimiento de la pérdida de peso se asoció con el aumento de la actividad física, la reducción de calorías, el uso de sustitutos de las comidas, el monitoreo regular del peso y la asistencia a las visitas de asesoramiento."
"99","El contexto no proporciona información específica sobre si es posible bajar de peso sin pasar hambre.","[Fuente: chunk_0]
Aunque  el  TMN  que  consigue  un  déficit  calórico  puede  dar lugar a una pérdida de peso a corto plazo (de seis a 12 meses), el cambio de peso no suele mantenerse en el tiempo. Además, la recomendación común de que un déficit calórico de 500 kcal/día o 3500 kcal/semana produciría una pérdida de peso de 0,45 kg no es válida, ya que la pérdida de peso no es lineal. 73,74 Polidori et al. cuantificaron por primera vez la cantidad de ingesta calórica compensada por los cambios de pérdida de peso en seres humanos de vida libre y estimaron que el apetito aumentaba en ~100 kcal/día por cada kilogramo de peso perdido, lo que contribuía al aumento de peso con el tiempo. 75  La restricción calórica puede, en algunas personas, conducir a impulsos fisiopatológicos que promueven el aumento de peso a través del aumento del hambre, el apetito y la disminución de la saciedad. 66 Además, las restricciones calóricas pueden tener consecuencias negativas para la salud del esqueleto

---

[Fuente: chunk_1]
mantenimiento del peso a largo plazo; un buen perfil de seguridad; y costos razonables.

-  Las  personas  con  sobrepeso  u  obesidad  deben  desconfiar de  los  programas  de  adelgazamiento  que:  i)  prometen  la pérdida de peso sin dieta ni ejercicio; ii) prometen la pérdida de peso comiendo todo lo que se quiera; iii) prometen la reducción  de  peso  en  lugares  concretos  del  cuerpo; iv)  prometen una pérdida demasiado rápida (por ejemplo, perder 13 kilos en 30 días); o v) incluyen fotos del antes y el después, y testimonios personales que parecen demasiado buenos para ser verdad.

## MENSAJES CLAVE PARA LAS PERSONAS CON OBESIDAD continuación

-  Existen muchos productos naturales para la pérdida de peso sin receta médica, pero ninguno de ellos ha demostrado proporcionar una pérdida de peso clínicamente significativa en estudios científicos de alta calidad.

## RECOMENDACIONES ADOPTADAS

<!-- image -->

---

[Fuente: chunk_2]
mantenimiento del peso a largo plazo; un buen perfil de seguridad; y costos razonables.

-  Las  personas  con  sobrepeso  u  obesidad  deben  desconfiar de  los  programas  de  adelgazamiento  que:  i)  prometen  la pérdida de peso sin dieta ni ejercicio; ii) prometen la pérdida de peso comiendo todo lo que se quiera; iii) prometen la reducción  de  peso  en  lugares  concretos  del  cuerpo; iv)  prometen una pérdida demasiado rápida (por ejemplo, perder 13 kilos en 30 días); o v) incluyen fotos del antes y el después, y testimonios personales que parecen demasiado buenos para ser verdad.

## MENSAJES CLAVE PARA LAS PERSONAS CON OBESIDAD continuación

-  Existen muchos productos naturales para la pérdida de peso sin receta médica, pero ninguno de ellos ha demostrado proporcionar una pérdida de peso clínicamente significativa en estudios científicos de alta calidad.

## RECOMENDACIONES ADOPTADAS

<!-- image -->

---

[Fuente: chunk_3]
La gente debería desconfiar de los programas de pérdida de peso que:

-  Prometen la pérdida de peso sin dieta ni ejercicio;
-  Promete perder peso comiendo todo lo que quiera;
-  Prometen una reducción puntual del peso de determinados lugares;
-  Prometer una pérdida demasiado rápida (por ejemplo, perder 13 kilos en 30 días);
-  Incluye fotos del antes y el después y testimonios personales que parezcan demasiado buenos para ser verdad.

## PRODUCTOS COMERCIALES

---

[Fuente: chunk_4]
La gente debería desconfiar de los programas de pérdida de peso que:

-  Prometen la pérdida de peso sin dieta ni ejercicio;
-  Promete perder peso comiendo todo lo que quiera;
-  Prometen una reducción puntual del peso de determinados lugares;
-  Prometer una pérdida demasiado rápida (por ejemplo, perder 13 kilos en 30 días);
-  Incluye fotos del antes y el después y testimonios personales que parezcan demasiado buenos para ser verdad.

## PRODUCTOS COMERCIALES"
"100","Deberías pedir permiso para discutir tu peso y luego trabajar con un profesional de la salud para crear un plan de manejo de la obesidad.","[Fuente: chunk_0]
## MENSAJES CLAVE PARA EL PERSONAL EN SALUD

<!-- image -->

-  El  personal  de  la  atención  primaria  en  salud  debería iniciar  conversaciones  centradas  en  el  paciente  sobre  el sobrepeso o la obesidad. El enfoque de las 5As del Manejo de la Obesidad TM  (Averiguar/Preguntar, Analizar, Asesorar, Acordar,  Asistir),  comenzando  por  pedir  permiso  para discutir el peso, resulta ser un formato apropiado.
-  El personal de la atención primaria en salud debe promover un enfoque integral del peso y la salud, centrado en hábitos saludables y abordando las causas del aumento de peso con cuidado de evitar  narrativas  estigmatizantes  y  demasiado simplistas del tipo 'coma menos y muévase más'.

## MENSAJES CLAVE PARA LAS PERSONAS CON OBESIDAD

<!-- image -->

---

[Fuente: chunk_1]
Certeza de la evidencia: Baja Fuerza de la recomendación: Condicional

## Figura 1: Modelo Solo MD

Evaluación y diagnóstico de la obesidad

(conduce a la comprensión de la causa y la severidad de la obesidad).

Desarrollar un plan de tratamiento para recomendarle a la persona con obesidad (PcO).

PcO está de acuerdo: Pedir permiso para educar; impartir educación basada en la biología para hacer frente a los prejuicios y provocar un cambio de comportamiento.

Pedir permiso para trabajar con la PcO para crear un plan de manejo de la obesidad.

PcO no está de acuerdo: Pida permiso para volver a hablar de ello en una visita de seguimiento. Explorar las razones del no.

Establecer y secuenciar objetivos que sean realistas y alcanzables.

---

[Fuente: chunk_2]
1. Recomendamos que los profesionales de atención primaria identifiquen  a  las  personas  con  sobrepeso  y  obesidad,  e inicien con ellas conversaciones centradas en la salud del paciente (Nivel 3, Grado C). 1
2. Recomendamos  que  los  profesionales  de  la  salud  se aseguren de pedir permiso a las personas antes de hablar del  peso  o  de  tomar  medidas  antropométricas  (Nivel  3, Grado C). 2
3. Las  intervenciones  de  atención  primaria  deben  utilizarse para aumentar los conocimientos y las habilidades de los individuos  sobre  el  control  del  peso  como  una  manera eficaz de control (Nivel 1a, Grado A). 3
4. Los  profesionales  de  atención  primaria  deberían  tratar  a las  personas  con  sobrepeso  u  obesidad  en  programas multidisciplinarios  de  atención  primaria  con  estrategias personalizadas de control de la obesidad como una manera eficaz de apoyar el tratamiento de la obesidad (Nivel 1b, Grado B). 4,5,6,7,8

---

[Fuente: chunk_3]
La obesidad es una enfermedad crónica y recidivante cuyas causas son múltiples y tienen un impacto significativo en la vida y salud de las personas. La prevalencia de la obesidad sugiere que debe abordarse de forma temprana, eficaz y continua en la atención primaria  en  salud,  donde  existe  una  capacidad  potencial  para tratar  la  obesidad  a  mayor  escala.  Los  beneficios  de  hacerlo son  innumerables,  no  solamente  para  reducir  la  avalancha  de enfermedades crónicas en nuestros sistemas de salud, sino también para mejorar la vida de las personas al reducir el sufrimiento y mejorar  la  salud  mental,  física  y  emocional.  Para  empezar  a hacerlo, tenemos que cambiar los corazones y las mentes. Tenemos que respetar y tratar la obesidad como una enfermedad médica, educar al personal médico en su formación y apoyar su capacidad para realizar este trabajo en la práctica

---

[Fuente: chunk_4]
-  En todas las intervenciones, para el manejo de la obesidad, se debe identificar el comportamiento de las personas que viven con obesidad (por ejemplo, alimentación, actividad, adherencia a la medicación), ya que indefectiblemente debe incorporarse un asesoramiento para el cambio conductual"
