numero,respuesta,contexto
1,"La obesidad es definida como una enfermedad crónica compleja en la que el exceso de grasa corporal (adiposidad) perjudica la salud, aumenta el riesgo de complicaciones médicas a largo plazo y reduce la esperanza de vida. Se considera que la obesidad tiene múltiples causas que incluyen influencias biológicas, determinantes sociales de la salud, creencias socioculturales y factores ambientales. Además, se reconoce que un diagnóstico de obesidad debe ser realizado a través de una evaluación exhaustiva que considere no solo el índice de masa corporal (IMC), sino también otros factores como la composición corporal y la circunferencia de la cintura, que han demostrado correlacionarse adecuadamente con el riesgo de salud asociado al exceso de tejido graso.

Esta información se deriva de los documentos referenciados, en especial del documento titulado ""Terapia de nutrición médica de la obesidad"" y otros estudios relacionados sobre la naturaleza de la obesidad como enfermedad crónica.","Fragmento 1 [Doc: 08_Terapia-de-nutricion-medica-de-la-obesidad.pdf, chunk: 37, dist: 0.355]:
La obesidad es definida como una enfermedad crónica compleja en  la  que  la  grasa  corporal  anormal  o  excesiva  adiposidad perjudican  la  salud,  aumentan  el  riesgo  de  complicaciones médicas a largo plazo y reducen la esperanza de vida. Utilizamos esta definición en lugar de la de peso o IMC al referirnos a las personas adultas con obesidad aplicando un lenguaje que prioriza a  las  personas 61 y  apoyando  el  cambio  de  narrativa  sobre  la obesidad. 63,69

Reconocemos que esto puede ser controversial y que se necesita más  investigación  para  conciliar  las  intervenciones  nutricionales utilizando las nuevas definiciones de obesidad. De todas formas, un diagnóstico de obesidad desde la práctica clínica requiere una evaluación exhaustiva que mitigue los prejuicios involuntarios hacia el peso y otros estigmas que puedan surgir si sólo se utiliza el IMC.

---

Fragmento 2 [Doc: 02_Epidemiologia-de-la-obesidad-en-adultos-en-Chile.pdf, chunk: 25, dist: 0.388]:
Se han propuesto otros métodos para establecer la presencia de exceso de tejido adiposo que cause daño a la salud. Una definición apropiada para la obesidad es el exceso de tejido graso que causa daño a la salud, y por lo tanto, un diagnóstico de obesidad con mayor especificidad. Utilizar para el diagnóstico de obesidad un criterio que no discrimina la composición corporal como el IMC puede conducir a sobreestimación de la enfermedad. La medición de circunferencia de cintura es una medida fácil y práctica que ha demostrado buena correlación con riesgo de salud por exceso de tejido graso, especialmente en estudios de riesgo cardiovascular.

---

Fragmento 3 [Doc: 11_La-atencion-y-asistencia-primaria-en-el-manejo-de-la-obesidad.pdf, chunk: 13, dist: 0.393]:
## INTRODUCCIÓN

La obesidad es una enfermedad crónica y compleja vinculada a la intrincada  interacción  entre  un  amplio  espectro  de  causas  básicas relacionadas  con  influencias  biológicas,  determinantes  sociales  de la  salud,  prácticas  y  creencias  socioculturales,  efectos  ambientales, políticas  públicas  y  factores  psicológicos.  En  la  actualidad,  existen percepciones erróneas significativas y generalizadas en cuanto a la naturaleza tanto de la etiología como del tratamiento eficaz de esta afección, lo que se complica por los prejuicios y el estigma arraigados en  la  sociedad  sobre  el  peso.  Los  cambios  en  el  cuidado  de  las personas que viven con obesidad para lograr una atención coherente, de alta calidad y centrada en la persona, requerirá también cambios en términos de conocimientos, habilidades y normas de práctica del personal sanitario, así como una mejor organización en la atención.

---

Fragmento 4 [Doc: 06_Evaluacion-del-paciente-que-vive-con-obesidad.pdf, chunk: 7, dist: 0.416]:
La obesidad es una enfermedad crónica compleja en la que el exceso de grasa corporal (adiposidad) perjudica la salud, aumenta el riesgo de complicaciones médicas a largo plazo y reduce la esperanza de vida. 22-27 La  obesidad  se  ha  considerado  tradicionalmente  como un factor de riesgo para una amplia gama de otros problemas de salud. Sin embargo, la Asociación Médica Canadiense, 20  considera actualmente  a    la  obesidad  como  una  enfermedad  crónica  por sí  misma,  similar  a  la  diabetes  de  tipo  2,  la  hipertensión  arterial crónica y la dislipidemia (en consonancia con otras organizaciones como  Obesity  Canada,  la  Asociación  Médica  Americana, 25   la Organización Mundial de la Salud 24 , la Federación Mundial de la Obesidad y otras. 25-27 ) Para que una enfermedad sea considerada como crónica, debe cumplir con tres criterios que son: 1) deterioro del funcionamiento normal del cuerpo, 2) debe presentar síntomas y signos, y 3) que produzca daño o morbilidad. 28-31

---

Fragmento 5 [Doc: 04_Prevencion-y-reduccion-de-danos-de-la-obesidad-en-personas-adultas.pdf, chunk: 53, dist: 0.418]:
En lo que respecta a la obesidad, se puede pensar en esto como un chequeo regular para así prevenir un mayor aumento de peso en individuos con obesidad leve no complicada (es decir, el estadio 0  o  1  según  el  EOSS).  Aunque  la  obesidad  está  fuertemente asociada  a  la  morbilidad  y  la  mortalidad,  hay  una  variación sustancial  en  los  perfiles  de  salud  observados  entre  personas con  el  mismo  índice  de  masa  corporal.  Además,  en  el  umbral inferior de la obesidad, hay personas que aún no han desarrollado comorbilidades  relacionadas,  como  hipertensión,  dislipidemia, problemas ortopédicos o diabetes."
2,"La diferencia entre sobrepeso y obesidad se basa en el índice de masa corporal (IMC), una medida que se utiliza para clasificar el peso corporal en relación con la altura. Según el contexto proporcionado:

- **Sobrepeso** se define como un IMC que va de 25,0 a 29,9 kg/m².
- **Obesidad** se clasifica como un IMC superior a 30,0 kg/m².

Además, es importante señalar que la obesidad es una condición más grave que el sobrepeso y está asociada con un mayor riesgo de complicaciones médicas, mientras que el sobrepeso puede ser considerado un estadio menos grave en la escalera del aumento de peso. La evaluación de la obesidad debe ser exhaustiva e ir más allá de la medida del IMC, tomando en cuenta el perfil de salud del individuo (Fragmento 1 y Fragmento 2).","Fragmento 1 [Doc: 08_Terapia-de-nutricion-medica-de-la-obesidad.pdf, chunk: 37, dist: 0.413]:
La obesidad es definida como una enfermedad crónica compleja en  la  que  la  grasa  corporal  anormal  o  excesiva  adiposidad perjudican  la  salud,  aumentan  el  riesgo  de  complicaciones médicas a largo plazo y reducen la esperanza de vida. Utilizamos esta definición en lugar de la de peso o IMC al referirnos a las personas adultas con obesidad aplicando un lenguaje que prioriza a  las  personas 61 y  apoyando  el  cambio  de  narrativa  sobre  la obesidad. 63,69

Reconocemos que esto puede ser controversial y que se necesita más  investigación  para  conciliar  las  intervenciones  nutricionales utilizando las nuevas definiciones de obesidad. De todas formas, un diagnóstico de obesidad desde la práctica clínica requiere una evaluación exhaustiva que mitigue los prejuicios involuntarios hacia el peso y otros estigmas que puedan surgir si sólo se utiliza el IMC.

---

Fragmento 2 [Doc: 12_Control-del-peso-durante-la-edad-reproductiva-de-las-mujeres-adultas-con-obesidad.pdf, chunk: 32, dist: 0.425]:
| Sobrepeso (25,0-29,9 kg/m 2 )   | 7-11,5                  | 15-25                   | 0,28 (0,23-0,33)                                | 0,6 (0,5-0,7)                                   |
| Obesidad (>30,0 kg/m 2 )        | 5-9                     | 11-20                   | 0,22 (0,17-0,27)                                | 0,5 (0,4-0,6)                                   |

---

Fragmento 3 [Doc: 04_Prevencion-y-reduccion-de-danos-de-la-obesidad-en-personas-adultas.pdf, chunk: 53, dist: 0.433]:
En lo que respecta a la obesidad, se puede pensar en esto como un chequeo regular para así prevenir un mayor aumento de peso en individuos con obesidad leve no complicada (es decir, el estadio 0  o  1  según  el  EOSS).  Aunque  la  obesidad  está  fuertemente asociada  a  la  morbilidad  y  la  mortalidad,  hay  una  variación sustancial  en  los  perfiles  de  salud  observados  entre  personas con  el  mismo  índice  de  masa  corporal.  Además,  en  el  umbral inferior de la obesidad, hay personas que aún no han desarrollado comorbilidades  relacionadas,  como  hipertensión,  dislipidemia, problemas ortopédicos o diabetes.

---

Fragmento 4 [Doc: 11_La-atencion-y-asistencia-primaria-en-el-manejo-de-la-obesidad.pdf, chunk: 13, dist: 0.446]:
## INTRODUCCIÓN

La obesidad es una enfermedad crónica y compleja vinculada a la intrincada  interacción  entre  un  amplio  espectro  de  causas  básicas relacionadas  con  influencias  biológicas,  determinantes  sociales  de la  salud,  prácticas  y  creencias  socioculturales,  efectos  ambientales, políticas  públicas  y  factores  psicológicos.  En  la  actualidad,  existen percepciones erróneas significativas y generalizadas en cuanto a la naturaleza tanto de la etiología como del tratamiento eficaz de esta afección, lo que se complica por los prejuicios y el estigma arraigados en  la  sociedad  sobre  el  peso.  Los  cambios  en  el  cuidado  de  las personas que viven con obesidad para lograr una atención coherente, de alta calidad y centrada en la persona, requerirá también cambios en términos de conocimientos, habilidades y normas de práctica del personal sanitario, así como una mejor organización en la atención.

---

Fragmento 5 [Doc: 04_Prevencion-y-reduccion-de-danos-de-la-obesidad-en-personas-adultas.pdf, chunk: 1, dist: 0.447]:
-  La obesidad es una enfermedad heterogénea que puede desarrollarse  por  una  ganancia  gradual  y  constante  de peso durante un tiempo prolongado o por periodos cortos y rápidos de aumento de peso.
-  Es  de  gran  relevancia  realizar  evaluaciones  periódicas del  peso  corporal  y  perímetro  abdominal  para  detectar precozmente los aumentos de peso y grasa abdominal.
-  El  Sistema  de  Clasificación  de  la  Obesidad  Edmonton (EOSS) es una herramienta de gran utilidad para evaluar a la persona que vive con obesidad.
-  El personal de salud debe abordar y discutir precozmente sobre  la  ganancia  de  peso  con  sus  pacientes  y  plantear intervenciones que consideren sus causas multifactoriales, entregando  una  orientación  mucho  más  integral  que  el simple mensaje de 'comer menos y moverse más'. Derivar oportunamente  si  no  se  cuenta  con  las  estrategias  o herramientas adecuadas de tratamiento."
3,"La obesidad es peligrosa debido a su naturaleza como enfermedad crónica compleja que compromete la salud de diversas maneras. A continuación, se detallan algunos de los riesgos asociados:

1. **Complicaciones Médicas**: La obesidad incrementa el riesgo de desarrollar enfermedades crónicas no transmisibles, como la diabetes mellitus tipo 2 (DM2) y la hipertensión arterial. También está asociada con un mayor riesgo de ciertos tipos de cáncer.

2. **Inflamación y Alteraciones Hormonales**: Esta condición se caracteriza por inflamación, alteraciones hormonales e inmunodepresión, lo que puede resultar en un deterioro del funcionamiento normal del cuerpo y contribuir a diversas complicaciones de salud.

3. **Enfermedades Infecciosas**: Estudios recientes han demostrado que la obesidad puede ser un factor de riesgo para enfermedades infecciosas, siendo un ejemplo relevante los virus como el de la influenza y el SARS-CoV-2.

4. **Mayor Mortalidad**: Las categorías de obesidad II y III están significativamente asociadas con una mayor mortalidad por cualquier causa, lo que enfatiza la urgencia de abordar esta condición.

5. **Impacto en la Calidad de Vida**: Además de las complicaciones de salud, la obesidad puede afectar la calidad de vida general y reducir la esperanza de vida.

Estos aspectos resaltan la importancia de considerar la obesidad no solo como un problema estético, sino como una enfermedad que requiere un enfoque integral y serio para su manejo. (Información extraída de los Documentos 02 y 06).","Fragmento 1 [Doc: 02_Epidemiologia-de-la-obesidad-en-adultos-en-Chile.pdf, chunk: 18, dist: 0.364]:
## RIESGOS PARA LA SALUD

La obesidad, por sus características fisiopatológicas de inflamación,  alteraciones  hormonales,  inmunodepresión  y  por ser  una  enfermedad  crónica,  constituye  un  factor  reconocido de  riesgo  para  la  salud,  involucrado  en  el  desarrollo  de  cáncer y de enfermedades crónicas no transmisibles como la DM2 y la hipertensión arterial.  En años recientes, también se ha demostrado que constituye un factor de riesgo para enfermedades infecciosas causadas  por  los  virus  influenza  y  Sars-Cov  2. 21 El  exceso  de peso  categorizado  en  base  al  Índice  de  Masa  Corporal  (IMC) ha  mostrado  que  las  categorías  de  obesidad  II  y  III  se  asocian significativamente  con  mayor  mortalidad  por  cualquier  causa. 22 En  Chile,  la  obesidad  también  se  ha  identificado  dentro  de  los principales factores de riesgo modificables para desarrollar DM2 e hipertensión arterial. 23,24

---

Fragmento 2 [Doc: 02_Epidemiologia-de-la-obesidad-en-adultos-en-Chile.pdf, chunk: 24, dist: 0.365]:
## EVALUACIÓN DEL RIESGO

La evaluación del riesgo que representa la obesidad para la salud depende del conocimiento de su fisiopatología, pero también de los criterios utilizados para diagnosticar y categorizar la severidad de esta enfermedad, ya que el diagnóstico es el elemento central para magnificar y relacionar los problemas en salud.

En la mayoría de los estudios que analizan riesgo de la obesidad, el  diagnóstico  se  basa  en  el  IMC  mayor  o  igual  a  30  Kg/m 2 . El  IMC  relaciona  el  peso  con  la  estatura,  pero  no  discrimina  la composición corporal y la proporción de grasa. Por tanto, puede existir  una persona con obesidad diagnosticada por IMC quien, al  estudiarlo  con  algún  método  de  composición  corporal,  por ejemplo, densitometría de cuerpo completo, no tenga exceso de grasa en su cuerpo o enfermedades relacionadas con el sobrepeso.

---

Fragmento 3 [Doc: 06_Evaluacion-del-paciente-que-vive-con-obesidad.pdf, chunk: 7, dist: 0.365]:
La obesidad es una enfermedad crónica compleja en la que el exceso de grasa corporal (adiposidad) perjudica la salud, aumenta el riesgo de complicaciones médicas a largo plazo y reduce la esperanza de vida. 22-27 La  obesidad  se  ha  considerado  tradicionalmente  como un factor de riesgo para una amplia gama de otros problemas de salud. Sin embargo, la Asociación Médica Canadiense, 20  considera actualmente  a    la  obesidad  como  una  enfermedad  crónica  por sí  misma,  similar  a  la  diabetes  de  tipo  2,  la  hipertensión  arterial crónica y la dislipidemia (en consonancia con otras organizaciones como  Obesity  Canada,  la  Asociación  Médica  Americana, 25   la Organización Mundial de la Salud 24 , la Federación Mundial de la Obesidad y otras. 25-27 ) Para que una enfermedad sea considerada como crónica, debe cumplir con tres criterios que son: 1) deterioro del funcionamiento normal del cuerpo, 2) debe presentar síntomas y signos, y 3) que produzca daño o morbilidad. 28-31

---

Fragmento 4 [Doc: 03_La-ciencia-de-la-obesidad.pdf, chunk: 1, dist: 0.378]:
## INTRODUCCIÓN

La obesidad, es una enfermedad crónica compleja que aumenta el  riesgo  de  complicaciones  médicas  a  largo  plazo  y  reduce  la expectativa  de  vida. 1   La  acumulación  de  grasa  corporal  está determinada por la compleja interacción de factores  genéticos, metabólicos, conductuales, ambientales y sociales; siendo estos últimos la causa directa del aumento en la prevalencia de obesidad observada  en  las  últimas  décadas. 2   La  mayor  disponibilidad de  alimentos  de  alta  densidad  calórica,  de  bajo  costo  y  fácil accesibilidad,  junto  con  un  mayor  grado  de  urbanización  en  la sociedad y un crecimiento económico conducen a cambios de los estilos de vida, por lo que son factores que promueven una mayor ingesta energética relativa al gasto energético. 3

---

Fragmento 5 [Doc: 01_Practicas-y-politicas-para-reducir-los-sesgos-sobre-el-peso-en-el-manejo-de-la-obesidad-1.pdf, chunk: 29, dist: 0.388]:
. La discriminación por peso corporal también aumenta el riesgo de obesidad. 10"
4,"Sí, la obesidad es considerada una enfermedad crónica compleja por sí misma. Se caracteriza por un exceso de grasa corporal que perjudica la salud, aumenta el riesgo de complicaciones médicas a largo plazo y reduce la esperanza de vida. Esto está respaldado por organizaciones como la Asociación Médica Canadiense y la Organización Mundial de la Salud, que reconocen la obesidad como una enfermedad similar a otras afecciones como la diabetes tipo 2 y la hipertensión arterial. Además, se requiere que una enfermedad cumpla con criterios específicos, como el deterioro del funcionamiento normal del cuerpo, la presentación de síntomas y signos, y la producción de daño o morbilidad (fragmento 1 y fragmento 2).","Fragmento 1 [Doc: 06_Evaluacion-del-paciente-que-vive-con-obesidad.pdf, chunk: 7, dist: 0.293]:
La obesidad es una enfermedad crónica compleja en la que el exceso de grasa corporal (adiposidad) perjudica la salud, aumenta el riesgo de complicaciones médicas a largo plazo y reduce la esperanza de vida. 22-27 La  obesidad  se  ha  considerado  tradicionalmente  como un factor de riesgo para una amplia gama de otros problemas de salud. Sin embargo, la Asociación Médica Canadiense, 20  considera actualmente  a    la  obesidad  como  una  enfermedad  crónica  por sí  misma,  similar  a  la  diabetes  de  tipo  2,  la  hipertensión  arterial crónica y la dislipidemia (en consonancia con otras organizaciones como  Obesity  Canada,  la  Asociación  Médica  Americana, 25   la Organización Mundial de la Salud 24 , la Federación Mundial de la Obesidad y otras. 25-27 ) Para que una enfermedad sea considerada como crónica, debe cumplir con tres criterios que son: 1) deterioro del funcionamiento normal del cuerpo, 2) debe presentar síntomas y signos, y 3) que produzca daño o morbilidad. 28-31

---

Fragmento 2 [Doc: 11_La-atencion-y-asistencia-primaria-en-el-manejo-de-la-obesidad.pdf, chunk: 130, dist: 0.324]:
La obesidad es una enfermedad crónica y recidivante cuyas causas son múltiples y tienen un impacto significativo en la vida y salud de las personas. La prevalencia de la obesidad sugiere que debe abordarse de forma temprana, eficaz y continua en la atención primaria  en  salud,  donde  existe  una  capacidad  potencial  para tratar  la  obesidad  a  mayor  escala.  Los  beneficios  de  hacerlo son  innumerables,  no  solamente  para  reducir  la  avalancha  de enfermedades crónicas en nuestros sistemas de salud, sino también para mejorar la vida de las personas al reducir el sufrimiento y mejorar  la  salud  mental,  física  y  emocional.  Para  empezar  a hacerlo, tenemos que cambiar los corazones y las mentes. Tenemos que respetar y tratar la obesidad como una enfermedad médica, educar al personal médico en su formación y apoyar su capacidad para realizar este trabajo en la práctica

---

Fragmento 3 [Doc: 11_La-atencion-y-asistencia-primaria-en-el-manejo-de-la-obesidad.pdf, chunk: 13, dist: 0.328]:
## INTRODUCCIÓN

La obesidad es una enfermedad crónica y compleja vinculada a la intrincada  interacción  entre  un  amplio  espectro  de  causas  básicas relacionadas  con  influencias  biológicas,  determinantes  sociales  de la  salud,  prácticas  y  creencias  socioculturales,  efectos  ambientales, políticas  públicas  y  factores  psicológicos.  En  la  actualidad,  existen percepciones erróneas significativas y generalizadas en cuanto a la naturaleza tanto de la etiología como del tratamiento eficaz de esta afección, lo que se complica por los prejuicios y el estigma arraigados en  la  sociedad  sobre  el  peso.  Los  cambios  en  el  cuidado  de  las personas que viven con obesidad para lograr una atención coherente, de alta calidad y centrada en la persona, requerirá también cambios en términos de conocimientos, habilidades y normas de práctica del personal sanitario, así como una mejor organización en la atención.

---

Fragmento 4 [Doc: 08_Terapia-de-nutricion-medica-de-la-obesidad.pdf, chunk: 37, dist: 0.343]:
La obesidad es definida como una enfermedad crónica compleja en  la  que  la  grasa  corporal  anormal  o  excesiva  adiposidad perjudican  la  salud,  aumentan  el  riesgo  de  complicaciones médicas a largo plazo y reducen la esperanza de vida. Utilizamos esta definición en lugar de la de peso o IMC al referirnos a las personas adultas con obesidad aplicando un lenguaje que prioriza a  las  personas 61 y  apoyando  el  cambio  de  narrativa  sobre  la obesidad. 63,69

Reconocemos que esto puede ser controversial y que se necesita más  investigación  para  conciliar  las  intervenciones  nutricionales utilizando las nuevas definiciones de obesidad. De todas formas, un diagnóstico de obesidad desde la práctica clínica requiere una evaluación exhaustiva que mitigue los prejuicios involuntarios hacia el peso y otros estigmas que puedan surgir si sólo se utiliza el IMC.

---

Fragmento 5 [Doc: 06_Evaluacion-del-paciente-que-vive-con-obesidad.pdf, chunk: 1, dist: 0.360]:
## MENSAJES CLAVE PARA EL PERSONAL DE SALUD

<!-- image -->

-  La  obesidad  es  una  enfermedad  crónica,  progresiva  y recurrente caracterizada por la presencia de una adiposidad anormal o excesiva que perjudica en diferentes formas la salud y el bienestar social.
-  La detección de la obesidad debe realizarse regularmente midiendo el índice de masa corporal (IMC) y la circunferencia de cintura (CC).
-  La  evaluación  clínica  de  la  obesidad  debe  tener  como objetivo diagnosticar e identificar las causas y consecuencias

## MENSAJES CLAVE PARA PERSONAS QUE VIVEN CON OBESIDAD

<!-- image -->

-  La obesidad es una enfermedad crónica que se caracteriza por la acumulación de grasa corporal que impacta desfavorablemente la salud física y mental y la calidad de vida de la persona.
-  Es necesario realizar una evaluación clínica que determine cómo afecta el peso a su salud para orientarlo a usted y a su

## Cómo citar este documento"
5,"No dispongo de suficiente información en las guías oficiales para responder a tu pregunta. Sin embargo, es importante señalar que la obesidad es considerada una enfermedad crónica, lo que sugiere que su manejo debe ser continuo y adaptado a las necesidades de cada individuo. La atención centrada en la persona y un enfoque integral son clave para mejorar la salud de quienes viven con obesidad.","Fragmento 1 [Doc: 11_La-atencion-y-asistencia-primaria-en-el-manejo-de-la-obesidad.pdf, chunk: 130, dist: 0.352]:
La obesidad es una enfermedad crónica y recidivante cuyas causas son múltiples y tienen un impacto significativo en la vida y salud de las personas. La prevalencia de la obesidad sugiere que debe abordarse de forma temprana, eficaz y continua en la atención primaria  en  salud,  donde  existe  una  capacidad  potencial  para tratar  la  obesidad  a  mayor  escala.  Los  beneficios  de  hacerlo son  innumerables,  no  solamente  para  reducir  la  avalancha  de enfermedades crónicas en nuestros sistemas de salud, sino también para mejorar la vida de las personas al reducir el sufrimiento y mejorar  la  salud  mental,  física  y  emocional.  Para  empezar  a hacerlo, tenemos que cambiar los corazones y las mentes. Tenemos que respetar y tratar la obesidad como una enfermedad médica, educar al personal médico en su formación y apoyar su capacidad para realizar este trabajo en la práctica

---

Fragmento 2 [Doc: 07_El-rol-de-la-salud-mental-en-el-tratamiento-de-la-obesidad.pdf, chunk: 9, dist: 0.366]:
-  La  terapia  conductual  para  el  manejo  de  la  obesidad, idealmente  como  parte  de  un  enfoque  de  tratamiento multimodal,  puede  ser  efectiva  para  potenciar  hábitos saludables y de autocuidado, que pueden a su vez permitir repercutir en menores incrementos en el peso en personas con enfermedades mentales comórbidas. La intensidad de la intervención conductual debería ser mayor para las personas con psicopatología más grave en el contexto de obesidad.
-  Las  personas  candidatas  a  cirugía  bariátrica  deben  tener una  evaluación  de  salud  mental  realizada  por  un  clínico calificado, con el fin de identificar precozmente los factores de riesgo asociados con un pobre resultado en la baja de peso o con un deterioro de la salud mental.

---

Fragmento 3 [Doc: 08_Terapia-de-nutricion-medica-de-la-obesidad.pdf, chunk: 29, dist: 0.372]:
Las intervenciones nutricionales tradicionales para tratar la obesidad  se  han  concentrado  en  estrategias  que  promueven la  pérdida  de  peso  mediante  una  dieta  restrictiva.  Aunque es  necesario  un  déficit  calórico  para  empezar  a  perder  peso, mantenerlo puede ser difícil a largo plazo debido a los mecanismos de  compensación  que  estimulan  la  ingesta  de  calorías  a  través del aumento del hambre y el deseo de comer. 64-66  El personal de salud, los formuladores de políticas, los pacientes y el público en general han de saber que las intervenciones nutricionales afectan a  cada  persona  de  forma  diferente  y  que,  por  tanto,  no  existe un enfoque o una intervención nutricional único que sea el más adecuado. 67

---

Fragmento 4 [Doc: 11_La-atencion-y-asistencia-primaria-en-el-manejo-de-la-obesidad.pdf, chunk: 13, dist: 0.377]:
## INTRODUCCIÓN

La obesidad es una enfermedad crónica y compleja vinculada a la intrincada  interacción  entre  un  amplio  espectro  de  causas  básicas relacionadas  con  influencias  biológicas,  determinantes  sociales  de la  salud,  prácticas  y  creencias  socioculturales,  efectos  ambientales, políticas  públicas  y  factores  psicológicos.  En  la  actualidad,  existen percepciones erróneas significativas y generalizadas en cuanto a la naturaleza tanto de la etiología como del tratamiento eficaz de esta afección, lo que se complica por los prejuicios y el estigma arraigados en  la  sociedad  sobre  el  peso.  Los  cambios  en  el  cuidado  de  las personas que viven con obesidad para lograr una atención coherente, de alta calidad y centrada en la persona, requerirá también cambios en términos de conocimientos, habilidades y normas de práctica del personal sanitario, así como una mejor organización en la atención.

---

Fragmento 5 [Doc: 06_Evaluacion-del-paciente-que-vive-con-obesidad.pdf, chunk: 5, dist: 0.379]:
## INTRODUCCIÓN

La  obesidad  es  una  enfermedad  crónica  que  requiere  una  evaluación diagnóstica y un enfoque terapéutico sistemático y completo. 20  El objetivo de la evaluación de una persona con obesidad es recopilar información que confirme el diagnóstico, determinar la gravedad de la enfermedad y las comorbilidades relacionadas, identificar los factores  desencadenantes, y mantenedores de la enfermedad y orientar el diálogo sobre el tratamiento adecuado en un entorno clínico  sin  prejuicios  y  libre  de  estigmas. 21 El  personal  de  salud debe iniciar una conversación con la persona sobre sus creencias con relación a la enfermedad y sobre sus objetivos terapéuticos, con el fin de facilitar la reflexión y fomentar la responsabilidad y la autogestión para promover mejoras de la salud a largo plazo. 15"
6,"La obesidad en la mayoría de las personas es causada por la interacción de una variedad de factores complejos. Según la información disponible, estas causas incluyen influencias biológicas, determinantes sociales de la salud, prácticas y creencias socioculturales, factores ambientales, así como políticas públicas y factores psicológicos. Además, se menciona que la disponibilidad de alimentos de alta densidad calórica y bajo costo, junto con un estilo de vida más sedentario, también contribuyen al aumento de peso. Es fundamental entender que estas causas van mucho más allá de las elecciones individuales relacionadas con la alimentación y el ejercicio (Doc: 03_La-ciencia-de-la-obesidad.pdf y Doc: 11_La-atencion-y-asistencia-primaria-en-el-manejo-de-la-obesidad.pdf).","Fragmento 1 [Doc: 03_La-ciencia-de-la-obesidad.pdf, chunk: 1, dist: 0.344]:
## INTRODUCCIÓN

La obesidad, es una enfermedad crónica compleja que aumenta el  riesgo  de  complicaciones  médicas  a  largo  plazo  y  reduce  la expectativa  de  vida. 1   La  acumulación  de  grasa  corporal  está determinada por la compleja interacción de factores  genéticos, metabólicos, conductuales, ambientales y sociales; siendo estos últimos la causa directa del aumento en la prevalencia de obesidad observada  en  las  últimas  décadas. 2   La  mayor  disponibilidad de  alimentos  de  alta  densidad  calórica,  de  bajo  costo  y  fácil accesibilidad,  junto  con  un  mayor  grado  de  urbanización  en  la sociedad y un crecimiento económico conducen a cambios de los estilos de vida, por lo que son factores que promueven una mayor ingesta energética relativa al gasto energético. 3

---

Fragmento 2 [Doc: 03_La-ciencia-de-la-obesidad.pdf, chunk: 52, dist: 0.379]:
## CONCLUSIÓN

Las causas de la obesidad son complejas y resultan de la interacción de  factores  biológicos,  conductuales,  psicosociales,  genéticos  y ambientales. El estudio e identificación de los factores que operan a  nivel  social  puede  llevar  a  una  prevención  primordial  de  los factores de riesgo frente a la obesidad, lo que podría llevar a una reducción de la carga de la obesidad en la población. Una mejor comprensión de las vías celulares y moleculares que nos llevan al génesis del exceso de adiposidad que perjudica la salud servirá de guía para que el personal de salud desarrolle un enfoque racional y pueda tratar esta compleja enfermedad de manera integral.

<!-- image -->

<!-- image -->

## Referencias

---

Fragmento 3 [Doc: 11_La-atencion-y-asistencia-primaria-en-el-manejo-de-la-obesidad.pdf, chunk: 13, dist: 0.399]:
## INTRODUCCIÓN

La obesidad es una enfermedad crónica y compleja vinculada a la intrincada  interacción  entre  un  amplio  espectro  de  causas  básicas relacionadas  con  influencias  biológicas,  determinantes  sociales  de la  salud,  prácticas  y  creencias  socioculturales,  efectos  ambientales, políticas  públicas  y  factores  psicológicos.  En  la  actualidad,  existen percepciones erróneas significativas y generalizadas en cuanto a la naturaleza tanto de la etiología como del tratamiento eficaz de esta afección, lo que se complica por los prejuicios y el estigma arraigados en  la  sociedad  sobre  el  peso.  Los  cambios  en  el  cuidado  de  las personas que viven con obesidad para lograr una atención coherente, de alta calidad y centrada en la persona, requerirá también cambios en términos de conocimientos, habilidades y normas de práctica del personal sanitario, así como una mejor organización en la atención.

---

Fragmento 4 [Doc: 04_Prevencion-y-reduccion-de-danos-de-la-obesidad-en-personas-adultas.pdf, chunk: 6, dist: 0.402]:
## MENSAJES CLAVE PARA PERSONAS QUE VIVEN CON OBESIDAD

<!-- image -->

-  Prevenir o retardar la aparición de obesidad es probablemente de menor dificultad en comparación a lograr la pérdida de peso y el no subir de peso a largo plazo.
-  Las causas y los factores de riesgo del aumento de peso son muy variados, y van más allá de las preferencias personales en  el  estilo  de  vida,  tales  como  la  ingesta  de  alimentos y  el  ejercicio,  e  incluyen  factores  que  pueden  o  no  ser controlados o tratados (ej. factores genéticos)
-  La obesidad puede desarrollarse por un aumento gradual de  peso  durante  un  largo  periodo  de  tiempo  o  por incrementos de menor duración pero de mayor intensidad en un corto periodo de tiempo.

## INTRODUCCIÓN

---

Fragmento 5 [Doc: 02_Epidemiologia-de-la-obesidad-en-adultos-en-Chile.pdf, chunk: 2, dist: 0.404]:
-  Las causas y los factores que contribuyen a la obesidad son complejos y van mucho más allá de la elección individual de la ingesta de alimentos. Entre los factores que contribuyen a  la  obesidad  se  encuentran  aquellos  catalogados  como factores  determinantes sociales  de  la  salud,  tales  como  el estatus  socioeconómico,  el  sexo,  la  etnia,  el  acceso  a  la atención  médica,  la  genética,  la  cultura  alimentaria  y  los entornos socioambientales ya existentes.
-  La  obesidad  afecta  a  las  personas,  a  las  familias  y  a  la sociedad.  La  carga  económica  es  importante.  En  2016, el  impacto  económico  mundial  de  la  obesidad  se  estimó en 2,0 billones de dólares, es decir, el 2,8% del producto interno  bruto  (PIB)  mundial.  En  Chile,  la  obesidad  y  las enfermedades  relacionadas  suponen  un  gran  costo  para"
7,"No, la obesidad no siempre es consecuencia de comer en exceso. Aunque una mala alimentación y la falta de actividad física son factores importantes en el desarrollo de obesidad, también existen otros elementos que pueden contribuir al aumento de peso. Por ejemplo, factores como el estrés, el trabajo por turnos, la falta de sueño, la depresión y el cansancio pueden influir en la ingesta alimentaria y la actividad física. Por lo tanto, es fundamental que el personal médico considere las posibles causas subyacentes del aumento de peso y no se enfoque únicamente en el síntoma del aumento de peso (fragmento 3 del documento).","Fragmento 1 [Doc: 07_El-rol-de-la-salud-mental-en-el-tratamiento-de-la-obesidad.pdf, chunk: 64, dist: 0.385]:
## ¿CUÁL ES EL IMPACTO DE LA ADICCIÓN A LA COMIDA SOBRE LA OBESIDAD?

---

Fragmento 2 [Doc: 07_El-rol-de-la-salud-mental-en-el-tratamiento-de-la-obesidad.pdf, chunk: 66, dist: 0.399]:
. Sin embargo, se mantiene la  controversia  sobre  la  influencia  de  la  obesidad  y  el  trastorno por atracón sobre la prevalencia de la adicción a la comida, 85 y los investigadores tienen precaución al equiparar a la obesidad con la adicción a la comida. 85

---

Fragmento 3 [Doc: 04_Prevencion-y-reduccion-de-danos-de-la-obesidad-en-personas-adultas.pdf, chunk: 17, dist: 0.404]:
Por otra parte, aunque es indudable que una mala alimentación y  la  falta  de  actividad  física  son  importantes  factores  de  riesgo para  el  desarrollo  de  obesidad,  pueden  existir  otros  factores que también jueguen un rol muy importante. Es por esto que el personal médico deba considerar las posibles causas subyacentes del  aumento  de  peso,  y  no  solo  enfocarse  en  el  síntoma  del aumento de peso. Por ejemplo, el estrés, el trabajo por turnos o la falta de sueño podrían ser la causa principal del aumento de la ingesta alimentaria; y por otra parte la depresión y el cansancio pueden provocar una disminución de la actividad física. Además, dependiendo de la situación, el atenuar el aumento de peso en lugar de prevenirlo o bajar de peso puede ser un objetivo más razonable y posible de alcanzar. 13

---

Fragmento 4 [Doc: 03_La-ciencia-de-la-obesidad.pdf, chunk: 1, dist: 0.404]:
## INTRODUCCIÓN

La obesidad, es una enfermedad crónica compleja que aumenta el  riesgo  de  complicaciones  médicas  a  largo  plazo  y  reduce  la expectativa  de  vida. 1   La  acumulación  de  grasa  corporal  está determinada por la compleja interacción de factores  genéticos, metabólicos, conductuales, ambientales y sociales; siendo estos últimos la causa directa del aumento en la prevalencia de obesidad observada  en  las  últimas  décadas. 2   La  mayor  disponibilidad de  alimentos  de  alta  densidad  calórica,  de  bajo  costo  y  fácil accesibilidad,  junto  con  un  mayor  grado  de  urbanización  en  la sociedad y un crecimiento económico conducen a cambios de los estilos de vida, por lo que son factores que promueven una mayor ingesta energética relativa al gasto energético. 3

---

Fragmento 5 [Doc: 03_La-ciencia-de-la-obesidad.pdf, chunk: 4, dist: 0.406]:
propuesto que el incremento de la ingesta energética podría ser el factor determinante en la epidemia de la obesidad. 5  En efecto, estudios de gasto energético total basados en el método de agua doblemente marcada que abarcan todas las etapas de la vida han mostrado que el gasto energético, una vez ajustado por tamaño corporal,  es  similar  en  personas  con  obesidad  comparado  con personas delgadas. 6,7 Así,  la  obesidad parece estar parcialmente explicada por un excedente de ingesta calórica más que un gasto energético disminuido. Este excedente basta que sea pequeño y constante (menos del 1%) para conducir a un aumento de peso. 8

## SISTEMA LEPTINA-MELANOCORTINA EN LA INGESTA HOMEOSTÁTICA"
8,"Sí, la genética influye significativamente en la obesidad. Estudios con gemelos han demostrado un alto grado de heredabilidad del peso corporal y la conducta alimentaria. Se han identificado más de 140 regiones genéticas asociadas con la variación del índice de masa corporal (IMC), siendo la variación en regiones del gen FTO la más relevante para el exceso de peso. Sin embargo, el impacto individual de estas variantes genéticas es modesto.

Además, existen formas de obesidad monogénica, relacionadas con mutaciones en genes que afectan el sistema leptina-melanocortina, como la leptina y su receptor (LEPR), POMC, y MC4R. Algunas de estas mutaciones no son tan raras y pueden tener implicaciones en la frecuencia poblacional de la obesidad.

A pesar de que los puntajes de riesgo genético pueden mostrar asociación con la obesidad, su utilidad clínica para predecir la obesidad en adultos es limitada debido a su escaso poder de clasificación y a la baja capacidad de explicar la variabilidad fenotípica observada. Esta información proviene de los documentos proporcionados, específicamente del fragmento 1 y 5 de ""La ciencia de la obesidad"".","Fragmento 1 [Doc: 03_La-ciencia-de-la-obesidad.pdf, chunk: 24, dist: 0.269]:
En  relación  a  la  obesidad  común  multifactorial,  los  estudios con  gemelos  mono-  y  dicigóticos  han  mostrado  un  grado relativamente  alto de  heredabilidad  del peso  corporal  y la conducta  de  alimentación. 40,41 Los  estudios  de  asociación  de genoma completo que evalúan millones  de  variantes  genéticas comunes (single  nucleotide  polymorphisms  o  SNPs)  en  grandes cohortes epidemiológicas, han identificado más de 140 regiones genéticas que influyen en la variación del IMC, siendo la variación en regiones intrónicas de FTO la más significativamente asociada el exceso de peso. 32  Sin embargo, el efecto individual de cada una de  estas  variantes  genéticas  sobre  el  IMC  es  muy  modesto.  La carga genética acumulativa de diferentes SNPs significativamente asociados al IMC puede cuantificarse vía el cálculo de puntajes poligénicos de riesgo. Estos puntajes de riesgo genético muestran un alto grado de asociación con obesidad

---

Fragmento 2 [Doc: 03_La-ciencia-de-la-obesidad.pdf, chunk: 20, dist: 0.278]:
## GENES ASOCIADOS CON LA OBESIDAD

Estudios en animales de experimentación sobre obesidad e  hiperfagia  causadas  por  alteraciones  de  un  solo  gen  han mostrado  que  tienen  correspondencia  directa  con  diferentes tipos de obesidad monogénica humana, entre las que sobresalen mutaciones  en  genes  que  participan  en  el  sistema  leptinamelanocortina tales como: la propia leptina y su receptor (LEPR), POMC, proproteína convertasa subtilisina/kexina tipo 1 (PCSK1; implicada en el procesamiento de POMC) y MC4R. 31,32

---

Fragmento 3 [Doc: 02_Epidemiologia-de-la-obesidad-en-adultos-en-Chile.pdf, chunk: 13, dist: 0.289]:
La obesidad presenta una alta presencia familiar entre varias  generaciones  previas;  lo  que  plantea  la  existencia  de determinantes y entornos familiares comunes, así como de algún grado  de  predisposición  biológica.  Los  hijos  e  hijas  de  madres o padres con exceso de peso tienen mayor riesgo de presentar esta misma condición. Factores ambientales y del estilo de vida de  padres  y  madres  pueden  inducir  cambios  epigenéticos  que afectan  el  embarazo,  el  feto,  e  incluso  a  futuras  generaciones. Estas marcas epigenéticas son modificables con intervenciones de comportamiento. 20

---

Fragmento 4 [Doc: 03_La-ciencia-de-la-obesidad.pdf, chunk: 22, dist: 0.321]:
Recientes  estudios  en  poblaciones  no  seleccionadas  apoyan que las mutaciones de pérdida de función de MC4R causantes de  obesidad  monogénica  podrían  no  ser  tan  raras,  y  alcanzar una frecuencia poblacional de hasta 1/337. 37  La mayoría de los genes  causantes  de  obesidad  monogénica  se  expresan  en  el sistema nervioso central formando parte de circuitos neuronales asociados al exceso de ingesta y ligados principalmente al sistema leptina-melanocortina. Los estudios de secuenciación de exoma en grandes cohortes de pacientes y en grupos poblacionales van a ser determinantes en el descubrimiento de nuevos tipos de genes involucrados en el exceso de adiposidad. 38

---

Fragmento 5 [Doc: 03_La-ciencia-de-la-obesidad.pdf, chunk: 25, dist: 0.354]:
. Estos puntajes de riesgo genético muestran un alto grado de asociación con obesidad. Sin embargo, el limitado grado de explicación de la variabilidad fenotípica de los SNPs y el escaso poder de clasificación de estos puntajes poligénicos de riesgo hacen que la predicción de obesidad en el adulto basada en marcadores genéticos no tenga utilidad clínica. 32"
9,No dispongo de suficiente información en las guías oficiales para responder a tu pregunta.,"Fragmento 1 [Doc: 03_La-ciencia-de-la-obesidad.pdf, chunk: 1, dist: 0.417]:
## INTRODUCCIÓN

La obesidad, es una enfermedad crónica compleja que aumenta el  riesgo  de  complicaciones  médicas  a  largo  plazo  y  reduce  la expectativa  de  vida. 1   La  acumulación  de  grasa  corporal  está determinada por la compleja interacción de factores  genéticos, metabólicos, conductuales, ambientales y sociales; siendo estos últimos la causa directa del aumento en la prevalencia de obesidad observada  en  las  últimas  décadas. 2   La  mayor  disponibilidad de  alimentos  de  alta  densidad  calórica,  de  bajo  costo  y  fácil accesibilidad,  junto  con  un  mayor  grado  de  urbanización  en  la sociedad y un crecimiento económico conducen a cambios de los estilos de vida, por lo que son factores que promueven una mayor ingesta energética relativa al gasto energético. 3

---

Fragmento 2 [Doc: 03_La-ciencia-de-la-obesidad.pdf, chunk: 4, dist: 0.420]:
propuesto que el incremento de la ingesta energética podría ser el factor determinante en la epidemia de la obesidad. 5  En efecto, estudios de gasto energético total basados en el método de agua doblemente marcada que abarcan todas las etapas de la vida han mostrado que el gasto energético, una vez ajustado por tamaño corporal,  es  similar  en  personas  con  obesidad  comparado  con personas delgadas. 6,7 Así,  la  obesidad parece estar parcialmente explicada por un excedente de ingesta calórica más que un gasto energético disminuido. Este excedente basta que sea pequeño y constante (menos del 1%) para conducir a un aumento de peso. 8

## SISTEMA LEPTINA-MELANOCORTINA EN LA INGESTA HOMEOSTÁTICA

---

Fragmento 3 [Doc: 04_Prevencion-y-reduccion-de-danos-de-la-obesidad-en-personas-adultas.pdf, chunk: 6, dist: 0.429]:
## MENSAJES CLAVE PARA PERSONAS QUE VIVEN CON OBESIDAD

<!-- image -->

-  Prevenir o retardar la aparición de obesidad es probablemente de menor dificultad en comparación a lograr la pérdida de peso y el no subir de peso a largo plazo.
-  Las causas y los factores de riesgo del aumento de peso son muy variados, y van más allá de las preferencias personales en  el  estilo  de  vida,  tales  como  la  ingesta  de  alimentos y  el  ejercicio,  e  incluyen  factores  que  pueden  o  no  ser controlados o tratados (ej. factores genéticos)
-  La obesidad puede desarrollarse por un aumento gradual de  peso  durante  un  largo  periodo  de  tiempo  o  por incrementos de menor duración pero de mayor intensidad en un corto periodo de tiempo.

## INTRODUCCIÓN

---

Fragmento 4 [Doc: 03_La-ciencia-de-la-obesidad.pdf, chunk: 52, dist: 0.443]:
## CONCLUSIÓN

Las causas de la obesidad son complejas y resultan de la interacción de  factores  biológicos,  conductuales,  psicosociales,  genéticos  y ambientales. El estudio e identificación de los factores que operan a  nivel  social  puede  llevar  a  una  prevención  primordial  de  los factores de riesgo frente a la obesidad, lo que podría llevar a una reducción de la carga de la obesidad en la población. Una mejor comprensión de las vías celulares y moleculares que nos llevan al génesis del exceso de adiposidad que perjudica la salud servirá de guía para que el personal de salud desarrolle un enfoque racional y pueda tratar esta compleja enfermedad de manera integral.

<!-- image -->

<!-- image -->

## Referencias

---

Fragmento 5 [Doc: 07_El-rol-de-la-salud-mental-en-el-tratamiento-de-la-obesidad.pdf, chunk: 64, dist: 0.450]:
## ¿CUÁL ES EL IMPACTO DE LA ADICCIÓN A LA COMIDA SOBRE LA OBESIDAD?"
10,"Un médico puede determinar si tienes obesidad a través de varios métodos de evaluación. La forma más común es calcular el índice de masa corporal (IMC), que se obtiene dividiendo el peso en kilogramos entre la altura en metros al cuadrado. Un IMC mayor o igual a 30 kg/m² se clasifica como obesidad. Sin embargo, es importante señalar que el IMC no discrimina entre la composición corporal, por lo que puede no ser el único criterio utilizado.

Además del IMC, se puede medir la circunferencia de la cintura, ya que esta medida ha demostrado tener una buena correlación con el riesgo para la salud relacionado con el exceso de tejido graso, especialmente en términos de riesgos cardiovasculares. 

Durante la evaluación, el médico también puede realizar un examen físico centrado en la obesidad y considerar síntomas, signos y factores de riesgo individuales. Esto puede incluir solicitar pruebas diagnósticas específicas para evaluar problemas metabólicos asociados con la obesidad, como los niveles de glicemia o colesterol.

En resumen, un diagnóstico efectivo de obesidad implica una combinación de mediciones antropométricas, evaluación del riesgo de salud y anamnesis del paciente para identificar las causas y complicaciones potenciales (como se detalla en el Documento 06).","Fragmento 1 [Doc: 02_Epidemiologia-de-la-obesidad-en-adultos-en-Chile.pdf, chunk: 25, dist: 0.340]:
Se han propuesto otros métodos para establecer la presencia de exceso de tejido adiposo que cause daño a la salud. Una definición apropiada para la obesidad es el exceso de tejido graso que causa daño a la salud, y por lo tanto, un diagnóstico de obesidad con mayor especificidad. Utilizar para el diagnóstico de obesidad un criterio que no discrimina la composición corporal como el IMC puede conducir a sobreestimación de la enfermedad. La medición de circunferencia de cintura es una medida fácil y práctica que ha demostrado buena correlación con riesgo de salud por exceso de tejido graso, especialmente en estudios de riesgo cardiovascular.

---

Fragmento 2 [Doc: 06_Evaluacion-del-paciente-que-vive-con-obesidad.pdf, chunk: 96, dist: 0.346]:
Durante la evaluación inicial de la obesidad se suelen solicitar pruebas diagnósticas  para  identificar  problemas  metabólicos  y  adaptar  el tratamiento acordemente. No existe un análisis de sangre o evaluación diagnóstica que esté indicado universalmente para todos los pacientes con obesidad. Las evaluaciones específicas realizadas deben basarse en los síntomas y signos observados, los factores de riesgo del paciente y el índice de sospecha. En la tabla 7 se revisan algunas pruebas de sangre y diagnóstico que los profesionales del área de la salud deben tener en cuenta al evaluar a un paciente con obesidad. Se recomienda a la mayoría de los pacientes la detección de síndrome metabólico incluyendo HbA1c, glicemia en ayunas, colesterol total, triglicéridos séricos y HDL

---

Fragmento 3 [Doc: 06_Evaluacion-del-paciente-que-vive-con-obesidad.pdf, chunk: 93, dist: 0.350]:
Un  examen  físico  centrado  en  la  obesidad  debe  centrarse  en determinar el fenotipo, los factores que impulsan el aumento de peso y las barreras del tratamiento para todos los pacientes. En la T abla 6 se describen los componentes clave de un examen físico centrado en  la  obesidad.  Las  mediciones  antropométricas  rutinarias  deben incluir la altura, el peso, el IMC y la circunferencia de la cintura. La presión arterial debe medirse con un esfingomanómetro de tamaño adecuado para la circunferencia del brazo del paciente. Si el tamaño de la parte superior del brazo tiene un tamaño aumentado, se puede medir  la  presión  arterial  sistólica  en  el  antebrazo  con  el  tamaño del  esfigmomanómetro  (esfingomanómetro  pequeño  [20,0-  26,0 cm],  esfingomanómetro  estándar  [25,4-40,6  y  25,0-34,0  cm]  y esfingomanómetro grande [&gt; 32,0 cm]) adecuado a la circunferencia del antebrazo del paciente

---

Fragmento 4 [Doc: 02_Epidemiologia-de-la-obesidad-en-adultos-en-Chile.pdf, chunk: 24, dist: 0.350]:
## EVALUACIÓN DEL RIESGO

La evaluación del riesgo que representa la obesidad para la salud depende del conocimiento de su fisiopatología, pero también de los criterios utilizados para diagnosticar y categorizar la severidad de esta enfermedad, ya que el diagnóstico es el elemento central para magnificar y relacionar los problemas en salud.

En la mayoría de los estudios que analizan riesgo de la obesidad, el  diagnóstico  se  basa  en  el  IMC  mayor  o  igual  a  30  Kg/m 2 . El  IMC  relaciona  el  peso  con  la  estatura,  pero  no  discrimina  la composición corporal y la proporción de grasa. Por tanto, puede existir  una persona con obesidad diagnosticada por IMC quien, al  estudiarlo  con  algún  método  de  composición  corporal,  por ejemplo, densitometría de cuerpo completo, no tenga exceso de grasa en su cuerpo o enfermedades relacionadas con el sobrepeso.

---

Fragmento 5 [Doc: 06_Evaluacion-del-paciente-que-vive-con-obesidad.pdf, chunk: 4, dist: 0.351]:
-  Los  prejuicios  y  el  estigma  sobre  el  peso  presentes  en algunos contextos del sistema de salud pueden entorpecer el adecuado enfrentamia enfermedad. El personal de salud debe  realizar  su  evaluación  sobre  la  obesidad  de  forma amable, empática y respetuosa.

## RECOMENDACIONES ADOPTADAS

<!-- image -->

1. El personal de salud puede medir la altura, el peso y calcular el  índice  de  masa  corporal  (IMC)  en  todas  las  personas adultas (Nivel 2a, Grado B), 1-9  y medir la circunferencia de la cintura en personas con un IMC de 25-35 kg/m 2  (Nivel 2b, Grado B). 10-12
2. Sugerimos  que  se  incluya  en  la  evaluación  el  historial completo con el fin de identificar las causas fundamentales del aumento de peso, así como las complicaciones de la obesidad  y  las  posibles  barreras  al  tratamiento  (Nivel  4, Grado D). 13-15

## INTRODUCCIÓN"
11,"El Índice de Masa Corporal (IMC) es una medida calculada a partir del peso y la altura de una persona, formulada como peso en kilogramos dividido por la altura en metros al cuadrado (IMC = peso [kg] / altura² [m]). Aunque es una herramienta sencilla, objetiva y replicable, no es una medición directa de la grasa corporal ni del riesgo cardiovascular o de salud. El IMC se utiliza principalmente como un método de detección temprana o ""screening"" para identificar a personas que podrían beneficiarse de un tratamiento para la obesidad.

Es importante tener en cuenta que el IMC tiene limitaciones: no considera la distribución de la grasa corporal, la masa muscular, y varía en precisión según factores como la edad, el sexo y la etnicidad. Por lo tanto, aunque el IMC es útil para estudios epidemiológicos y vigilancia de la población, no debe ser el único criterio para diagnosticar la obesidad. Debe usarse junto con otros indicadores clínicos, como la evaluación de complicaciones cardiometabólicas, para obtener una imagen más completa del estado de salud de una persona (Fuente: Fragmento 1 y 4 del documento ""Evaluación del paciente que vive con obesidad"").","Fragmento 1 [Doc: 06_Evaluacion-del-paciente-que-vive-con-obesidad.pdf, chunk: 19, dist: 0.402]:
Health Canada recomienda que la obesidad no sea diagnosticada únicamente con base al IMC. 61   No  obstante,  dada  su  sencillez, objetividad y reproducibilidad, el IMC sigue siendo una medida importante para los estudios epidemiológicos y de vigilancia de la población. En un entorno clínico, el IMC debería servir como una  medida  de  detección  temprana  o  screening.  Cuando  se utiliza  junto  con  otros  indicadores  clínicos,  como  la  evaluación de complicaciones cardiometabólicas y otras relacionadas con la obesidad, el IMC puede ayudar a identificar a las personas que podrían beneficiarse de un tratamiento para la obesidad.

---

Fragmento 2 [Doc: 06_Evaluacion-del-paciente-que-vive-con-obesidad.pdf, chunk: 26, dist: 0.427]:
-  El IMC no es una medición directa de la grasa corporal, el riesgo cardiovascular o de la salud.
-  El IMC no indica la distribución de la grasa corporal.
-  El  IMC  no  tiene  en  cuenta  la  masa  muscular  (sobreestima  la grasa corporal en individuos con mayor masa muscular).
-  El IMC puede subestimar la grasa corporal de personas que han perdido masa muscular (obesidad sarcopénica).
-  El IMC no distingue entre hombres, mujeres o etnias.
-  El IMC es menos preciso en determinados tipos de poblaciones (por  ejemplo,  personas  ancianas,  personas  con  discapacidad física,  menores  de  18  años,  personas  con  obesidad  grave, embarazadas y pacientes con ascitis o un edema grave).
-  El IMC sobreestima y subestima la grasa corporal en determinados grupos étnicos, como lo son pueblos indígenas, los asiáticos del sur, chinos y otros grupos étnicos.

## Cuadro 2: Cómo medir la circunferencia de la cintura

---

Fragmento 3 [Doc: 06_Evaluacion-del-paciente-que-vive-con-obesidad.pdf, chunk: 17, dist: 0.430]:
Tradicionalmente,  el  IMC  (peso  [kg]/altura 2 [m])  se  ha  utilizado como medida sustituta de la grasa corporal y, por lo tanto, como parámetro  objetivo  para  definir  la  obesidad,  tanto  en  estudios epidemiológicos como clínicos. 11,50-53   Estudios epidemiológicos a nivel mundial han demostrado que las poblaciones de Asia podrían presentar más adiposidad y riesgo cardiometabólico incluso con un IMC más bajo, por lo tanto, se han propuesto puntos de corte alternativos para esta población de pacientes. 54-59 En la tabla 1 se presenta una clasificación de la obesidad ampliamente aceptada basada en puntos de corte específicos del IMC.

---

Fragmento 4 [Doc: 06_Evaluacion-del-paciente-que-vive-con-obesidad.pdf, chunk: 25, dist: 0.451]:
Aunque  el  IMC  es  una  medida  sencilla,  objetiva  y  replicable, tiene  ciertas  limitaciones  que  los  clínicos  que  la  utilizan  como herramienta diagnóstica deberían reconocer. 40,41

---

Fragmento 5 [Doc: 06_Evaluacion-del-paciente-que-vive-con-obesidad.pdf, chunk: 32, dist: 0.463]:
Al igual que el IMC, la CC puede utilizarse como una herramienta de detección sencilla y práctica para identificar a las personas que tienen un mayor riesgo de padecer enfermedades cardiometabólicas. Esto puede ser especialmente cierto para las personas que se encuentran por  debajo  de  los  puntos  de  corte  de  obesidad  del  IMC.  Se  han propuesto diversos puntos de corte óptimos en función de la etnia, la  técnica  de  medición  y  los  resultados  de  interés.  La  mayoría  de los puntos de corte oscilan entre 65,5 y 101,2 cm en el caso de las mujeres y entre 72,5 y 103 cm en el caso de los hombres. 68,70-72 Los pacientes con un IMC elevado (≥35 kg/m 2 ) y una CC ancha, están más expuestos a desarrollar factores de riesgo cardiometabólicos como la diabetes mellitus de tipo 2 y la hipertensión. 73 Es  probable que las personas con un IMC ≥35 kg/m 2  estén más expuestos a desarrollar factores de riesgo cardiometabólico, independientemente de su CC."
12,"Sí, es posible que una persona tenga sobrepeso u obesidad y, aun así, no desarrolle enfermedades crónicas o factores de riesgo cardiometabólico. Se ha identificado un subgrupo de personas con obesidad que se considera ""metabólicamente sano"", aunque la existencia de esta categoría es objeto de debate y su prevalencia puede variar. Según la Encuesta Nacional de Examen de Salud y Nutrición (NHANES), un porcentaje de personas con obesidad podría cumplir con los criterios de esta categoría, aunque esto es menos común. Sin embargo, es importante tener en cuenta que la salud no debe ser evaluada únicamente por el peso o el índice de masa corporal, ya que hay varios factores que influyen en la salud integral de una persona, como la actividad física y la calidad de la alimentación (Fragmentos 2 y 3).

Dicho esto, mantener una buena salud implica un enfoque integral que valore tanto los aspectos físicos como los mentales, dado que las personas con trastornos mentales pueden estar en mayor riesgo de complicaciones médicas relacionadas con la obesidad (Fragmento 4). Por lo tanto, siempre se recomienda abordar la salud de manera holística y personalizada.","Fragmento 1 [Doc: 04_Prevencion-y-reduccion-de-danos-de-la-obesidad-en-personas-adultas.pdf, chunk: 61, dist: 0.391]:
Es necesario que evitemos la sobre preocupación por el peso por ser un indicador poco confiable del estado de salud. Pesarse es una conducta que puede considerarse iatrogénica si la persona no tiene una comprensión integral de los factores que lo llevan a estar en determinado estado, incluyendo su propia biología-genética, al estar en una sociedad que venera la delgadez, que favorece los ciclos  de  dietas  y  que  estigmatiza  el  sobrepeso  y  obesidad.  Por su parte, buscar una forma de bajar peso también puede seguir patrones ilusorios y sesgados de las reales causas: dietas restrictivas o más ejercicio, etc. Por todo esto, se debe generar conciencia de la  dinámica  personal  de  salud  y  factores  que  afectan  el  estado corporal individual (el estrés, la falta de sueño) para favorecer una baja o mantenimiento del peso acorde a un criterio de realidad para cada persona.

## Referencias

---

Fragmento 2 [Doc: 03_La-ciencia-de-la-obesidad.pdf, chunk: 41, dist: 0.407]:
A pesar de la fuerte relación entre el exceso de grasa corporal y el riesgo cardiometabólico, no todas las personas con sobrepeso u obesidad desarrollarán diabetes o enfermedades cardiovasculares. Un subgrupo de personas con obesidad no padece enfermedades crónicas ni factores de riesgo cardiometabólico. A estas personas se  les  suele  denominar  'sujetos  metabólicamente  sanos  con obesidad',  aunque  la  existencia  de  esta  entidad  está  sujeta  a controversia. La prevalencia de los sujetos metabólicamente sanos con fenotipo de obesidad en la población general varía en función de los criterios utilizados, y puede llegar a ser del 32%. 66  Datos más  recientes  de  la  Encuesta  Nacional  de  Examen  de  Salud  y Nutrición (NHANES) III identificaron que solamente 40 de 1160 de las personas con obesidad en el estudio cumplían los criterios de sujetos metabólicamente sanos con obesidad

---

Fragmento 3 [Doc: 04_Prevencion-y-reduccion-de-danos-de-la-obesidad-en-personas-adultas.pdf, chunk: 55, dist: 0.408]:
Existe un debate en la literatura publicada sobre si las personas con obesidad metabólicamente sanas tienen mejores resultados de  salud  a  largo  plazo  y  un  menor  riesgo  de  mortalidad  en comparación  con  las  personas  con  obesidad  y  complicaciones relacionadas  con  la  obesidad. 87,91   Las  personas  con  obesidad metabólicamente  sanas  tienden  a  ser  más  activas  físicamente, mientras que las diferencias dietéticas son menos consistentes. 92 Esto  puede  sugerir  que  las  estrategias  conductuales  también pueden  desempeñar  un  papel  importante  en  la  prevención secundaria.

## IMPORTANCIA DEL AUTOMONITOREO DEL PESO

---

Fragmento 4 [Doc: 07_El-rol-de-la-salud-mental-en-el-tratamiento-de-la-obesidad.pdf, chunk: 28, dist: 0.409]:
Ser consciente de la asociación entre trastorno mental y obesidad no es un simple ejercicio académico. Las personas que padecen trastornos mentales presentan una mayor morbilidad y mortalidad, en algunos casos con un riesgo de muerte prematuramente de hasta 15 años, debido a las comorbilidades médicas, muchas de las  cuales  están  relacionadas  con  el  aumento  de  peso. 30   Puede ser  desafiante  abordar  tanto  necesidades  de  salud  física,  como mental en esta población, pero debido a la interacción de ambas condiciones,  debería  considerarse  una  prioridad,  tanto  a  nivel individual como de sistema de salud. La evidencia demuestra que las personas con problemas de salud mental a menudo no reciben atención;  esto  puede  evitarse  con  un  enfoque  de  detección estandarizado. 31

---

Fragmento 5 [Doc: 04_Prevencion-y-reduccion-de-danos-de-la-obesidad-en-personas-adultas.pdf, chunk: 54, dist: 0.421]:
Se  ha  informado  de  que  hasta  40%  de  la  población  puede presentar  un  índice  de  masa  corporal  elevado  y,  sin  embargo, aún  no  presentar  complicaciones  metabólicas,  (condición  que se  denominaba  'metabólicamente  sana',  hoy  término  muy cuestionado) 87  o el 20-25% con un estadio 0 o 1 del EOSS. 88  A diferencia de la prevención terciaria, en la que la pérdida de peso se asocia claramente con beneficios para la salud de los pacientes con morbilidad prevalente relacionada con la obesidad, no está claro qué beneficios, si es que hay alguno, puede haber para los pacientes  que  presentan  una  obesidad  metabólicamente  sana 89 o un estadio 0 o 1 del EOSS. 90"
13,"Sí, la obesidad afecta la esperanza de vida. Se ha demostrado que la obesidad aumenta el riesgo de padecer enfermedades crónicas graves, como enfermedades cardíacas, diabetes tipo 2, y cáncer, entre otras, lo que perjudica la calidad de vida relacionada con la salud y reduce la esperanza de vida. Esta información proviene del documento ""Epidemiología de la obesidad en adultos en Chile"" (Fragmento 1) y se respalda en otros documentos que consideran la obesidad como una enfermedad crónica que también disminuye la expectativa de vida (Fragmento 2 y 3).","Fragmento 1 [Doc: 02_Epidemiologia-de-la-obesidad-en-adultos-en-Chile.pdf, chunk: 1, dist: 0.345]:
-  La  obesidad  aumenta  el  riesgo  de  padecer  enfermedades crónicas graves como enfermedades cardíacas, cáncer, derrames cerebrales, diabetes tipo 2 (DM2) e hígado graso no alcohólico, entre otras; perjudicando la calidad de vida relacionada con la salud de la persona, y reduce la esperanza de vida.
-  En  Chile,  la  prevalencia  de  la  obesidad  ha  aumentado  en todos  los  grupos  etarios  y  se  presenta  muy  precozmente desde la niñez. Además, se concentra en la población de menor nivel educativo y en mujeres.

---

Fragmento 2 [Doc: 03_La-ciencia-de-la-obesidad.pdf, chunk: 1, dist: 0.382]:
## INTRODUCCIÓN

La obesidad, es una enfermedad crónica compleja que aumenta el  riesgo  de  complicaciones  médicas  a  largo  plazo  y  reduce  la expectativa  de  vida. 1   La  acumulación  de  grasa  corporal  está determinada por la compleja interacción de factores  genéticos, metabólicos, conductuales, ambientales y sociales; siendo estos últimos la causa directa del aumento en la prevalencia de obesidad observada  en  las  últimas  décadas. 2   La  mayor  disponibilidad de  alimentos  de  alta  densidad  calórica,  de  bajo  costo  y  fácil accesibilidad,  junto  con  un  mayor  grado  de  urbanización  en  la sociedad y un crecimiento económico conducen a cambios de los estilos de vida, por lo que son factores que promueven una mayor ingesta energética relativa al gasto energético. 3

---

Fragmento 3 [Doc: 06_Evaluacion-del-paciente-que-vive-con-obesidad.pdf, chunk: 7, dist: 0.396]:
La obesidad es una enfermedad crónica compleja en la que el exceso de grasa corporal (adiposidad) perjudica la salud, aumenta el riesgo de complicaciones médicas a largo plazo y reduce la esperanza de vida. 22-27 La  obesidad  se  ha  considerado  tradicionalmente  como un factor de riesgo para una amplia gama de otros problemas de salud. Sin embargo, la Asociación Médica Canadiense, 20  considera actualmente  a    la  obesidad  como  una  enfermedad  crónica  por sí  misma,  similar  a  la  diabetes  de  tipo  2,  la  hipertensión  arterial crónica y la dislipidemia (en consonancia con otras organizaciones como  Obesity  Canada,  la  Asociación  Médica  Americana, 25   la Organización Mundial de la Salud 24 , la Federación Mundial de la Obesidad y otras. 25-27 ) Para que una enfermedad sea considerada como crónica, debe cumplir con tres criterios que son: 1) deterioro del funcionamiento normal del cuerpo, 2) debe presentar síntomas y signos, y 3) que produzca daño o morbilidad. 28-31

---

Fragmento 4 [Doc: 07_El-rol-de-la-salud-mental-en-el-tratamiento-de-la-obesidad.pdf, chunk: 64, dist: 0.398]:
## ¿CUÁL ES EL IMPACTO DE LA ADICCIÓN A LA COMIDA SOBRE LA OBESIDAD?

---

Fragmento 5 [Doc: 01_Practicas-y-politicas-para-reducir-los-sesgos-sobre-el-peso-en-el-manejo-de-la-obesidad-1.pdf, chunk: 27, dist: 0.407]:
. 56  De hecho, el efecto de la discriminación  basada  en  el  peso  corporal  fue  comparable  con otros  factores  de  riesgo  establecidos,  tales  como  el  historial  de tabaquismo  y  la  presencia  de  varias  comorbilidades  asociadas. No  existe  claridad  acerca  de  cómo  la  discriminación  por  peso contribuye a la mortalidad. Algunas teorías vinculan experiencias de discriminación por peso con factores de riesgo conductuales, tales  como  los  estilos  de  vida  sedentarios  y  el  aumento  de  la ingesta como mecanismo de afrontamiento. 56,57  La ansiedad por la  obesidad se incrementa cuando las personas se perciben a sí mismas  con  una  peor  salud  por  las  enfermedades  asociadas  a esta condición, tales como el dolor crónico, la osteoartritis y las enfermedades cardiovasculares. 58"
14,"La dificultad para bajar de peso puede atribuirse a varios factores biológicos, fisiológicos y sociales. En primer lugar, existen mecanismos biológicos que protegen al cuerpo contra la pérdida de peso. Estas defensas incluyen ajustes en el gasto energético y respuestas hormonales que se activan tras la reducción de peso, lo que puede hacer que el mantenimiento de la pérdida de peso sea complicado.

Además, muchas estrategias para la pérdida de peso, como las dietas restrictivas, pueden ser insostenibles a largo plazo. Estas estrategias a menudo ignoran la complejidad de la salud y el bienestar, y pueden dar la impresión errónea de que la pérdida de peso depende únicamente de la fuerza de voluntad o de elecciones personales, cuando en realidad influyen numerosos factores, incluidos los genéticos, que están más allá del control individual.

Por otro lado, el enfoque de la sociedad hacia el peso y la salud también juega un papel importante. La estigmatización de las personas con obesidad y la presión social por cumplir estándares de delgadez pueden llevar a patrones alimentarios y de ejercicio poco saludables, complicando aún más el proceso de pérdida de peso.

En resumen, la dificultad para bajar de peso no sólo se trata de una cuestión de alimentación y ejercicio, sino que implica una interacción compleja de factores biológicos, psicológicos y sociales que necesitan ser considerados en un enfoque integral de la salud. Esta información se puede encontrar en varios fragmentos de los documentos sobre obesidad y nutrición.","Fragmento 1 [Doc: 04_Prevencion-y-reduccion-de-danos-de-la-obesidad-en-personas-adultas.pdf, chunk: 61, dist: 0.451]:
Es necesario que evitemos la sobre preocupación por el peso por ser un indicador poco confiable del estado de salud. Pesarse es una conducta que puede considerarse iatrogénica si la persona no tiene una comprensión integral de los factores que lo llevan a estar en determinado estado, incluyendo su propia biología-genética, al estar en una sociedad que venera la delgadez, que favorece los ciclos  de  dietas  y  que  estigmatiza  el  sobrepeso  y  obesidad.  Por su parte, buscar una forma de bajar peso también puede seguir patrones ilusorios y sesgados de las reales causas: dietas restrictivas o más ejercicio, etc. Por todo esto, se debe generar conciencia de la  dinámica  personal  de  salud  y  factores  que  afectan  el  estado corporal individual (el estrés, la falta de sueño) para favorecer una baja o mantenimiento del peso acorde a un criterio de realidad para cada persona.

## Referencias

---

Fragmento 2 [Doc: 08_Terapia-de-nutricion-medica-de-la-obesidad.pdf, chunk: 24, dist: 0.453]:
## INTRODUCCIÓN

Generalmente,  se  suele  estigmatizar  a  las  personas  que  viven con  obesidad 61   y  a  las  personas  con  cuerpos  más  grandes. También se les crítica por los alimentos y porciones que escogen y  sus  comportamientos  alimentarios. 61-63   Muchos  esfuerzos  de mercadotecnia social, salud pública y mensajes clínicos sobre comida se han centrado en comer menos o elegir alimentos buenos. Como consecuencia de estos mensajes, las dietas y los objetivos centrados en la pérdida de peso perpetúan la noción de que la pérdida de peso y/o la salud pueden alcanzarse únicamente mediante la restricción calórica, la privación de alimentos y/o las prácticas de dieta. Estos relatos simplistas a menudo ignoran que la pérdida de peso podría ser insostenible, no debido a las elecciones personales o a la falta de voluntad, sino debido a fuertes mecanismos biológicos y fisiológicos que protegen al cuerpo contra la pérdida de peso.

---

Fragmento 3 [Doc: 08_Terapia-de-nutricion-medica-de-la-obesidad.pdf, chunk: 145, dist: 0.468]:
| Restricción* calórica                                                                                                | i Presión arterial, lípidos, glucosa 70,190,191 i Densidad ósea 76 i Fuerza muscular 192 i TMB 193                                                                                                                                                                                                                                                          |                                                                                                                                                                                                               | Gran pérdida de peso inicial 70,72,135,194                                                                                                                                  | Difícil de sostener, recuperación de peso pérdida de peso a largo plazo <5% 70,72,135,194                              |

---

Fragmento 4 [Doc: 04_Prevencion-y-reduccion-de-danos-de-la-obesidad-en-personas-adultas.pdf, chunk: 6, dist: 0.476]:
## MENSAJES CLAVE PARA PERSONAS QUE VIVEN CON OBESIDAD

<!-- image -->

-  Prevenir o retardar la aparición de obesidad es probablemente de menor dificultad en comparación a lograr la pérdida de peso y el no subir de peso a largo plazo.
-  Las causas y los factores de riesgo del aumento de peso son muy variados, y van más allá de las preferencias personales en  el  estilo  de  vida,  tales  como  la  ingesta  de  alimentos y  el  ejercicio,  e  incluyen  factores  que  pueden  o  no  ser controlados o tratados (ej. factores genéticos)
-  La obesidad puede desarrollarse por un aumento gradual de  peso  durante  un  largo  periodo  de  tiempo  o  por incrementos de menor duración pero de mayor intensidad en un corto periodo de tiempo.

## INTRODUCCIÓN

---

Fragmento 5 [Doc: 03_La-ciencia-de-la-obesidad.pdf, chunk: 48, dist: 0.479]:
La actividad física regular aumenta el gasto energético y mejora la salud cardiovascular. Los cambios de comportamiento son, con mucho, el  componente  más  importante  para  integrar  patrones de alimentación y actividad que sean satisfactorios a largo plazo. Pueden incluir el autocontrol o el registro de un diario de alimentos y ejercicios, el apoyo de familiares o amistades o el asesoramiento individual o en grupo. Los cambios de comportamiento a corto plazo conducen a una pérdida de peso discreta del 3-5%, pero suele ser difícil de mantener. Las tasas de reincidencia en la pérdida de  peso  son  altas  porque  nuestro  cuerpo  está  diseñado  para resistirse a la pérdida de peso. La reducción del gasto energético y las respuestas hormonales adaptativas tras la pérdida de peso pueden favorecer la recuperación de peso.

Una revisión sistemática descubrió que la tasa promedio de gasto energético  en  reposo  disminuía  en  aproximadamente  15  kcal/kg"
15,No dispongo de suficiente información en las guías oficiales para responder a tu pregunta.,"Fragmento 1 [Doc: 15_Cirugia-bariatrica-Opciones-quirurgicas-y-resultados.pdf, chunk: 12, dist: 0.349]:
Para la mayoría de las personas que viven con obesidad severa, las intervenciones destinadas a establecer hábitos saludables pueden inducir pérdidas de peso de baja magnitud y de corta duración, siendo la recuperación del peso perdido un fenómeno frecuente una  vez  terminado  el  tratamiento.  Adicionalmente,  el  impacto de estas intervenciones en  conseguir  un  adecuado  control de  las  enfermedades  o  trastornos  metabólicos  asociados  es limitado. Por ejemplo, la gran mayoría (74%) de las personas con obesidad severa y diabetes que se sometieron a una intervención conductual  intensiva  en  el  estudio  Look  AHEAD  (Action  for Health in Diabetes) no mantuvieron una pérdida de peso mayor o igual al 10% del peso corporal inicial luego de cuatro años

---

Fragmento 2 [Doc: 11_La-atencion-y-asistencia-primaria-en-el-manejo-de-la-obesidad.pdf, chunk: 130, dist: 0.364]:
La obesidad es una enfermedad crónica y recidivante cuyas causas son múltiples y tienen un impacto significativo en la vida y salud de las personas. La prevalencia de la obesidad sugiere que debe abordarse de forma temprana, eficaz y continua en la atención primaria  en  salud,  donde  existe  una  capacidad  potencial  para tratar  la  obesidad  a  mayor  escala.  Los  beneficios  de  hacerlo son  innumerables,  no  solamente  para  reducir  la  avalancha  de enfermedades crónicas en nuestros sistemas de salud, sino también para mejorar la vida de las personas al reducir el sufrimiento y mejorar  la  salud  mental,  física  y  emocional.  Para  empezar  a hacerlo, tenemos que cambiar los corazones y las mentes. Tenemos que respetar y tratar la obesidad como una enfermedad médica, educar al personal médico en su formación y apoyar su capacidad para realizar este trabajo en la práctica

---

Fragmento 3 [Doc: 04_Prevencion-y-reduccion-de-danos-de-la-obesidad-en-personas-adultas.pdf, chunk: 6, dist: 0.375]:
## MENSAJES CLAVE PARA PERSONAS QUE VIVEN CON OBESIDAD

<!-- image -->

-  Prevenir o retardar la aparición de obesidad es probablemente de menor dificultad en comparación a lograr la pérdida de peso y el no subir de peso a largo plazo.
-  Las causas y los factores de riesgo del aumento de peso son muy variados, y van más allá de las preferencias personales en  el  estilo  de  vida,  tales  como  la  ingesta  de  alimentos y  el  ejercicio,  e  incluyen  factores  que  pueden  o  no  ser controlados o tratados (ej. factores genéticos)
-  La obesidad puede desarrollarse por un aumento gradual de  peso  durante  un  largo  periodo  de  tiempo  o  por incrementos de menor duración pero de mayor intensidad en un corto periodo de tiempo.

## INTRODUCCIÓN

---

Fragmento 4 [Doc: 13_Farmacoterapia-en-el-tratamiento-de-la-obesidad.pdf, chunk: 9, dist: 0.406]:
Fuerza de la recomendación: Condicional

Certeza de la evidencia: Baja

Fuerza de la recomendación: Condicional

## INTRODUCCIÓN

La pérdida de peso discreta y sostenida (5%-10%) se asocia con mejoras  en  las  comorbilidades  asociadas  a  la  obesidad. 12-14 Los cambios de estilo de vida son la piedra angular del tratamiento de la obesidad. Sin embargo, los cambios en dicho comportamiento por  sí  solos  no  suelen  ser  suficientes  para  lograr  los  objetivos del  tratamiento  de  la  obesidad.  Los  cambios  de  estilo  de  vida generalmente solo consiguen una pérdida de peso del 3%-5% y  la  mayoría  de  las  veces  no  se  mantiene  en  el  largo  plazo.  La farmacoterapia para la obesidad debe considerarse para disminuir el peso y mejorar los parámetros metabólicos y/o de salud cuando el cambio conductual por sí solo ha sido ineficaz, insuficiente o sin beneficio sostenido.

---

Fragmento 5 [Doc: 06_Evaluacion-del-paciente-que-vive-con-obesidad.pdf, chunk: 5, dist: 0.411]:
## INTRODUCCIÓN

La  obesidad  es  una  enfermedad  crónica  que  requiere  una  evaluación diagnóstica y un enfoque terapéutico sistemático y completo. 20  El objetivo de la evaluación de una persona con obesidad es recopilar información que confirme el diagnóstico, determinar la gravedad de la enfermedad y las comorbilidades relacionadas, identificar los factores  desencadenantes, y mantenedores de la enfermedad y orientar el diálogo sobre el tratamiento adecuado en un entorno clínico  sin  prejuicios  y  libre  de  estigmas. 21 El  personal  de  salud debe iniciar una conversación con la persona sobre sus creencias con relación a la enfermedad y sobre sus objetivos terapéuticos, con el fin de facilitar la reflexión y fomentar la responsabilidad y la autogestión para promover mejoras de la salud a largo plazo. 15"
16,No dispongo de suficiente informacion en las guias oficiales para responder a tu pregunta.,"Fragmento 1 [Doc: 08_Terapia-de-nutricion-medica-de-la-obesidad.pdf, chunk: 67, dist: 0.441]:
Varias intervenciones que utilizan patrones dietéticos específicos han  mostrado  ventajas  para  la  pérdida  y  el  mantenimiento  del peso  con  mejoras  en  los  factores  de  riesgo  cardiometabólico  y reducciones asociadas en las complicaciones relacionadas con la obesidad (Tabla 1). El patrón dietético mediterráneo es un patrón dietético  basado  en  las  plantas  que  hace  hincapié  en  un  alto consumo de aceite  de  oliva  extra  virgen,  frutos  secos,  frutas  y verduras, cereales integrales y legumbres; un consumo moderado de vino, pescado y lácteos; y un bajo consumo de carnes rojas. Este patrón dietético ha demostrado una pérdida de peso y mejoras en el control glicémico y de los lípidos sanguíneos en comparación con otros patrones dietéticos en personas con diabetes tipo 2. 8 Estas  mejoras  se  han  reflejado  en  beneficios  en  importantes resultados clínicos

---

Fragmento 2 [Doc: 08_Terapia-de-nutricion-medica-de-la-obesidad.pdf, chunk: 12, dist: 0.461]:
4. Las  personas  adultas  con  obesidad  pueden  considerar cualquiera de las múltiples terapias médicas nutricionales que  mejoran  la  salud,  y  pueden  elegir  los  regímenes alimentarios y los enfoques centrados en la alimentación que mejor se adapten a ellos a largo plazo:
- a. Regímenes dietéticos con restricción calórica  que  hagan  hincapié en rangos variables de distribución de macronutrientes (baja, moderada o alta en hidratos de carbono con una proporción variable de proteínas y grasas) que permitan lograr una pérdida de peso similar durante seis a 12 meses (Nivel 2a, Grado B). 6,7

---

Fragmento 3 [Doc: 08_Terapia-de-nutricion-medica-de-la-obesidad.pdf, chunk: 41, dist: 0.462]:
Un ensayo clínico aleatorizado con personas mayores (≥ 65 años) a los que se les aconsejó que disminuyeran su ingesta calórica en 500 kcal/día por debajo de su necesidad calórica estimada, con un mínimo de 1000 kcal/día, registró una disminución significativa del  peso  corporal  (4%)  durante  12  meses,  así  como  mejoras significativas en la glicemia y el colesterol HDL. 71

En una revisión sistemática y metaanálisis de los ensayos de control aleatorizados que utilizaron dietas muy bajas en calorías (DMBC), con o sin sustitutos alimentarios para la pérdida de peso, se concluyó que el uso de una DMBC dentro de un programa conductual de pérdida de peso se tradujo en una mayor pérdida de peso en 12 meses (-3,9 kg) y 24 meses (1,4 kg) que en un programa conductual aislado. 72  No se encontraron evidencias de que las intervenciones de DMBC sean efectivas sin apoyo conductual. 72

---

Fragmento 4 [Doc: 17_Productos-y-programas-comerciales-para-el-control-de-la-obesidad.pdf, chunk: 5, dist: 0.466]:
mantenimiento del peso a largo plazo; un buen perfil de seguridad; y costos razonables.

-  Las  personas  con  sobrepeso  u  obesidad  deben  desconfiar de  los  programas  de  adelgazamiento  que:  i)  prometen  la pérdida de peso sin dieta ni ejercicio; ii) prometen la pérdida de peso comiendo todo lo que se quiera; iii) prometen la reducción  de  peso  en  lugares  concretos  del  cuerpo; iv)  prometen una pérdida demasiado rápida (por ejemplo, perder 13 kilos en 30 días); o v) incluyen fotos del antes y el después, y testimonios personales que parecen demasiado buenos para ser verdad.

## MENSAJES CLAVE PARA LAS PERSONAS CON OBESIDAD continuación

-  Existen muchos productos naturales para la pérdida de peso sin receta médica, pero ninguno de ellos ha demostrado proporcionar una pérdida de peso clínicamente significativa en estudios científicos de alta calidad.

## RECOMENDACIONES ADOPTADAS

<!-- image -->

---

Fragmento 5 [Doc: articulo.pdf, chunk: 5, dist: 0.466]:
mantenimiento del peso a largo plazo; un buen perfil de seguridad; y costos razonables.

-  Las  personas  con  sobrepeso  u  obesidad  deben  desconfiar de  los  programas  de  adelgazamiento  que:  i)  prometen  la pérdida de peso sin dieta ni ejercicio; ii) prometen la pérdida de peso comiendo todo lo que se quiera; iii) prometen la reducción  de  peso  en  lugares  concretos  del  cuerpo; iv)  prometen una pérdida demasiado rápida (por ejemplo, perder 13 kilos en 30 días); o v) incluyen fotos del antes y el después, y testimonios personales que parecen demasiado buenos para ser verdad.

## MENSAJES CLAVE PARA LAS PERSONAS CON OBESIDAD continuación

-  Existen muchos productos naturales para la pérdida de peso sin receta médica, pero ninguno de ellos ha demostrado proporcionar una pérdida de peso clínicamente significativa en estudios científicos de alta calidad.

## RECOMENDACIONES ADOPTADAS

<!-- image -->"
17,No dispongo de suficiente información en las guías oficiales para responder a tu pregunta.,"Fragmento 1 [Doc: 13_Farmacoterapia-en-el-tratamiento-de-la-obesidad.pdf, chunk: 63, dist: 0.469]:
Hasta la fecha, ningún ensayo clínico aleatorio sobre la farmacoterapia de la obesidad ha demostrado una reducción de los eventos cardiovasculares o de la mortalidad entre las personas sin diabetes.

## Otras comorbilidades relacionadas con la obesidad

La  pérdida  de  peso  puede  mejorar  las  comorbilidades  de  salud asociadas a la obesidad, como la esteatosis hepática, el síndrome de  ovario  poliquístico,  la  apnea  obstructiva  del  sueño  y  la osteoartritis.

## Esteatohepatitis no alcohólica (EHNA)

---

Fragmento 2 [Doc: 13_Farmacoterapia-en-el-tratamiento-de-la-obesidad.pdf, chunk: 46, dist: 0.469]:
La farmacoterapia para el tratamiento de la obesidad puede ser beneficiosa para prevenir o retrasar el desarrollo de la diabetes tipo  2.  Se  evaluó  orlistat  para  la  prevención  de  la  diabetes  en un  ensayo  de  3305  pacientes  con  obesidad  y  tolerancia  a  la glucosa normal (79%) o alterada (21%). Se asignaron pacientes aleatoriamente ante cambios en el comportamiento de salud más orlistat o placebo. 11     Después de cuatro años de tratamiento, la incidencia acumulada de diabetes fue del 6,2% en el grupo de orlistat  en  comparación  con  el  9,0%  en  el  de  placebo,  con  la correspondiente disminución del 37,3% del riesgo de progresión a  diabetes  tipo  2.  Las  personas  con  intolerancia  a  la  glucosa obtuvieron  el  mayor  beneficio  en  términos  de  disminución  de la  tasa  de  progresión  a  diabetes  tipo  2,  en  comparación  con los  participantes  del  estudio  con  normoglicemia

---

Fragmento 3 [Doc: 08_Terapia-de-nutricion-medica-de-la-obesidad.pdf, chunk: 29, dist: 0.475]:
Las intervenciones nutricionales tradicionales para tratar la obesidad  se  han  concentrado  en  estrategias  que  promueven la  pérdida  de  peso  mediante  una  dieta  restrictiva.  Aunque es  necesario  un  déficit  calórico  para  empezar  a  perder  peso, mantenerlo puede ser difícil a largo plazo debido a los mecanismos de  compensación  que  estimulan  la  ingesta  de  calorías  a  través del aumento del hambre y el deseo de comer. 64-66  El personal de salud, los formuladores de políticas, los pacientes y el público en general han de saber que las intervenciones nutricionales afectan a  cada  persona  de  forma  diferente  y  que,  por  tanto,  no  existe un enfoque o una intervención nutricional único que sea el más adecuado. 67

---

Fragmento 4 [Doc: 08_Terapia-de-nutricion-medica-de-la-obesidad.pdf, chunk: 4, dist: 0.476]:
-  Las intervenciones nutricionales para el tratamiento de  la  obesidad  deben  hacer  hincapié  en  las  prácticas alimentarias individuales, la calidad de los alimentos y en una relación saludable con la comida. También se puede incluir  la  alimentación  basada  en  la  atención  plena,  lo que  puede  ayudar  a  reducir  la  ansiedad  por  la  comida, disminuir la alimentación basada en la recompensa, mejorar la satisfacción corporal y aumentar la conciencia de la sensación de hambre y saciedad.
-  La restricción calórica permite bajar de peso a corto plazo (&lt;12 meses) pero no ha demostrado ser sostenible a largo plazo (&gt;12 meses). La restricción calórica puede afectar a las vías neurobiológicas que controlan el apetito, el hambre, los antojos y la regulación del peso corporal, lo cual puede provocar  un  aumento  de  la  ingesta  de  alimentos  y  un aumento de peso.

---

Fragmento 5 [Doc: 13_Farmacoterapia-en-el-tratamiento-de-la-obesidad.pdf, chunk: 9, dist: 0.478]:
Fuerza de la recomendación: Condicional

Certeza de la evidencia: Baja

Fuerza de la recomendación: Condicional

## INTRODUCCIÓN

La pérdida de peso discreta y sostenida (5%-10%) se asocia con mejoras  en  las  comorbilidades  asociadas  a  la  obesidad. 12-14 Los cambios de estilo de vida son la piedra angular del tratamiento de la obesidad. Sin embargo, los cambios en dicho comportamiento por  sí  solos  no  suelen  ser  suficientes  para  lograr  los  objetivos del  tratamiento  de  la  obesidad.  Los  cambios  de  estilo  de  vida generalmente solo consiguen una pérdida de peso del 3%-5% y  la  mayoría  de  las  veces  no  se  mantiene  en  el  largo  plazo.  La farmacoterapia para la obesidad debe considerarse para disminuir el peso y mejorar los parámetros metabólicos y/o de salud cuando el cambio conductual por sí solo ha sido ineficaz, insuficiente o sin beneficio sostenido."
18,No dispongo de suficiente información en las guías oficiales para responder a tu pregunta.,"Fragmento 1 [Doc: 08_Terapia-de-nutricion-medica-de-la-obesidad.pdf, chunk: 40, dist: 0.456]:
En un ensayo clínico aleatorizado con mujeres (de 25 a 75 años) con un IMC de 37,84 +/- 3,94 kg/m 2  se observó que la prescripción de  1000  kcal/día  en  comparación  con  1500  kcal/día  junto  con el  tratamiento conductual producía una mayor pérdida de peso durante seis meses (pero se producía una recuperación significativa de peso a los 12 meses en comparación con el grupo de 1500 kcal/día). 70   A  los  12  meses,  un  porcentaje  significativamente mayor de participantes a los que se les prescribió 1000 kcal/día presentaron reducciones de peso corporal del 5% o más que los que se les asignó 1500 kcal/día. 70  Ahora bien, una prescripción de 1000 kcal/día puede ser más difícil de sostener, especialmente en el caso de personas cuya reducción calórica es superior al 50% de su ingesta habitual. 70

---

Fragmento 2 [Doc: 08_Terapia-de-nutricion-medica-de-la-obesidad.pdf, chunk: 42, dist: 0.474]:
Aunque  el  TMN  que  consigue  un  déficit  calórico  puede  dar lugar a una pérdida de peso a corto plazo (de seis a 12 meses), el cambio de peso no suele mantenerse en el tiempo. Además, la recomendación común de que un déficit calórico de 500 kcal/día o 3500 kcal/semana produciría una pérdida de peso de 0,45 kg no es válida, ya que la pérdida de peso no es lineal. 73,74 Polidori et al. cuantificaron por primera vez la cantidad de ingesta calórica compensada por los cambios de pérdida de peso en seres humanos de vida libre y estimaron que el apetito aumentaba en ~100 kcal/día por cada kilogramo de peso perdido, lo que contribuía al aumento de peso con el tiempo. 75  La restricción calórica puede, en algunas personas, conducir a impulsos fisiopatológicos que promueven el aumento de peso a través del aumento del hambre, el apetito y la disminución de la saciedad. 66 Además, las restricciones calóricas pueden tener consecuencias negativas para la salud del esqueleto

---

Fragmento 3 [Doc: 08_Terapia-de-nutricion-medica-de-la-obesidad.pdf, chunk: 11, dist: 0.492]:
su  nutricionista  para  discutir  las  ventajas  y  desventajas  de los diferentes patrones de alimentación en cuanto le ayuden a  lograr  sus  objetivos  de  salud.  La  forma  de  comer  es  tan importante como cuánto y qué se come. Intente comer de manera consciente y tener una relación sana con la comida.

Hacer 'dieta' o restringir drásticamente la ingesta de alimentos puede provocar cambios en su cuerpo que, con el tiempo, podrían hacerle recuperar el peso.

Acuda a un nutricionista certificado que le ofrezca un plan personalizado  y  le  brinde  asesoramiento  continuo  sobre  su estado de salud y sus requerimientos nutricionales.

---

Fragmento 4 [Doc: 08_Terapia-de-nutricion-medica-de-la-obesidad.pdf, chunk: 44, dist: 0.515]:
## ENFOQUES BASADOS EN MACRONUTRIENTES

Los macronutrientes son la principal fuente de calorías de nuestra dieta. Las ingestas dietéticas de referencia (IDR) son un conjunto amplio de valores de referencia sobre nutrientes que se aplican a poblaciones sanas y que pueden utilizarse para evaluar y planificar las pautas de alimentación. Para más información, véase Ingestas dietéticas  de  referencia  del  ministerio  de  salud  de  Canadá.  Las ingestas  dietéticas  de  referencia  facilitan  amplios  rangos  de distribución de macronutrientes aceptables. Permiten, por ejemplo, que el 45% al 65% de las calorías correspondan a los hidratos de carbono, el 10% al 35% de las calorías correspondan a las proteínas y el 20% al 35% de las calorías correspondan a las grasas (con el 5% al 10% de las calorías obtenidas del ácido linoleico y el 0,6% al 1,2% del ácido alfa linolénico). 78

---

Fragmento 5 [Doc: 08_Terapia-de-nutricion-medica-de-la-obesidad.pdf, chunk: 35, dist: 0.523]:
## RESTRICCIÓN CALÓRICA

Los  estudios  sobre  restricción  calórica  se  dividen  generalmente en  tres  categorías:  moderados  (1300-1500  kcal/día),  bajos en  calorías  (900-1200  kcal/día)  y  muy  bajos  en  calorías (&lt;900 kcal/día), con tiempos de intervención que van de los tres meses a los tres años.

## DEFINICIONES DE LOS TÉRMINOS UTILIZADOS EN ESTE CAPÍTULO"
19,"No dispongo de suficiente información en las guías oficiales para responder a tu pregunta. Sin embargo, es importante tener en cuenta que saltarse comidas puede afectar la regulación del apetito y la saciedad, lo que podría llevar a un aumento en la ingesta de alimentos más adelante. Para una gestión adecuada del peso y una relación saludable con la comida, se recomienda acudir a un nutricionista certificado que ofrezca un enfoque personalizado adaptado a tus necesidades individuales.","Fragmento 1 [Doc: 08_Terapia-de-nutricion-medica-de-la-obesidad.pdf, chunk: 42, dist: 0.481]:
Aunque  el  TMN  que  consigue  un  déficit  calórico  puede  dar lugar a una pérdida de peso a corto plazo (de seis a 12 meses), el cambio de peso no suele mantenerse en el tiempo. Además, la recomendación común de que un déficit calórico de 500 kcal/día o 3500 kcal/semana produciría una pérdida de peso de 0,45 kg no es válida, ya que la pérdida de peso no es lineal. 73,74 Polidori et al. cuantificaron por primera vez la cantidad de ingesta calórica compensada por los cambios de pérdida de peso en seres humanos de vida libre y estimaron que el apetito aumentaba en ~100 kcal/día por cada kilogramo de peso perdido, lo que contribuía al aumento de peso con el tiempo. 75  La restricción calórica puede, en algunas personas, conducir a impulsos fisiopatológicos que promueven el aumento de peso a través del aumento del hambre, el apetito y la disminución de la saciedad. 66 Además, las restricciones calóricas pueden tener consecuencias negativas para la salud del esqueleto

---

Fragmento 2 [Doc: 04_Prevencion-y-reduccion-de-danos-de-la-obesidad-en-personas-adultas.pdf, chunk: 61, dist: 0.493]:
Es necesario que evitemos la sobre preocupación por el peso por ser un indicador poco confiable del estado de salud. Pesarse es una conducta que puede considerarse iatrogénica si la persona no tiene una comprensión integral de los factores que lo llevan a estar en determinado estado, incluyendo su propia biología-genética, al estar en una sociedad que venera la delgadez, que favorece los ciclos  de  dietas  y  que  estigmatiza  el  sobrepeso  y  obesidad.  Por su parte, buscar una forma de bajar peso también puede seguir patrones ilusorios y sesgados de las reales causas: dietas restrictivas o más ejercicio, etc. Por todo esto, se debe generar conciencia de la  dinámica  personal  de  salud  y  factores  que  afectan  el  estado corporal individual (el estrés, la falta de sueño) para favorecer una baja o mantenimiento del peso acorde a un criterio de realidad para cada persona.

## Referencias

---

Fragmento 3 [Doc: 08_Terapia-de-nutricion-medica-de-la-obesidad.pdf, chunk: 4, dist: 0.502]:
-  Las intervenciones nutricionales para el tratamiento de  la  obesidad  deben  hacer  hincapié  en  las  prácticas alimentarias individuales, la calidad de los alimentos y en una relación saludable con la comida. También se puede incluir  la  alimentación  basada  en  la  atención  plena,  lo que  puede  ayudar  a  reducir  la  ansiedad  por  la  comida, disminuir la alimentación basada en la recompensa, mejorar la satisfacción corporal y aumentar la conciencia de la sensación de hambre y saciedad.
-  La restricción calórica permite bajar de peso a corto plazo (&lt;12 meses) pero no ha demostrado ser sostenible a largo plazo (&gt;12 meses). La restricción calórica puede afectar a las vías neurobiológicas que controlan el apetito, el hambre, los antojos y la regulación del peso corporal, lo cual puede provocar  un  aumento  de  la  ingesta  de  alimentos  y  un aumento de peso.

---

Fragmento 4 [Doc: 08_Terapia-de-nutricion-medica-de-la-obesidad.pdf, chunk: 11, dist: 0.503]:
su  nutricionista  para  discutir  las  ventajas  y  desventajas  de los diferentes patrones de alimentación en cuanto le ayuden a  lograr  sus  objetivos  de  salud.  La  forma  de  comer  es  tan importante como cuánto y qué se come. Intente comer de manera consciente y tener una relación sana con la comida.

Hacer 'dieta' o restringir drásticamente la ingesta de alimentos puede provocar cambios en su cuerpo que, con el tiempo, podrían hacerle recuperar el peso.

Acuda a un nutricionista certificado que le ofrezca un plan personalizado  y  le  brinde  asesoramiento  continuo  sobre  su estado de salud y sus requerimientos nutricionales.

---

Fragmento 5 [Doc: 08_Terapia-de-nutricion-medica-de-la-obesidad.pdf, chunk: 97, dist: 0.517]:
Sin  embargo,  el  personal  de  salud  deben  tener  precaución  si utilizan las intervenciones nutricionales para la pérdida de peso aguda, ya que algunas personas pueden tener un alto riesgo de desnutrición y/o de obesidad sarcopénica. 160-163  Por ejemplo, la reducción de peso para las personas con osteoartritis de rodilla se recomienda a menudo para reducir el dolor y disminuir el riesgo de infección para la cirugía (las tasas son más altas en los pacientes con IMC &gt; 30 kg/m 2  después de un reemplazo total de rodilla). 164 Sin embargo, el IMC no es un buen indicador de la salud o de la composición corporal, y la reducción de peso puede no mejorar el riesgo o los resultados debido a la debilidad muscular, la pérdida de  masa  muscular  o  la  obesidad  sarcopénica  o  la  desnutrición debido  a  una  ingesta  oral  inadecuada. 164   Por  lo  tanto,  las intervenciones  nutricionales  deben  utilizarse  para  optimizar  la nutrición"
20,"El ayuno intermitente puede ser efectivo en el manejo de la obesidad y en la mejora de ciertos parámetros de salud. Los estudios revisados muestran que las intervenciones que utilizan la restricción energética intermitente pueden resultar en pérdidas de peso y mejoras en el control glicémico comparables a las que utilizan la restricción energética continua. En un metaanálisis reciente, se reportaron efectos beneficiosos del ayuno intermitente sobre el índice de masa corporal, peso corporal, masa grasa, colesterol LDL, colesterol total, triglicéridos, glucosa en ayunas, insulina en ayunas, resistencia a la insulina y presión arterial.

Sin embargo, es importante tener en cuenta que la adherencia a estos enfoques puede ser un desafío, y se observaron mayores tasas de deserción y eventos adversos en los grupos de restricción energética intermitente en comparación con otros métodos. Por lo tanto, aunque el ayuno intermitente muestra resultados positivos, su efectividad puede variar de una persona a otra y debe ser considerado como parte de un enfoque integral para la salud. 

Esta información se obtiene de la ""Terapia de nutrición médica de la obesidad"".","Fragmento 1 [Doc: 08_Terapia-de-nutricion-medica-de-la-obesidad.pdf, chunk: 81, dist: 0.280]:
## AYUNO INTERMITENTE

El  ayuno  intermitente  incluye  una  variedad  de  enfoques  sobre el  horario  de  las  comidas  que  alternan  períodos  de  ayuno prolongado (sin ingesta, o menos del 25% de las necesidades) y  períodos  de  ingesta  sin  restricciones.  El  ayuno  intermitente también se describe como alimentación restringida en el tiempo, ayuno de días alternos o restricción energética intermitente. Sin embargo, hay múltiples variaciones reportadas en la literatura. 136 Hubo evidencia limitada en estudios de fisiología y metabolismo humano.

---

Fragmento 2 [Doc: 08_Terapia-de-nutricion-medica-de-la-obesidad.pdf, chunk: 82, dist: 0.394]:
En una revisión sistemática y metaanálisis de ensayos controlados aleatorios, Cioffi et al. 38   identificaron 11 ensayos (de ocho a 24 semanas)  que  encontraron  resultados  comparables  entre  las intervenciones que utilizaban la restricción energética intermitente en comparación con la restricción energética continua (peso, masa grasa, masa libre de grasa, circunferencia de la cintura, glucosa, HbA1C,  triglicéridos  y  HDL-C).  Se  identificó  que  la  restricción energética intermitente reducía los niveles de insulina en ayunas (diferencia  agrupada  de  -0,89  uU/mL)  en  comparación  con  los controles;  sin  embargo,  los  autores  del  estudio  cuestionaron  la importancia  clínica  de  esto,  ya  que  no  hubo  diferencias  en  la glucosa, la HbA1C o el HOMA-IR. La adherencia fue similar entre los grupos de restricción energética continua e intermitente, con mayores tasas de deserción y eventos adversos en los grupos de restricción energética intermitente. 38

---

Fragmento 3 [Doc: 08_Terapia-de-nutricion-medica-de-la-obesidad.pdf, chunk: 83, dist: 0.430]:
Se informaron resultados similares para la pérdida de peso y el control glicémico en dos documentos recientes (una revisión sistemática y un metaanálisis, y una revisión sistemática) publicados después de la revisión de la literatura para este capítulo (junio de 2018). 136,137 Un reciente metaanálisis de ayuno intermitente mostró que  tiene efectos beneficiosos para el índice de masa corporal, peso corporal, masa grasa, el colesterol unido a lipoproteínas de baja densidad, el colesterol total, los triglicéridos, la glucosa plasmática en ayunas, la insulina en ayunas, la evaluación del modelo homeostático de la resistencia a la insulina y la presión arterial. 138

## ENFOQUES BASADOS EN LA ALIMENTACIÓN

---

Fragmento 4 [Doc: 08_Terapia-de-nutricion-medica-de-la-obesidad.pdf, chunk: 165, dist: 0.446]:
| Ayuno intermitente                                                     |                                                                                                                                                                                                                                       | i 0,61 kg durante 24 semanas 38                                                                                             |                                                          |                                                                                                  |

---

Fragmento 5 [Doc: 08_Terapia-de-nutricion-medica-de-la-obesidad.pdf, chunk: 133, dist: 0.463]:
| Suplementos alimenticios                            |                    | n                  |                     | n      |                                |                        |                                        |                 | n                   |                             |                       | n                 |             |
| Ayuno intermitente                                  |                    |                    |                     | n      |                                |                        |                                        |                 |                     |                             |                       |                   |             |"
21,No dispongo de suficiente información en las guías oficiales para responder a tu pregunta.,"Fragmento 1 [Doc: 07_El-rol-de-la-salud-mental-en-el-tratamiento-de-la-obesidad.pdf, chunk: 64, dist: 0.398]:
## ¿CUÁL ES EL IMPACTO DE LA ADICCIÓN A LA COMIDA SOBRE LA OBESIDAD?

---

Fragmento 2 [Doc: 08_Terapia-de-nutricion-medica-de-la-obesidad.pdf, chunk: 29, dist: 0.420]:
Las intervenciones nutricionales tradicionales para tratar la obesidad  se  han  concentrado  en  estrategias  que  promueven la  pérdida  de  peso  mediante  una  dieta  restrictiva.  Aunque es  necesario  un  déficit  calórico  para  empezar  a  perder  peso, mantenerlo puede ser difícil a largo plazo debido a los mecanismos de  compensación  que  estimulan  la  ingesta  de  calorías  a  través del aumento del hambre y el deseo de comer. 64-66  El personal de salud, los formuladores de políticas, los pacientes y el público en general han de saber que las intervenciones nutricionales afectan a  cada  persona  de  forma  diferente  y  que,  por  tanto,  no  existe un enfoque o una intervención nutricional único que sea el más adecuado. 67

---

Fragmento 3 [Doc: 11_La-atencion-y-asistencia-primaria-en-el-manejo-de-la-obesidad.pdf, chunk: 4, dist: 0.423]:
-  Los profesionales que prescriben deben ser conscientes de los  medicamentos obesogénicos y considerar alternativas para  las  personas  con  sobrepeso  y  obesidad.  Cuando  se deban  utilizar  medicamentos  obesogénicos,  los  médicos deben discutir los riesgos con los pacientes y establecer un monitoreo del aumento de peso.
-  Los profesionales y los pacientes deben ser conscientes de los riesgos de los ciclos de peso y adoptar estrategias que se centren en cambios sostenidos para mantener hábitos saludables a lo largo del tiempo.
-  El  asesoramiento  nutricional  individualizado  puede  dar lugar  a  discretas  reducciones  tanto  del  peso  como  de  la circunferencia de la cintura.
-  Se  pueden  considerar  terapias  de  atención  plena  (mindfulness), aceptación  y  compromiso,  sumadas  a  las  intervenciones conductuales  multidimensionales  en  el  desarrollo  de  una estrategia personal de manejo de la obesidad.

---

Fragmento 4 [Doc: 08_Terapia-de-nutricion-medica-de-la-obesidad.pdf, chunk: 24, dist: 0.428]:
## INTRODUCCIÓN

Generalmente,  se  suele  estigmatizar  a  las  personas  que  viven con  obesidad 61   y  a  las  personas  con  cuerpos  más  grandes. También se les crítica por los alimentos y porciones que escogen y  sus  comportamientos  alimentarios. 61-63   Muchos  esfuerzos  de mercadotecnia social, salud pública y mensajes clínicos sobre comida se han centrado en comer menos o elegir alimentos buenos. Como consecuencia de estos mensajes, las dietas y los objetivos centrados en la pérdida de peso perpetúan la noción de que la pérdida de peso y/o la salud pueden alcanzarse únicamente mediante la restricción calórica, la privación de alimentos y/o las prácticas de dieta. Estos relatos simplistas a menudo ignoran que la pérdida de peso podría ser insostenible, no debido a las elecciones personales o a la falta de voluntad, sino debido a fuertes mecanismos biológicos y fisiológicos que protegen al cuerpo contra la pérdida de peso.

---

Fragmento 5 [Doc: 04_Prevencion-y-reduccion-de-danos-de-la-obesidad-en-personas-adultas.pdf, chunk: 6, dist: 0.431]:
## MENSAJES CLAVE PARA PERSONAS QUE VIVEN CON OBESIDAD

<!-- image -->

-  Prevenir o retardar la aparición de obesidad es probablemente de menor dificultad en comparación a lograr la pérdida de peso y el no subir de peso a largo plazo.
-  Las causas y los factores de riesgo del aumento de peso son muy variados, y van más allá de las preferencias personales en  el  estilo  de  vida,  tales  como  la  ingesta  de  alimentos y  el  ejercicio,  e  incluyen  factores  que  pueden  o  no  ser controlados o tratados (ej. factores genéticos)
-  La obesidad puede desarrollarse por un aumento gradual de  peso  durante  un  largo  periodo  de  tiempo  o  por incrementos de menor duración pero de mayor intensidad en un corto periodo de tiempo.

## INTRODUCCIÓN"
22,"Sí, puedes comer carbohidratos si quieres bajar de peso. La restricción de carbohidratos puede ser una opción, pero no hay evidencia que demuestre que una distribución específica de macronutrientes tenga una ventaja significativa sobre otras para la pérdida de peso. Por lo tanto, puedes incluir carbohidratos en tu dieta en conjunción con una adecuada restricción calórica y selección de alimentos saludables, como legumbres, que también pueden ayudar a mejorar el control glicémico y cumplir con los objetivos de pérdida de peso (Doc: 08_Terapia-de-nutricion-medica-de-la-obesidad.pdf).

Recuerda que la clave está en equilibrar la ingesta calórica total y optar por fuentes de carbohidratos saludables. Es recomendable consultar a un profesional de la salud o un nutricionista para guiarte en un plan que se adapte a tus necesidades específicas.","Fragmento 1 [Doc: 08_Terapia-de-nutricion-medica-de-la-obesidad.pdf, chunk: 148, dist: 0.475]:
| Edulcorantes bajos en calorías                                                                                       | Podría i peso y enfermedades cardiometabólicas 118,200                                                                                                                                                                                                                                                                                                      |                                                                                                                                                                                                               | Como sustituto del azúcar (por ejemplo, en gaseosas) puede ayudar i peso 120                                                                                                | Los ensayos de control aleatorizados no respaldan su uso para el tratamiento de la obesidad 118                        |

---

Fragmento 2 [Doc: 08_Terapia-de-nutricion-medica-de-la-obesidad.pdf, chunk: 18, dist: 0.478]:
- i.  La  restricción  intermitente o continua de calorías logró una reducción similar del peso a corto plazo (Nivel 2a, Grado B). 38
- j.  Legumbres  (porotos,  garbanzos,  lentejas,  arvejas  secas) para  mejorar  el  peso  (Nivel  2,  Grado  B), 39 mejorar  el control glicémico (Nivel 2, Grado B), 40 cumplir los objetivos

---

Fragmento 3 [Doc: 08_Terapia-de-nutricion-medica-de-la-obesidad.pdf, chunk: 45, dist: 0.478]:
Se han investigado varios enfoques basados en macronutrientes dentro y fuera de estos rangos. Los investigadores han evaluado, por  ejemplo,  las  dietas  bajas  en  hidratos  de  carbono  que reemplazan grasas y proteínas a cambio de hidratos de carbono, e incluyen una cantidad adecuada de proteínas (15-20% de las calorías).  En  los  estudios  también  se  han  investigado  versiones muy bajas en hidratos de carbono (≤ 10% de las calorías), entre ellas variantes como la dieta cetogénica, que es muy rica en grasas (≥ 75% de las calorías). No existen pruebas de que una distribución de macronutrientes tenga una ventaja significativa sobre otra.

---

Fragmento 4 [Doc: 08_Terapia-de-nutricion-medica-de-la-obesidad.pdf, chunk: 146, dist: 0.479]:
| Menor cantidad de hidratos de carbono                                                                                |                                                                                                                                                                                                                                                                                                                                                             | i 8 kg a los 6 meses i 6-7 kg en 1 año 7                                                                                                                                                                      |                                                                                                                                                                             |                                                                                                                        |

---

Fragmento 5 [Doc: 08_Terapia-de-nutricion-medica-de-la-obesidad.pdf, chunk: 126, dist: 0.489]:
| Restricción calórica                                |                    | n                  | n                   | n      |                                | n                      |                                        |                 | n                   | n                           |                       |                   |             |
| Menor cantidad de hidratos de carbono               |                    |                    |                     | n      |                                |                        |                                        |                 |                     |                             |                       |                   |             |"
23,"No dispongo de suficiente información en las guías oficiales para responder a tu pregunta. Sin embargo, es importante señalar que no todas las grasas son iguales. Existen grasas saludables, como los ácidos grasos monoinsaturados provenientes del aceite de canola y del aceite de oliva, que pueden tener efectos beneficiosos sobre la salud cardiovascular cuando se sustituyen las grasas saturadas y los carbohidratos refinados. Por otro lado, la calidad de los macronutrientes y su origen alimenticio afecta su impacto en la salud. Por lo tanto, es fundamental considerar no solo la cantidad, sino también la calidad de las grasas en la dieta.","Fragmento 1 [Doc: 08_Terapia-de-nutricion-medica-de-la-obesidad.pdf, chunk: 52, dist: 0.537]:
Las  revisiones  sistemáticas  y  los  metaanálisis  de  los  ensayos controlados  aleatorios  de  las  intervenciones  que  se  centran  en la  calidad  de  la  grasa  o  la  proteína  por  separado  también  han mostrado  ventajas.    Los  investigadores  también  han  estudiado la  sustitución  isocalórica  de  fuentes  de  hidratos  de  carbono refinados  por  ácidos  grasos  monoinsaturados  (AGMI)  de  alta calidad procedentes del aceite de canola y del aceite de oliva 89 o de proteínas animales por fuentes de proteínas de origen vegetal. 90 Estos  estudios  han  mostrado  mejoras  en  múltiples  factores  de riesgo  cardiometabólico  en  personas  con  diabetes  y  un  IMC  ≥ 25 kg/m 2 , durante seguimientos medios de 19 semanas y ocho semanas, respectivamente

---

Fragmento 2 [Doc: 08_Terapia-de-nutricion-medica-de-la-obesidad.pdf, chunk: 54, dist: 0.560]:
La importancia de la calidad de los macronutrientes se ha visto en la evidencia observacional de los estudios prospectivos de cohortes. Los análisis agrupados de los estudios de cohortes prospectivos de  Harvard  y  los  grandes  estudios  de  cohortes  prospectivos individuales han evaluado la incidencia de la enfermedad cardiovascular. Estos análisis sugieren que la sustitución de los AGS por fuentes de AGMI de alta calidad (procedentes del aceite de oliva, el aceite de canola, palta, los frutos secos y las semillas) y por fuentes de hidratos de carbono de alta calidad (procedentes de los cereales integrales y de los alimentos con hidratos de carbono de  bajo  índice  glicémico)  se  asocia  a  una  menor  incidencia  de enfermedades coronarias. 92,93

---

Fragmento 3 [Doc: 08_Terapia-de-nutricion-medica-de-la-obesidad.pdf, chunk: 45, dist: 0.571]:
Se han investigado varios enfoques basados en macronutrientes dentro y fuera de estos rangos. Los investigadores han evaluado, por  ejemplo,  las  dietas  bajas  en  hidratos  de  carbono  que reemplazan grasas y proteínas a cambio de hidratos de carbono, e incluyen una cantidad adecuada de proteínas (15-20% de las calorías).  En  los  estudios  también  se  han  investigado  versiones muy bajas en hidratos de carbono (≤ 10% de las calorías), entre ellas variantes como la dieta cetogénica, que es muy rica en grasas (≥ 75% de las calorías). No existen pruebas de que una distribución de macronutrientes tenga una ventaja significativa sobre otra.

---

Fragmento 4 [Doc: 03_La-ciencia-de-la-obesidad.pdf, chunk: 39, dist: 0.578]:
Otras anomalías lipídicas incluyen la reducción de las lipoproteínas de alta densidad (HDL) y el aumento de los niveles de pequeñas partículas  densas  de  lipoproteínas  de  baja  densidad  (LDL).  Los niveles elevados de ácidos grasos libres circulantes también son captados  por  el  músculo  y  el  páncreas,  donde  su  acumulación excesiva  causa  lipotoxicidad.  Esta  condición  puede  reducir  la actividad de la señal insulínica en el músculo, mientras que, en el páncreas, puede reducir inapropiadamente la secreción insulínica. Aparentemente el tejido adiposo visceral es más importante como fuente  de  adipoquinas  y  mediadores  inflamatorios  circulantes excesivos que los depósitos subcutáneos. 63,64

---

Fragmento 5 [Doc: 08_Terapia-de-nutricion-medica-de-la-obesidad.pdf, chunk: 55, dist: 0.586]:
Mientras que la sustitución de los hidratos de carbono por grasas o proteínas animales se asoció a un aumento de la mortalidad, la sustitución de los hidratos de carbono por grasas insaturadas y  proteínas  de  origen  vegetal  se  asocia  a  una  reducción  de  la mortalidad. 85   La  fuente  de  los  hidratos  de  carbono  también ha  demostrado  ser  importante.  Un  análisis  del  estudio  PURE mostró que la fuente de hidratos de carbono puede modificar la asociación. La mayor ingesta de hidratos de carbono (procedentes de fuentes como las legumbres y la fruta) se asoció a una menor mortalidad cardiovascular y por todas las causas. 94"
24,No dispongo de suficiente información en las guías oficiales para responder a tu pregunta.,"Fragmento 1 [Doc: 08_Terapia-de-nutricion-medica-de-la-obesidad.pdf, chunk: 11, dist: 0.498]:
su  nutricionista  para  discutir  las  ventajas  y  desventajas  de los diferentes patrones de alimentación en cuanto le ayuden a  lograr  sus  objetivos  de  salud.  La  forma  de  comer  es  tan importante como cuánto y qué se come. Intente comer de manera consciente y tener una relación sana con la comida.

Hacer 'dieta' o restringir drásticamente la ingesta de alimentos puede provocar cambios en su cuerpo que, con el tiempo, podrían hacerle recuperar el peso.

Acuda a un nutricionista certificado que le ofrezca un plan personalizado  y  le  brinde  asesoramiento  continuo  sobre  su estado de salud y sus requerimientos nutricionales.

---

Fragmento 2 [Doc: 08_Terapia-de-nutricion-medica-de-la-obesidad.pdf, chunk: 118, dist: 0.532]:
SI

## ACONSEJAR: Proporcionar/reforzar los mensajes nutricionales clave para todos los adultos

- Satisfacer los valores, preferencias y objetivos individuales que sean culturalmente aceptables, asequibles y sostenibles
- Utilizar un lenguaje centrado en la persona y enfocado en el paciente que no excluya a la persona por su peso y que excluya dietas.
- Seguir las recomendaciones de la Guía alimentaria para una alimentación saludable (según corresponda a la persona)

## Comer sanamente no solo se limita a los alimentos que consumimos

- Sea consciente de sus hábitos alimentarios
- Cocine más a menudo
- Saboree sus alimentos
- Consuma sus comidas en buena compañía
- Utilice la información contenida en las etiquetas de los alimentos
- Limite el consume de alimentos con alto contenido de sodio, azúcares o grasas saturadas
- Sea consciente de que la publicidad sobre alimentos puede influir en sus decisiones alimentarias

## Acostúmbrese a comer variedad de alimentos saludables cada día

---

Fragmento 3 [Doc: 08_Terapia-de-nutricion-medica-de-la-obesidad.pdf, chunk: 88, dist: 0.539]:
## ENFOQUES NO DIETÉTICOS

Los  enfoques  no  dietéticos  incluyen  un  paraguas  de  conceptos descritos  en  la  literatura  que  ofrecen  al  personal  de  salud alternativas a las intervenciones centradas en la pérdida de peso. 151 Estos enfoques suelen rechazar las prácticas de pérdida de peso o de dieta y suelen utilizar conceptos de atención plena en respuesta al hambre, la saciedad, los antojos y el apetito internos en lugar de la restricción calórica o la restricción cognitiva. Los componentes de un enfoque no dietético pueden  incluir los siguientes conceptos: peso neutro, peso inclusivo, alimentación consciente, intervenciones  basadas  en  la  atención  plena,  aceptación  del tamaño o del cuerpo y/o Health at Every Size ®  (HAES ® ).

---

Fragmento 4 [Doc: 08_Terapia-de-nutricion-medica-de-la-obesidad.pdf, chunk: 84, dist: 0.541]:
## ENFOQUES BASADOS EN LA ALIMENTACIÓN

Varios  patrones  dietéticos  que  hacen  hincapié  en  enfoques específicos basados en los alimentos han demostrado sus ventajas (Tabla  1).  Entre  ellas  se  encuentran  las  legumbres  (porotos, garbanzos,  lentejas  y  arvejas  secas), 39-43 frutas  y  verduras, 44,45,47 frutos secos, 48-50,139-141 cereales integrales (especialmente de avena  y  cebada) 46,51,95,105,142,143 y  lácteos. 52,144-146 Estos  enfoques basados  en  los  alimentos  han  demostrado  la  pérdida  y/o  el mantenimiento del peso, con mejoras en los factores de riesgo cardiometabólico, en ensayos controlados aleatorios. También hay pruebas de reducciones asociadas en la incidencia de diabetes y enfermedades cardiovasculares en grandes estudios de cohortes prospectivos que incluyen a personas con un IMC ≥ 25 kg/m 2 .

## PROGRAMAS INTENSIVOS DE INTERVENCIÓN EN EL ESTILO DE VIDA

---

Fragmento 5 [Doc: 08_Terapia-de-nutricion-medica-de-la-obesidad.pdf, chunk: 30, dist: 0.542]:
Así, algunas personas pueden preferir un enfoque basado en los macronutrientes (que consiste en una ingesta mayor, moderada o  menor  de  hidratos  de  carbono,  proteínas  y/o  grasas),  o  uno restringido  en  calorías,  basado  en  alimentos  o  sin  dietas.  La nutrición y la alimentación saludable son importantes para la salud y el bienestar de todas las personas de Chile, independientemente de su peso, tamaño corporal o estado de salud. El mejor enfoque nutricional para el tratamiento de la obesidad es el que la persona puede mantener a largo plazo y así conseguir resultados de salud y peso duraderos. 7  La tabla 1 y la figura 2 ofrecen una visión general de las distintas intervenciones nutricionales utilizadas para tratar el peso, la salud y los indicadores de calidad de vida, así como las ventajas y desventajas de cada una.

## TERAPIA MÉDICA NUTRICIONAL PERSONALIZADA"
25,"Según el contexto proporcionado, se recomienda un aumento en la ingesta de proteínas de aproximadamente 1,1 g/kg de peso corporal o hasta un 30% de la ingesta total de calorías. Esto puede contribuir a una mayor saciedad y puede ayudar en la pérdida de peso y en la reducción de la masa grasa durante el corto plazo (alrededor de 12 semanas). Sin embargo, es importante considerar las necesidades individuales y consultar a un profesional de la salud para un plan adaptado a tus requerimientos específicos. 

Esta información proviene del documento sobre terapia de nutrición médica de la obesidad (Doc: 08_Terapia-de-nutricion-medica-de-la-obesidad.pdf).","Fragmento 1 [Doc: 08_Terapia-de-nutricion-medica-de-la-obesidad.pdf, chunk: 150, dist: 0.479]:
| Aumentar la cantidad de proteínas (1,1 g/ kg o 30% de ingesta de proteínas), con restricción de calorías             | Corto plazo (12 +- 9,3 semanas): i TG 202                                                                                                                                                                                                                                                                                                                   | 30% de ingesta proteica: h Sin variación en pérdida de peso, h Masa magra 203 i Peso 204 1,1 g/kg de ingesta proteica: a corto plazo (12 +- 9,3 semanas): i Peso i Masa grasa Menos i masa libre de grasa 202 | Mayor saciedad 202                                                                                                                                                          | Corto plazo (12 +- 9,3 semanas) 202 Recopilación insuficiente de datos de salud                                        |

---

Fragmento 2 [Doc: 08_Terapia-de-nutricion-medica-de-la-obesidad.pdf, chunk: 128, dist: 0.493]:
| Más proteínas (25-40%)                              | n                  |                    | n                   | n      |                                | n                      |                                        |                 |                     |                             |                       |                   |             |
| Aumento de las proteínas + restricción calórica     |                    |                    | n                   | n      |                                | n                      |                                        |                 |                     |                             |                       |                   |             |

---

Fragmento 3 [Doc: 08_Terapia-de-nutricion-medica-de-la-obesidad.pdf, chunk: 149, dist: 0.512]:
| Mayor cantidad de proteínas (25%-40% de las calorías de las proteínas), no se prescribe ninguna restricción calórica | i TG (-0,60 mmol/L) 81 Proporción de hidratos de carbono a proteínas de 1,5: 1 i C-LDL 201 Ningún cambio (con o sin ejercicio) en los niveles de HDL, FBG, insulina en ayunas 201                                                                                                                                                                           | i 0,39 kg PC i 0,44 kg MG 81                                                                                                                                                                                  | Mayor saciedad 202 Problemas en mujeres con síndrome metabólico i peso, i masa grasa con más proteínas vs. baja en grasa/alta en hidratos de carbono 201                    | No hay diferencias con otros niveles de lípidos o masa magra, con tasas de deserción del 30-40% 81                     |

---

Fragmento 4 [Doc: 08_Terapia-de-nutricion-medica-de-la-obesidad.pdf, chunk: 173, dist: 0.523]:
*   Suele combinarse con un programa exhaustivo de apoyo a la modificación de la conducta.
- ** El patrón dietético Portfolio = 1g a 3 g/día de esteroles vegetales (margarinas que contienen esteroles vegetales, suplementos), 15 g a 25 g/día de fibras viscosas (fibras formadoras de gel, como las procedentes de la avena, la cebada, el psyllium, las legumbres, la berenjena), 35-50 g/día de proteínas vegetales (como las procedentes de la soja y las legumbres) y 25g a 50g/día de frutos secos (incluidos las nueces y el maní).

Tabla 2: Indicadores de salud para evaluar las intervenciones nutricionales de pacientes

---

Fragmento 5 [Doc: 08_Terapia-de-nutricion-medica-de-la-obesidad.pdf, chunk: 156, dist: 0.547]:
| Suplemento de proteína de suero (20-75 g/día, 2 semanas - 15 meses)    | i Factores de riesgo de enfermedades cardiovasculares (P .A. Sistólica, P.A. Diastólica, HDL, Col. T, glucosa 91                                                                                                                      | i i Peso (diferencia promedio de -0,56 kg) i Masa grasa (diferencia promedio de -1,12 kg) i Masa magra (media dif -0,77 kg) | Beneficios encontrados con o sin restricción calórica 91 | Falta evidencia para determinar las dosis y el tiempo de uso 91                                  |"
26,"No dispongo de suficiente información en las guías oficiales para responder a tu pregunta. Sin embargo, es importante considerar que la forma de comer puede variar según las necesidades y preferencias individuales. Se recomienda abordar la alimentación de manera consciente y adaptada a cada persona en consulta con un nutricionista, quien puede ofrecer un plan personalizado.","Fragmento 1 [Doc: 08_Terapia-de-nutricion-medica-de-la-obesidad.pdf, chunk: 11, dist: 0.522]:
su  nutricionista  para  discutir  las  ventajas  y  desventajas  de los diferentes patrones de alimentación en cuanto le ayuden a  lograr  sus  objetivos  de  salud.  La  forma  de  comer  es  tan importante como cuánto y qué se come. Intente comer de manera consciente y tener una relación sana con la comida.

Hacer 'dieta' o restringir drásticamente la ingesta de alimentos puede provocar cambios en su cuerpo que, con el tiempo, podrían hacerle recuperar el peso.

Acuda a un nutricionista certificado que le ofrezca un plan personalizado  y  le  brinde  asesoramiento  continuo  sobre  su estado de salud y sus requerimientos nutricionales.

---

Fragmento 2 [Doc: 08_Terapia-de-nutricion-medica-de-la-obesidad.pdf, chunk: 118, dist: 0.534]:
SI

## ACONSEJAR: Proporcionar/reforzar los mensajes nutricionales clave para todos los adultos

- Satisfacer los valores, preferencias y objetivos individuales que sean culturalmente aceptables, asequibles y sostenibles
- Utilizar un lenguaje centrado en la persona y enfocado en el paciente que no excluya a la persona por su peso y que excluya dietas.
- Seguir las recomendaciones de la Guía alimentaria para una alimentación saludable (según corresponda a la persona)

## Comer sanamente no solo se limita a los alimentos que consumimos

- Sea consciente de sus hábitos alimentarios
- Cocine más a menudo
- Saboree sus alimentos
- Consuma sus comidas en buena compañía
- Utilice la información contenida en las etiquetas de los alimentos
- Limite el consume de alimentos con alto contenido de sodio, azúcares o grasas saturadas
- Sea consciente de que la publicidad sobre alimentos puede influir en sus decisiones alimentarias

## Acostúmbrese a comer variedad de alimentos saludables cada día

---

Fragmento 3 [Doc: 08_Terapia-de-nutricion-medica-de-la-obesidad.pdf, chunk: 119, dist: 0.534]:
## Acostúmbrese a comer variedad de alimentos saludables cada día

- Consuma vegetales y frutas en abundancia
- Consuma alimentos ricos en proteína y elija con mayor frecuencia las proteínas vegetales
- Haga del agua su bebida favorita
- Elija alimentos integrales

## PREGUNTE/EVALUAR

¿Está el paciente interesado en llevar a cabo más cambios nutricionales o está pidiendo apoyo adicional para hacer/mantener los cambios?

SI

## ESTAR DE ACUERDO Y AYUDAR: Explorar opciones, colaborar en la atención

Derivar a un nutricionista

---

Fragmento 4 [Doc: 08_Terapia-de-nutricion-medica-de-la-obesidad.pdf, chunk: 7, dist: 0.556]:
## MENSAJES CLAVE PARA LAS PERSONAS CON OBESIDAD

<!-- image -->

Independientemente  del  tamaño  y  del  estado  de  salud,  la nutrición es importante. Su salud no se reduce a un número en una pesa. Cuando esté listo o lista para hacer un cambio, elija  objetivos  que  tengan relación con un comportamiento que contribuya a mejorar su situación nutricional y de salud (salud médica, funcional, emocional) (Tabla 2).

No  existe  un  patrón  de  alimentación  saludable  que  sea universal.  Elija  un  patrón  de  alimentación  que  propicie  un mejor estado de salud y que pueda mantener durante mucho tiempo, en lugar de una 'dieta' de corto plazo. Hable con

## RECOMENDACIONES ADOPTADAS

<!-- image -->

---

Fragmento 5 [Doc: 03_La-ciencia-de-la-obesidad.pdf, chunk: 13, dist: 0.564]:
. 20 El  placer  de  comer  también  puede  ser  disfuncional  en  algunos pacientes  con  obesidad,  y  se  reduce  en  comparación  con  la anticipación, lo que da lugar a la necesidad de comer en exceso para alcanzar el nivel de la anticipación. 21"
27,"La evidencia sobre el impacto de los edulcorantes bajos en calorías en la pérdida de peso es contradictoria. Según la información disponible, algunos estudios han indicado que la sustitución de azúcares calóricos por edulcorantes bajos en calorías puede contribuir a la reducción de peso, especialmente en personas con sobrepeso u obesidad. Esto se observa principalmente en el contexto de reducir la ingesta de bebidas azucaradas y en ciertas condiciones de desplazamiento calórico.

Sin embargo, las revisiones sistemáticas y los metaanálisis de ensayos controlados aleatorizados no respaldan de manera consistente su uso efectivo para el tratamiento de la obesidad. Además, otras investigaciones han mostrado asociaciones con el aumento de peso y una mayor incidencia de diabetes y enfermedades cardiovasculares en poblaciones que consumen edulcorantes bajos en calorías.

Por lo tanto, aunque en algunos contextos pueden ofrecer ventajas, no hay un consenso claro sobre su eficacia para la pérdida de peso y se debe ser cauteloso en su uso. Esta información proviene del documento ""Terapia de nutrición médica de la obesidad"".","Fragmento 1 [Doc: 08_Terapia-de-nutricion-medica-de-la-obesidad.pdf, chunk: 148, dist: 0.272]:
| Edulcorantes bajos en calorías                                                                                       | Podría i peso y enfermedades cardiometabólicas 118,200                                                                                                                                                                                                                                                                                                      |                                                                                                                                                                                                               | Como sustituto del azúcar (por ejemplo, en gaseosas) puede ayudar i peso 120                                                                                                | Los ensayos de control aleatorizados no respaldan su uso para el tratamiento de la obesidad 118                        |

---

Fragmento 2 [Doc: 08_Terapia-de-nutricion-medica-de-la-obesidad.pdf, chunk: 66, dist: 0.293]:
Esta  investigación  ha  informado  de  asociaciones  con  la  pérdida de  peso  y  una  menor  incidencia  de  diabetes,  enfermedades cardiovasculares  y  mortalidad  por  todas  las  causas 115,123,124 en poblaciones  que  incluyen  a  personas  con  IMC  ≥  25  kg/m 2 .  En conjunto, estas diferentes series empíricas indican que los edulcorantes bajos en calorías en sustitución del azúcar u otros edulcorantes  calóricos,  en  particular si  se  trata  de  bebidas azucaradas,  pueden  ofrecer  ventajas  similares  a  las  del  agua  u otras estrategias destinadas a eliminar el exceso de calorías de los azúcares añadidos. Un metaanálisis publicado el 2020, indicó que reemplazar el azúcar por edulcorantes bajos en calorías conduce a la reducción de peso, particularmente en personas con sobrepeso u obesidad. 125

## PATRONES DIETÉTICOS

---

Fragmento 3 [Doc: 08_Terapia-de-nutricion-medica-de-la-obesidad.pdf, chunk: 64, dist: 0.314]:
Las revisiones sistemáticas y metaanálisis de ensayos controlados aleatorizados y los ensayos controlados aleatorizados individuales también han evaluado el efecto de la sustitución intencional de azúcares  u  otros  edulcorantes  calóricos  por  edulcorantes  bajos en  calorías  (condiciones  en  las  que  hay  un  desplazamiento calórico,  que  generalmente  viene  de  las  bebidas  con  azúcar). Esta  investigación  ha  mostrado  la  modesta  pérdida  de  peso esperada y las mejoras concomitantes en los factores de riesgo cardiometabólico  (glucosa  en  sangre,  presión  arterial  y  grasa hepática) en personas con un IMC ≥ 25 kg/m 2 . 120-122  Se observan desacuerdos similares en función de los modelos utilizados en los estudios de cohortes prospectivos.

---

Fragmento 4 [Doc: 08_Terapia-de-nutricion-medica-de-la-obesidad.pdf, chunk: 63, dist: 0.318]:
## EDULCORANTES BAJOS EN CALORÍAS

Las recientes síntesis sobre evidencias difieren en sus conclusiones sobre  la  relación  entre  los  edulcorantes  bajos  en  calorías  y  los resultados  en  materia  de  salud.  Al  parecer,  existen  importantes desacuerdos ya que no se no tiene en cuenta la naturaleza del comparador  en  la  interpretación  de  los  ensayos  controlados aleatorizados y debido a que hay una alta probabilidad de que exista  una  causalidad  inversa  en  los  modelos  de  estudios  de cohortes prospectivos. 115-117

Las  revisiones  sistemáticas  y  los  metaanálisis  de  los  ensayos individuales  controlados  y  aleatorizados  que  han  investigado  el efecto de los edulcorantes bajos en calorías como alternativa a dietas con agua, placebos o personalizadas al peso (condiciones sin variación calórica) no han revelado que los pacientes pierdan peso  ni  mejoren  sus  factores  de  riesgo  cardiometabólico, 112,118 salvo algunas excepciones. 119

---

Fragmento 5 [Doc: 08_Terapia-de-nutricion-medica-de-la-obesidad.pdf, chunk: 65, dist: 0.375]:
Las revisiones sistemáticas, los metaanálisis de estudios de cohortes prospectivos y los grandes estudios de cohortes prospectivos  individuales  que  han  modelado  la  ingesta  basal  o prevalente de edulcorantes bajos en calorías han mostrado una asociación  con  el  aumento  de  peso  y  una  mayor  incidencia  de diabetes y enfermedades cardiovasculares. 112,114-117  Otros estudios han  utilizado  enfoques  analíticos  para  mitigar  la  causalidad inversa  modelando  el  cambio  en  la  ingesta  o  la  sustitución  de bebidas endulzadas con bajas calorías por bebidas edulcorantes con azúcar."
28,No dispongo de suficiente información en las guías oficiales para responder a tu pregunta.,"Fragmento 1 [Doc: 08_Terapia-de-nutricion-medica-de-la-obesidad.pdf, chunk: 66, dist: 0.523]:
Esta  investigación  ha  informado  de  asociaciones  con  la  pérdida de  peso  y  una  menor  incidencia  de  diabetes,  enfermedades cardiovasculares  y  mortalidad  por  todas  las  causas 115,123,124 en poblaciones  que  incluyen  a  personas  con  IMC  ≥  25  kg/m 2 .  En conjunto, estas diferentes series empíricas indican que los edulcorantes bajos en calorías en sustitución del azúcar u otros edulcorantes  calóricos,  en  particular si  se  trata  de  bebidas azucaradas,  pueden  ofrecer  ventajas  similares  a  las  del  agua  u otras estrategias destinadas a eliminar el exceso de calorías de los azúcares añadidos. Un metaanálisis publicado el 2020, indicó que reemplazar el azúcar por edulcorantes bajos en calorías conduce a la reducción de peso, particularmente en personas con sobrepeso u obesidad. 125

## PATRONES DIETÉTICOS

---

Fragmento 2 [Doc: 08_Terapia-de-nutricion-medica-de-la-obesidad.pdf, chunk: 148, dist: 0.558]:
| Edulcorantes bajos en calorías                                                                                       | Podría i peso y enfermedades cardiometabólicas 118,200                                                                                                                                                                                                                                                                                                      |                                                                                                                                                                                                               | Como sustituto del azúcar (por ejemplo, en gaseosas) puede ayudar i peso 120                                                                                                | Los ensayos de control aleatorizados no respaldan su uso para el tratamiento de la obesidad 118                        |

---

Fragmento 3 [Doc: 03_La-ciencia-de-la-obesidad.pdf, chunk: 43, dist: 0.564]:
## BENEFICIOS DE UNA PÉRDIDA DE PESO LEVE

El  control  del  peso  corporal  resulta  de  vital  importancia  para mejorar  la  salud  cardiovascular  general  de  las  personas  con sobrepeso y obesidad. De hecho, el tratamiento de la obesidad beneficia  a  todos  los  pacientes  con  exceso  de  adiposidad, independientemente del grado de pérdida de peso.

Los pacientes que consigan una pérdida de peso del 5-10% de su peso inicial experimentarán una reducción de sus factores de riesgo de enfermedad cardiovascular, una mejora de los perfiles lipídicos, una reducción de la glucosa en sangre y de la hemoglobina glicada y una disminución del riesgo de desarrollar diabetes tipo 2 y otras complicaciones  relacionadas  con  la  obesidad.  Merece  la  pena destacar los beneficios de una pérdida discreta de peso (5-10%) con respecto a la prevención y el control de la diabetes de tipo 2.

---

Fragmento 4 [Doc: 11_La-atencion-y-asistencia-primaria-en-el-manejo-de-la-obesidad.pdf, chunk: 44, dist: 0.578]:
Debido al alto grado de heterogeneidad clínica entre los estudios,  no  se  realizó  un  metaanálisis.  Se  identificaron  siete ensayos  controlados  aleatorios,  de  los  cuales  cuatro  mostraron ser metodológicamente sólidos. Aunque no se midieron específicamente  los  niveles  de  conocimientos  de  salud  antes  y después de la intervención,  se  observaron  reducciones  de  peso significativas en 11 de los 13 estudios. En dos de los 11, la pérdida de peso no se mantuvo en los períodos de seguimiento, y en un tercer estudio se mantuvo en los participantes masculinos, pero no  en  los  femeninos.  Se  observó  que  ocho  de  los  13  estudios identificados tenían tasas  de  retención  &gt;80%.  Los  autores concluyeron que había evidencia de la eficacia de las intervenciones centradas en la mejora de los conocimientos y las habilidades (es decir, la alfabetización en salud) para la pérdida de peso. 3

---

Fragmento 5 [Doc: 04_Prevencion-y-reduccion-de-danos-de-la-obesidad-en-personas-adultas.pdf, chunk: 15, dist: 0.582]:
Si bien estas estrategias requieren varios años de aplicación para evaluar cambios en las tasas de obesidad, recientes estudios han evidenciado efectos positivos, tales como reducción de la compra de bebidas azucaradas en un 21,6% y reducción de la exposición de los adolescentes a la publicidad de alimentos en un 52% y el consumo de bebidas azucaradas en un 23,7%. 7"
29,No dispongo de suficiente información en las guías oficiales para responder a tu pregunta.,"Fragmento 1 [Doc: 08_Terapia-de-nutricion-medica-de-la-obesidad.pdf, chunk: 66, dist: 0.530]:
Esta  investigación  ha  informado  de  asociaciones  con  la  pérdida de  peso  y  una  menor  incidencia  de  diabetes,  enfermedades cardiovasculares  y  mortalidad  por  todas  las  causas 115,123,124 en poblaciones  que  incluyen  a  personas  con  IMC  ≥  25  kg/m 2 .  En conjunto, estas diferentes series empíricas indican que los edulcorantes bajos en calorías en sustitución del azúcar u otros edulcorantes  calóricos,  en  particular si  se  trata  de  bebidas azucaradas,  pueden  ofrecer  ventajas  similares  a  las  del  agua  u otras estrategias destinadas a eliminar el exceso de calorías de los azúcares añadidos. Un metaanálisis publicado el 2020, indicó que reemplazar el azúcar por edulcorantes bajos en calorías conduce a la reducción de peso, particularmente en personas con sobrepeso u obesidad. 125

## PATRONES DIETÉTICOS

---

Fragmento 2 [Doc: 08_Terapia-de-nutricion-medica-de-la-obesidad.pdf, chunk: 64, dist: 0.536]:
Las revisiones sistemáticas y metaanálisis de ensayos controlados aleatorizados y los ensayos controlados aleatorizados individuales también han evaluado el efecto de la sustitución intencional de azúcares  u  otros  edulcorantes  calóricos  por  edulcorantes  bajos en  calorías  (condiciones  en  las  que  hay  un  desplazamiento calórico,  que  generalmente  viene  de  las  bebidas  con  azúcar). Esta  investigación  ha  mostrado  la  modesta  pérdida  de  peso esperada y las mejoras concomitantes en los factores de riesgo cardiometabólico  (glucosa  en  sangre,  presión  arterial  y  grasa hepática) en personas con un IMC ≥ 25 kg/m 2 . 120-122  Se observan desacuerdos similares en función de los modelos utilizados en los estudios de cohortes prospectivos.

---

Fragmento 3 [Doc: 08_Terapia-de-nutricion-medica-de-la-obesidad.pdf, chunk: 148, dist: 0.549]:
| Edulcorantes bajos en calorías                                                                                       | Podría i peso y enfermedades cardiometabólicas 118,200                                                                                                                                                                                                                                                                                                      |                                                                                                                                                                                                               | Como sustituto del azúcar (por ejemplo, en gaseosas) puede ayudar i peso 120                                                                                                | Los ensayos de control aleatorizados no respaldan su uso para el tratamiento de la obesidad 118                        |

---

Fragmento 4 [Doc: 08_Terapia-de-nutricion-medica-de-la-obesidad.pdf, chunk: 162, dist: 0.579]:
| Bajo índice glicémico:                                                 | h C-HDL 206 i Riesgo de diabetes tipo 2 31 i Enfermedad coronaria 28                                                                                                                                                                  | i 2,5kg 18 meses 207                                                                                                        |                                                          |                                                                                                  |

---

Fragmento 5 [Doc: 08_Terapia-de-nutricion-medica-de-la-obesidad.pdf, chunk: 164, dist: 0.582]:
| Sustitutos de comidas parciales*                                       | i i Glucosa en sangre con DM 208 h HRQOL 209 i Presión arterial sistólica 4,97 mmHg i PAD 1,98 mmHg i A1C 0,45% durante 24 semanas 37                                                                                                 | i 2,37 kg i Circunferencia de la cintura 2,24 cm en 24 semanas 37                                                           | Gran pérdida de peso inicial                             | Recuperación de peso Pérdida de peso durante 3 años <5% 209                                      |"
30,No dispongo de suficiente información en las guías oficiales para responder a tu pregunta.,"Fragmento 1 [Doc: 10_Intervenciones-psicologicas-y-conductuales-eficaces-en-el-tratamiento-de-la-obesidad.pdf, chunk: 112, dist: 0.591]:
La ingesta de energía que supera las necesidades fisiológicas es un factor,  de  los  varios  existentes,  que  provoca  la  obesidad.  La ingesta  de  calorías  por  encima  de  las  necesidades  energéticas suele producirse en ausencia de una verdadera hambre fisiológica. Se ha sugerido que las propiedades sensoriales de los alimentos apetecibles promueven el deseo de comer, independientemente de las necesidades energéticas reales. 28,31  No es de extrañar que el valor de refuerzo de los alimentos se asocie con el IMC 83,84  y prevé el aumento de peso en la niñez y adultez. 85,86 Las evidencias sugieren que el sistema del apetito es muy sensible a las señales de alimentos apetecibles disponibles en el entorno, y que las señales de  alimentos  apetecibles  pueden  sobrepasar  los  mecanismos homeostáticos  de  saciedad  del  organismo

---

Fragmento 2 [Doc: 08_Terapia-de-nutricion-medica-de-la-obesidad.pdf, chunk: 157, dist: 0.592]:
| Aumentar la cantidad de proteínas para sustituir otros macronutrientes | Reemplazar algunos hidratos de carbono i Circunferencia de la cintura en 5 años 205 Reemplazar algunos tipos de grasa Sin efecto 205                                                                                                  | Ningún efecto a largo plazo sobre el peso 205                                                                               |                                                          |                                                                                                  |

---

Fragmento 3 [Doc: 08_Terapia-de-nutricion-medica-de-la-obesidad.pdf, chunk: 46, dist: 0.600]:
Se  realizó  un  metaanálisis  en  red  de  48  ensayos  controlados y aleatorizados (con 7286 participantes) que distribuían de diferentes maneras  el consumo  de  macronutrientes en condiciones normales. Este metaanálisis no reveló diferencias en la  pérdida  de  peso entre las dietas a los seis ni a los 12 meses de  seguimiento;  las  cuales  fueron  categorizadas  ampliamente según su distribución de macronutrientes como baja en hidratos de  carbono,  macronutrientes  en  moderación  o  baja  en  grasas, o bien fueron categorizadas por sus 11 nombres populares que abarcan una amplia gama de configuraciones. Extensos ensayos controlados y aleatorizados subsiguientes confirmaron  estos hallazgos. 79

---

Fragmento 4 [Doc: 04_Prevencion-y-reduccion-de-danos-de-la-obesidad-en-personas-adultas.pdf, chunk: 18, dist: 0.603]:
Los  ensayos  controlados  aleatorios  de  prevención  primaria  que evalúan intervenciones dirigidas a reducir los factores de riesgo de aumento de peso son limitados. En la población en general, se han realizado estudios breves de intervenciones alimentarias que examinan alimentos específicos, 14   suplementos  de  proteínas 15 o ácidos grasos poliinsaturados, 16 pero  con  un  éxito  limitado.  Los estudios a corto plazo han concluido que los cambios de conducta, tales como monitoreo del peso, los recordatorios frecuentes o la autorreflexión,  pueden  reducir  el  incremento  de  peso  o  incluso favorecer la pérdida de peso durante periodos de vacaciones. 17,18

---

Fragmento 5 [Doc: 04_Prevencion-y-reduccion-de-danos-de-la-obesidad-en-personas-adultas.pdf, chunk: 9, dist: 0.606]:
Otros factores que influyen en el aumento de peso, pero que no son modificables o sólo mínimamente modificables, incluyen la edad,  factores  genéticos  y  epigenéticos,  ingresos  económicos, el  medio  ambiente,  factores  socio-culturales,  y  educacionales y  eventos  adversos  durante  la  niñez,  incluidos  el  maltrato  y abandono. 2   Si  bien  estos  factores  no  son  modificables  o  están menos  sujetos  al  control  individual,  pueden  ser  factores  muy relevantes en la efectividad de las estrategias para el control del"
31,No dispongo de suficiente informacion en las guias oficiales para responder a tu pregunta.,"Fragmento 1 [Doc: 08_Terapia-de-nutricion-medica-de-la-obesidad.pdf, chunk: 46, dist: 0.579]:
Se  realizó  un  metaanálisis  en  red  de  48  ensayos  controlados y aleatorizados (con 7286 participantes) que distribuían de diferentes maneras  el consumo  de  macronutrientes en condiciones normales. Este metaanálisis no reveló diferencias en la  pérdida  de  peso entre las dietas a los seis ni a los 12 meses de  seguimiento;  las  cuales  fueron  categorizadas  ampliamente según su distribución de macronutrientes como baja en hidratos de  carbono,  macronutrientes  en  moderación  o  baja  en  grasas, o bien fueron categorizadas por sus 11 nombres populares que abarcan una amplia gama de configuraciones. Extensos ensayos controlados y aleatorizados subsiguientes confirmaron  estos hallazgos. 79

---

Fragmento 2 [Doc: 08_Terapia-de-nutricion-medica-de-la-obesidad.pdf, chunk: 157, dist: 0.585]:
| Aumentar la cantidad de proteínas para sustituir otros macronutrientes | Reemplazar algunos hidratos de carbono i Circunferencia de la cintura en 5 años 205 Reemplazar algunos tipos de grasa Sin efecto 205                                                                                                  | Ningún efecto a largo plazo sobre el peso 205                                                                               |                                                          |                                                                                                  |

---

Fragmento 3 [Doc: 17_Productos-y-programas-comerciales-para-el-control-de-la-obesidad.pdf, chunk: 20, dist: 0.599]:
## GLUCOMANANO

El  glucomanano es una fibra soluble que se cree que retrasa el vaciado  gástrico  y,  a  su  vez,  aumenta  la  saciedad  y  reduce  la ingesta de alimentos. 25  Una reciente revisión sistemática de seis breves ensayos aleatorios de control llegó a la conclusión de que había datos limitados que apoyaban que la suplementación con glucomanano podía ayudar a reducir el peso, pero no el índice de masa corporal. 26

## ACUPUNTURA

---

Fragmento 4 [Doc: articulo.pdf, chunk: 20, dist: 0.599]:
## GLUCOMANANO

El  glucomanano es una fibra soluble que se cree que retrasa el vaciado  gástrico  y,  a  su  vez,  aumenta  la  saciedad  y  reduce  la ingesta de alimentos. 25  Una reciente revisión sistemática de seis breves ensayos aleatorios de control llegó a la conclusión de que había datos limitados que apoyaban que la suplementación con glucomanano podía ayudar a reducir el peso, pero no el índice de masa corporal. 26

## ACUPUNTURA

---

Fragmento 5 [Doc: 10_Intervenciones-psicologicas-y-conductuales-eficaces-en-el-tratamiento-de-la-obesidad.pdf, chunk: 112, dist: 0.602]:
La ingesta de energía que supera las necesidades fisiológicas es un factor,  de  los  varios  existentes,  que  provoca  la  obesidad.  La ingesta  de  calorías  por  encima  de  las  necesidades  energéticas suele producirse en ausencia de una verdadera hambre fisiológica. Se ha sugerido que las propiedades sensoriales de los alimentos apetecibles promueven el deseo de comer, independientemente de las necesidades energéticas reales. 28,31  No es de extrañar que el valor de refuerzo de los alimentos se asocie con el IMC 83,84  y prevé el aumento de peso en la niñez y adultez. 85,86 Las evidencias sugieren que el sistema del apetito es muy sensible a las señales de alimentos apetecibles disponibles en el entorno, y que las señales de  alimentos  apetecibles  pueden  sobrepasar  los  mecanismos homeostáticos  de  saciedad  del  organismo"
32,"No dispongo de suficiente información en las guías oficiales para responder a tu pregunta. Sin embargo, puedo sugerirte que, si estás considerando incorporar arroz en tu dieta, es importante evaluar el control de las porciones y el tipo de arroz que consumes, así como consultarlo con un nutricionista certificado. Esto te ayudará a asegurarte de que se ajuste a tus objetivos de salud y necesidades nutricionales.","Fragmento 1 [Doc: 08_Terapia-de-nutricion-medica-de-la-obesidad.pdf, chunk: 126, dist: 0.547]:
| Restricción calórica                                |                    | n                  | n                   | n      |                                | n                      |                                        |                 | n                   | n                           |                       |                   |             |
| Menor cantidad de hidratos de carbono               |                    |                    |                     | n      |                                |                        |                                        |                 |                     |                             |                       |                   |             |

---

Fragmento 2 [Doc: 08_Terapia-de-nutricion-medica-de-la-obesidad.pdf, chunk: 171, dist: 0.551]:
| Alimentos lácteos (con restricción de calorías) | i i Riesgo de diabetes tipo 2 42% 46                                                                                                                              | i i 0,64 kg PC i Circunferencia de la cintura de 2,18 cm i 0,56 kg MG h 0,43 kg de masa magra 52                                       |                                   |                                                                                            |
| Enfoques no dietéticos                          | Enfoques no dietéticos                                                                                                                                            | Enfoques no dietéticos                                                                                                                 | Enfoques no dietéticos            | Enfoques no dietéticos                                                                     |

---

Fragmento 3 [Doc: 08_Terapia-de-nutricion-medica-de-la-obesidad.pdf, chunk: 18, dist: 0.556]:
- i.  La  restricción  intermitente o continua de calorías logró una reducción similar del peso a corto plazo (Nivel 2a, Grado B). 38
- j.  Legumbres  (porotos,  garbanzos,  lentejas,  arvejas  secas) para  mejorar  el  peso  (Nivel  2,  Grado  B), 39 mejorar  el control glicémico (Nivel 2, Grado B), 40 cumplir los objetivos

---

Fragmento 4 [Doc: 08_Terapia-de-nutricion-medica-de-la-obesidad.pdf, chunk: 17, dist: 0.580]:
- g. Régimen dietético nórdico para bajar de peso (Nivel 2a, Grado B) 32 y para recuperar peso (Nivel 2b, Grado B), 33 mejorar la presión arterial (Nivel 2b, Grado B) 33 y cumplir objetivos en materia de lípidos en sangre, incluyendo el C-LDL, la APO B, (Nivel 2a, Grado B), 34 y el colesterol no HDL (Nivel  2a,  Grado  B); 35 así  como  reducir  el  riesgo de mortalidad cardiovascular y por todas las otras causas (Nivel 3, Grado C). 36
- h. Sustituciones  alimentarias  parciales  (sustituyendo  una o  dos  comidas  al  día  como  parte  de  una  intervención de restricción calórica) para reducir el peso corporal, la circunferencia de la cintura, la presión arterial y mejorar el control glicémico (Nivel 1a, Grado B). 37
- i.  La  restricción  intermitente o continua de calorías logró una reducción similar del peso a corto plazo (Nivel 2a, Grado B). 38

---

Fragmento 5 [Doc: 08_Terapia-de-nutricion-medica-de-la-obesidad.pdf, chunk: 11, dist: 0.581]:
su  nutricionista  para  discutir  las  ventajas  y  desventajas  de los diferentes patrones de alimentación en cuanto le ayuden a  lograr  sus  objetivos  de  salud.  La  forma  de  comer  es  tan importante como cuánto y qué se come. Intente comer de manera consciente y tener una relación sana con la comida.

Hacer 'dieta' o restringir drásticamente la ingesta de alimentos puede provocar cambios en su cuerpo que, con el tiempo, podrían hacerle recuperar el peso.

Acuda a un nutricionista certificado que le ofrezca un plan personalizado  y  le  brinde  asesoramiento  continuo  sobre  su estado de salud y sus requerimientos nutricionales."
33,No dispongo de suficiente información en las guías oficiales para responder a tu pregunta.,"Fragmento 1 [Doc: 08_Terapia-de-nutricion-medica-de-la-obesidad.pdf, chunk: 41, dist: 0.478]:
Un ensayo clínico aleatorizado con personas mayores (≥ 65 años) a los que se les aconsejó que disminuyeran su ingesta calórica en 500 kcal/día por debajo de su necesidad calórica estimada, con un mínimo de 1000 kcal/día, registró una disminución significativa del  peso  corporal  (4%)  durante  12  meses,  así  como  mejoras significativas en la glicemia y el colesterol HDL. 71

En una revisión sistemática y metaanálisis de los ensayos de control aleatorizados que utilizaron dietas muy bajas en calorías (DMBC), con o sin sustitutos alimentarios para la pérdida de peso, se concluyó que el uso de una DMBC dentro de un programa conductual de pérdida de peso se tradujo en una mayor pérdida de peso en 12 meses (-3,9 kg) y 24 meses (1,4 kg) que en un programa conductual aislado. 72  No se encontraron evidencias de que las intervenciones de DMBC sean efectivas sin apoyo conductual. 72

---

Fragmento 2 [Doc: 17_Productos-y-programas-comerciales-para-el-control-de-la-obesidad.pdf, chunk: 5, dist: 0.489]:
mantenimiento del peso a largo plazo; un buen perfil de seguridad; y costos razonables.

-  Las  personas  con  sobrepeso  u  obesidad  deben  desconfiar de  los  programas  de  adelgazamiento  que:  i)  prometen  la pérdida de peso sin dieta ni ejercicio; ii) prometen la pérdida de peso comiendo todo lo que se quiera; iii) prometen la reducción  de  peso  en  lugares  concretos  del  cuerpo; iv)  prometen una pérdida demasiado rápida (por ejemplo, perder 13 kilos en 30 días); o v) incluyen fotos del antes y el después, y testimonios personales que parecen demasiado buenos para ser verdad.

## MENSAJES CLAVE PARA LAS PERSONAS CON OBESIDAD continuación

-  Existen muchos productos naturales para la pérdida de peso sin receta médica, pero ninguno de ellos ha demostrado proporcionar una pérdida de peso clínicamente significativa en estudios científicos de alta calidad.

## RECOMENDACIONES ADOPTADAS

<!-- image -->

---

Fragmento 3 [Doc: articulo.pdf, chunk: 5, dist: 0.489]:
mantenimiento del peso a largo plazo; un buen perfil de seguridad; y costos razonables.

-  Las  personas  con  sobrepeso  u  obesidad  deben  desconfiar de  los  programas  de  adelgazamiento  que:  i)  prometen  la pérdida de peso sin dieta ni ejercicio; ii) prometen la pérdida de peso comiendo todo lo que se quiera; iii) prometen la reducción  de  peso  en  lugares  concretos  del  cuerpo; iv)  prometen una pérdida demasiado rápida (por ejemplo, perder 13 kilos en 30 días); o v) incluyen fotos del antes y el después, y testimonios personales que parecen demasiado buenos para ser verdad.

## MENSAJES CLAVE PARA LAS PERSONAS CON OBESIDAD continuación

-  Existen muchos productos naturales para la pérdida de peso sin receta médica, pero ninguno de ellos ha demostrado proporcionar una pérdida de peso clínicamente significativa en estudios científicos de alta calidad.

## RECOMENDACIONES ADOPTADAS

<!-- image -->

---

Fragmento 4 [Doc: 08_Terapia-de-nutricion-medica-de-la-obesidad.pdf, chunk: 83, dist: 0.513]:
Se informaron resultados similares para la pérdida de peso y el control glicémico en dos documentos recientes (una revisión sistemática y un metaanálisis, y una revisión sistemática) publicados después de la revisión de la literatura para este capítulo (junio de 2018). 136,137 Un reciente metaanálisis de ayuno intermitente mostró que  tiene efectos beneficiosos para el índice de masa corporal, peso corporal, masa grasa, el colesterol unido a lipoproteínas de baja densidad, el colesterol total, los triglicéridos, la glucosa plasmática en ayunas, la insulina en ayunas, la evaluación del modelo homeostático de la resistencia a la insulina y la presión arterial. 138

## ENFOQUES BASADOS EN LA ALIMENTACIÓN

---

Fragmento 5 [Doc: 03_La-ciencia-de-la-obesidad.pdf, chunk: 49, dist: 0.513]:
Una revisión sistemática descubrió que la tasa promedio de gasto energético  en  reposo  disminuía  en  aproximadamente  15  kcal/kg

Más información: info@ifsochile.cl

<!-- image -->

<!-- image -->

<!-- image -->

<!-- image -->

de  peso  perdido,  como  se  observó  en  2997  personas;  esta disminución  puede  estar  asociada  a  la  reincidencia  en  el  peso corporal. 70  Además, después de la pérdida de peso inducida por una dieta a largo plazo, los niveles de hormonas circulantes, como la  leptina,  la  insulina,  la  GLP-1,  la  CCK,  el  PYY  y  la  grelina,  no vuelven a los niveles registrados antes de la pérdida de peso y, en cambio, actúan favoreciendo la recuperación del peso. 71  Las hormonas  anorexigénicas  (leptina,  insulina,  GLP-1)  se  reducen, mientras  que  los  niveles  de  la  hormona  orexigénica  grelina aumentan. Se ha demostrado que la actividad  física  regular  es un componente integral del mantenimiento del peso corporal a largo plazo. 72,73"
34,No dispongo de suficiente información en las guías oficiales para responder a tu pregunta.,"Fragmento 1 [Doc: 08_Terapia-de-nutricion-medica-de-la-obesidad.pdf, chunk: 66, dist: 0.448]:
Esta  investigación  ha  informado  de  asociaciones  con  la  pérdida de  peso  y  una  menor  incidencia  de  diabetes,  enfermedades cardiovasculares  y  mortalidad  por  todas  las  causas 115,123,124 en poblaciones  que  incluyen  a  personas  con  IMC  ≥  25  kg/m 2 .  En conjunto, estas diferentes series empíricas indican que los edulcorantes bajos en calorías en sustitución del azúcar u otros edulcorantes  calóricos,  en  particular si  se  trata  de  bebidas azucaradas,  pueden  ofrecer  ventajas  similares  a  las  del  agua  u otras estrategias destinadas a eliminar el exceso de calorías de los azúcares añadidos. Un metaanálisis publicado el 2020, indicó que reemplazar el azúcar por edulcorantes bajos en calorías conduce a la reducción de peso, particularmente en personas con sobrepeso u obesidad. 125

## PATRONES DIETÉTICOS

---

Fragmento 2 [Doc: 08_Terapia-de-nutricion-medica-de-la-obesidad.pdf, chunk: 64, dist: 0.461]:
Las revisiones sistemáticas y metaanálisis de ensayos controlados aleatorizados y los ensayos controlados aleatorizados individuales también han evaluado el efecto de la sustitución intencional de azúcares  u  otros  edulcorantes  calóricos  por  edulcorantes  bajos en  calorías  (condiciones  en  las  que  hay  un  desplazamiento calórico,  que  generalmente  viene  de  las  bebidas  con  azúcar). Esta  investigación  ha  mostrado  la  modesta  pérdida  de  peso esperada y las mejoras concomitantes en los factores de riesgo cardiometabólico  (glucosa  en  sangre,  presión  arterial  y  grasa hepática) en personas con un IMC ≥ 25 kg/m 2 . 120-122  Se observan desacuerdos similares en función de los modelos utilizados en los estudios de cohortes prospectivos.

---

Fragmento 3 [Doc: 08_Terapia-de-nutricion-medica-de-la-obesidad.pdf, chunk: 65, dist: 0.485]:
Las revisiones sistemáticas, los metaanálisis de estudios de cohortes prospectivos y los grandes estudios de cohortes prospectivos  individuales  que  han  modelado  la  ingesta  basal  o prevalente de edulcorantes bajos en calorías han mostrado una asociación  con  el  aumento  de  peso  y  una  mayor  incidencia  de diabetes y enfermedades cardiovasculares. 112,114-117  Otros estudios han  utilizado  enfoques  analíticos  para  mitigar  la  causalidad inversa  modelando  el  cambio  en  la  ingesta  o  la  sustitución  de bebidas endulzadas con bajas calorías por bebidas edulcorantes con azúcar.

---

Fragmento 4 [Doc: 04_Prevencion-y-reduccion-de-danos-de-la-obesidad-en-personas-adultas.pdf, chunk: 15, dist: 0.499]:
Si bien estas estrategias requieren varios años de aplicación para evaluar cambios en las tasas de obesidad, recientes estudios han evidenciado efectos positivos, tales como reducción de la compra de bebidas azucaradas en un 21,6% y reducción de la exposición de los adolescentes a la publicidad de alimentos en un 52% y el consumo de bebidas azucaradas en un 23,7%. 7

---

Fragmento 5 [Doc: 08_Terapia-de-nutricion-medica-de-la-obesidad.pdf, chunk: 148, dist: 0.501]:
| Edulcorantes bajos en calorías                                                                                       | Podría i peso y enfermedades cardiometabólicas 118,200                                                                                                                                                                                                                                                                                                      |                                                                                                                                                                                                               | Como sustituto del azúcar (por ejemplo, en gaseosas) puede ayudar i peso 120                                                                                                | Los ensayos de control aleatorizados no respaldan su uso para el tratamiento de la obesidad 118                        |"
35,"La fibra es un componente fundamental de la alimentación, especialmente en el contexto del manejo de la obesidad y la mejora de la salud cardiometabólica. Según el documento ""Terapia de nutrición médica de la obesidad"", se destacan varios aspectos importantes sobre la fibra:

1. **Beneficios para la salud**: Una ingesta adecuada de fibra dietética, recomendada entre 25 g y 29 g al día, está asociada con una reducción en el riesgo de mortalidad por enfermedades cardiovasculares, diabetes tipo 2, hipertensión y colesterol total elevado.

2. **Pérdida de peso**: Los suplementos de fibra pueden ayudar en la pérdida de peso a corto plazo. Además, intervenciones que incluyen una combinación de diferentes tipos de fibra, como la soluble y viscosa, han mostrado ventajas significativas en la reducción del peso corporal y mejoras en parámetros como el control glicémico, presión arterial y lípidos en sangre.

3. **Tipos de fibra**: La fibra viscosa soluble, en particular, tiene evidencias más sólidas de sus beneficios en la salud cardiovascular y en la mejora de marcadores metabólicos. Alimentos como la avena, cebada, psyllium, y ciertas frutas y verduras son fuentes de esta fibra que se han estudiado con resultados positivos.

4. **Dosis efectivas**: Aunque los umbrales específicos de dosis para obtener beneficios no están claramente establecidos, se sugiere que ingestas totales de fibra de al menos 25 g/día, incluyendo entre 10 g y 20 g/día de fibra viscosa soluble, pueden resultar óptimas.

En resumen, la fibra juega un papel crucial en la salud general y en el manejo de la obesidad, proporcionando beneficios cardiovasculares y metabólicos significativos.","Fragmento 1 [Doc: 08_Terapia-de-nutricion-medica-de-la-obesidad.pdf, chunk: 147, dist: 0.383]:
| Fibra dietética (25 g a 29 g)                                                                                        | Mayor ingesta: i Mortalidad por enfermedades cardiovasculares 15-30% i Incidencia de enfermedades coronarias y accidentes cerebrovasculares i T2DM i Presión arterial sistólica i Colesterol total 95                                                                                                                                                       | Mayor ingesta: i peso                                                                                                                                                                                         | Los suplementos de fibra pueden ayudar i a perder peso a corto plazo 106,195-199                                                                                            |                                                                                                                        |

---

Fragmento 2 [Doc: 08_Terapia-de-nutricion-medica-de-la-obesidad.pdf, chunk: 59, dist: 0.400]:
A  pesar  de  la  falta  de  interacción  por  tipo  y  fuente  de  fibra en  los  estudios  de  cohortes  prospectivos,  las  pruebas  de  los ensayos  controlados  aleatorios  difieren.  Estos  datos  apoyan los beneficios de la fibra dietética sobre los factores de riesgo cardiometabólico intermedios y sugieren que estos se restringen en gran medida a la fibra viscosa soluble. La fibra viscosa soluble es  la  única  fibra  respaldada  por  el  Reglamento  Sanitario  de los  Alimentos 97   con  declaraciones  de  propiedades  saludables aprobadas para reducir el colesterol de la avena, la cebada, el psyllium  y  el  complejo  de  polisacáridos  (glucomanano,  goma xantana,  alginato  de  sodio), 98-100 y  la  glicemia  posprandial  en el  caso  del  complejo  de  polisacáridos  (glucomanano,  goma xantana, alginato de sodio). 100

---

Fragmento 3 [Doc: 08_Terapia-de-nutricion-medica-de-la-obesidad.pdf, chunk: 61, dist: 0.422]:
Sin  embargo,  las  intervenciones  de  fibra  mixta  que  hacen hincapié  en  la  ingesta  elevada  de  fibra  dietética  procedente de  una  combinación  de  tipos  (insoluble,  soluble  y  viscosa soluble)  y  fuentes  (cereales,  frutas,  verduras  y/o  legumbres) han  demostrado  ventajas  cardiometabólicas.  La  OMS  encargó una  serie  de  revisiones  sistemáticas  y  metaanálisis  de  ensayos controlados aleatorios que incluían a personas sin enfermedades agudas o crónicas (incluidas personas con prediabetes, hipercolesterolemia  de  leve  a  moderada,  hipertensión  de  leve a moderada  o  síndrome  metabólico),  y  anteriores  análisis agrupados  de  ensayos  controlados  aleatorios  y  no  aleatorios en  personas  con  diabetes  han  evaluado  intervenciones  de fibra mixta

---

Fragmento 4 [Doc: 08_Terapia-de-nutricion-medica-de-la-obesidad.pdf, chunk: 62, dist: 0.426]:
. Estas  han  demostrado  que  las  intervenciones de  fibra  mixta  dan  lugar  a  reducciones  del  peso  corporal  y  a mejoras en la HbA1C, la glicemia posprandial, la presión arterial y los lípidos sanguíneos. 100-107,109-112 Los umbrales  de  dosis para  el  beneficio  no  están  claros,  pero  en  general  apoyan  los beneficios óptimos en ingestas de ≥ 25 g/día de fibra total en intervenciones de fibra mixta que proporcionan de 10 g/día a 20 g/día de fibra viscosa soluble. 95,96,98-107,109-114

---

Fragmento 5 [Doc: 08_Terapia-de-nutricion-medica-de-la-obesidad.pdf, chunk: 60, dist: 0.436]:
Las revisiones sistemáticas y los metaanálisis de ensayos controlados  aleatorios  han  evaluado  tipos  específicos  de  fibra viscosa soluble. Las pruebas obtenidas con la avena (betaglucano), la  cebada  (betaglucano),  el  psyllium,  el  manano  de  konjac (glucomanano)  y  las  frutas  y  verduras  (pectina)  muestran  una mejora del control glicémico mediante la HbA1c y la glicemia en ayunas, de la resistencia a la insulina mediante el HOMA-IR, de la presión arterial y de los lípidos sanguíneos, incluidos los objetivos terapéuticos establecidos de LDL-C, no HDL-C y APO B. 101-106  Los estudios también han puesto de manifiesto que la fibra insoluble, aparte de contribuir al aumento de volumen de las heces, 107  no ha  mostrado  ventajas  cardiometabólicas  en  comparación  con los controles bajos en fibra o en las comparaciones directas con la  fibra  soluble  viscosa,  en  las  que  a  menudo  se  utiliza  como comparador neutro de la fibra viscosa soluble. 108-111"
36,No dispongo de suficiente información en las guías oficiales para responder a tu pregunta.,"Fragmento 1 [Doc: 09_La-actividad-fisica-en-el-tratamiento-de-la-obesidad.pdf, chunk: 9, dist: 0.402]:
## COMPOSICIÓN CORPORAL

Se puede esperar una pérdida de peso significativa pero discreta a  largo  plazo  (unos  2  kg)  tan  solo  con  ejercicio  (por  ejemplo, aeróbico y de resistencia) en personas adultas con sobrepeso u obesidad. 19,27 En  general,  las  intervenciones  de  dietas  producen una mayor pérdida de peso (alrededor de 4 kg) en comparación con el ejercicio solo, y cuando el ejercicio se combina con la dieta, hay  un  aumento  adicional  en  la  cantidad  de  pérdida  de  peso (alrededor de 6 kg). 5,6,28,29  Las intervenciones para el manejo de la obesidad que incorporan el ejercicio, generalmente informan del mantenimiento o el aumento de la masa libre de grasa. 1,6,19

---

Fragmento 2 [Doc: 09_La-actividad-fisica-en-el-tratamiento-de-la-obesidad.pdf, chunk: 20, dist: 0.404]:
Por lo tanto, existen evidencias de calidad para recomendar que el  ejercicio  aeróbico  regular  de  intensidad  moderada  y/o  HIIT reducen eficazmente la grasa visceral  abdominal.  Sin  embargo, las evidencias sobre el efecto del ejercicio por sí solo en la grasa ectópica  son  limitadas,  aunque  los  datos  disponibles  sugieren que el ejercicio por sí solo tiene el potencial de disminuir la grasa ectópica  en  el  hígado  y  el  corazón  en  personas  adultas  con sobrepeso u obesidad.

## CONSIDERACIONES SOBRE LA RESPUESTA A LA DOSIS

Las  indicaciones  típicas  de  ejercicio  consideran  los  siguientes parámetros: 1) tipo, 2) duración, 3) intensidad y 4) frecuencia. El volumen de actividad física se basa en estos cuatro factores y suele definirse como el gasto energético total.

---

Fragmento 3 [Doc: 09_La-actividad-fisica-en-el-tratamiento-de-la-obesidad.pdf, chunk: 37, dist: 0.424]:
4. Frecuencia: Nuestra búsqueda identificó pocos estudios que compararan  directamente  diferentes frecuencias de ejercicio manteniendo  constante  el  volumen  total  de  ejercicio.  En  un estudio de Madjd et al., 69  75 mujeres con sobrepeso y obesidad fueron  asignadas  aleatoriamente  a  grupos  de  actividad  física de alta frecuencia frente a grupos de baja frecuencia. A ambos grupos se les pidió que siguieran el mismo programa dietético de pérdida de peso y que hicieran ejercicio durante 300 minutos a la semana, pero bien durante 50 minutos al día, seis días a la semana (alta frecuencia) o 100 minutos al día, tres días a la semana (baja frecuencia). En comparación con el grupo de alta frecuencia, el grupo de baja frecuencia tuvo una mayor disminución de peso (9,6 kg frente a 7,8 kg) y un mayor aumento de pasos diarios

---

Fragmento 4 [Doc: 09_La-actividad-fisica-en-el-tratamiento-de-la-obesidad.pdf, chunk: 24, dist: 0.429]:
2. Duración/volumen: Las directrices anteriores sobre la actividad física para el tratamiento de la obesidad 53,54  han hecho hincapié en  el  efecto  de  aumentar  el  volumen  de  actividad  física.  Los estudios que comparan directamente menos con más ejercicio han logrado normalmente diferencias en el volumen, aumentando la duración de este mientras se mantiene la intensidad, la frecuencia y  el  tipo  de  ejercicio.  Aunque  se  daba  por  establecido  que  un mayor  volumen  de  ejercicio  conducía  a  una  mayor  pérdida  de peso, 42  algunos estudios recientes relativamente grandes no han confirmado estos resultados.

---

Fragmento 5 [Doc: 09_La-actividad-fisica-en-el-tratamiento-de-la-obesidad.pdf, chunk: 33, dist: 0.435]:
. Una mayor cantidad de ejercicio intenso requirió de menos tiempo y condujo a mayores mejoras en la aptitud cardiorrespiratoria, 7,60  pero no se asoció con una mayor pérdida de peso estadísticamente significativa ni con cambios en la masa grasa en estos tres estudios."
37,"Se recomienda que las personas adultas con sobrepeso u obesidad realicen un mínimo de 30 minutos de actividad física aeróbica de intensidad moderada a intensa la mayor parte de los días de la semana, acumulando al menos 150 minutos por semana. Además, se sugiere que realicen actividades de fuerza (resistencia) al menos dos días a la semana y que reduzcan el tiempo sedentario diario. Esta información proviene del documento ""La actividad física en el tratamiento de la obesidad"".","Fragmento 1 [Doc: 09_La-actividad-fisica-en-el-tratamiento-de-la-obesidad.pdf, chunk: 37, dist: 0.479]:
4. Frecuencia: Nuestra búsqueda identificó pocos estudios que compararan  directamente  diferentes frecuencias de ejercicio manteniendo  constante  el  volumen  total  de  ejercicio.  En  un estudio de Madjd et al., 69  75 mujeres con sobrepeso y obesidad fueron  asignadas  aleatoriamente  a  grupos  de  actividad  física de alta frecuencia frente a grupos de baja frecuencia. A ambos grupos se les pidió que siguieran el mismo programa dietético de pérdida de peso y que hicieran ejercicio durante 300 minutos a la semana, pero bien durante 50 minutos al día, seis días a la semana (alta frecuencia) o 100 minutos al día, tres días a la semana (baja frecuencia). En comparación con el grupo de alta frecuencia, el grupo de baja frecuencia tuvo una mayor disminución de peso (9,6 kg frente a 7,8 kg) y un mayor aumento de pasos diarios

---

Fragmento 2 [Doc: 09_La-actividad-fisica-en-el-tratamiento-de-la-obesidad.pdf, chunk: 7, dist: 0.490]:
Los beneficios para la salud relacionados con la actividad física se asocian en parte con la dosis de actividad física (es decir tipo, duración, intensidad y frecuencia). 23  Sin embargo, la reducción de la actividad sedentaria durante el día también puede producir beneficios para la salud, independientemente de los niveles de actividad  física  regular. 24 Para  mejorar  la  salud,  se  recomienda que las personas realicen un mínimo de 30 minutos de actividad física aeróbica de intensidad moderada a intensa la mayor parte de los días de la semana, (sumando al menos 150 minutos por semana), realicen actividades de fuerza (resistencia) al menos dos días por semana 25  y reduzcan la cantidad de tiempo sedentario diario. 26

---

Fragmento 3 [Doc: 09_La-actividad-fisica-en-el-tratamiento-de-la-obesidad.pdf, chunk: 60, dist: 0.507]:
## RELACIÓN RIESGO-BENEFICIO DE AUMENTAR LA ACTIVIDAD FÍSICA.

Es  importante  tener  en  cuenta  que  la  actividad  física  puede asociarse  a  un  mayor  riesgo  de  lesiones  en  algunos  estudios, pero no en todos. 107,108 En  el  estudio  de  Janney y Jakicic 108 que incluía  datos  de  397  participantes  de  dos  ensayos  distintos,  se prescribió caminar como modo principal de ejercicio durante 150, 200 o 300 minutos/semana. Los participantes fueron hombres y mujeres con un IMC que oscilaba entre 25 y 40 kg/m 2 . Aunque no hubo un mayor riesgo de lesiones en comparación con el control, una  proporción  considerable  de  participantes  (46%)  informó de  alguna  lesión  o  enfermedad.  Solo  el  7%  de  las  lesiones  se asociaron con el ejercicio. Se asoció un IMC más elevado con una mayor probabilidad de sufrir lesiones a lo largo del tiempo, así como de lesionarse antes y durante la intervención. 108

---

Fragmento 4 [Doc: 09_La-actividad-fisica-en-el-tratamiento-de-la-obesidad.pdf, chunk: 67, dist: 0.507]:
## CONCLUSIÓN

Las personas adultas con sobrepeso u obesidad deben considerar el aumento de la actividad física como un componente integral de todas las estrategias de tratamiento de la obesidad. La actividad física  ofrece  una  amplia  gama  de  beneficios  para  la  salud  que son en parte independientes de la pérdida de peso. Las personas sedentarias  deben  progresar  hacia  30-60  minutos  o  más  de actividad  física  aeróbica  de  intensidad  moderada  a  alta  (por ejemplo, caminar, montar en bicicleta) la mayoría de los días de la semana (es decir, tratar de acumular 150 minutos o más por semana), realizar actividades de fuerza (resistencia) al menos dos días por semana y reducir la cantidad de tiempo sedentario diario para controlar el peso corporal y obtener beneficios para la salud.

---

Fragmento 5 [Doc: 09_La-actividad-fisica-en-el-tratamiento-de-la-obesidad.pdf, chunk: 27, dist: 0.512]:
. Es interesante observar que los grupos de menor volumen en estos estudios a menudo realizaban menos de 150 minutos por semana 7,13,42  y mostraban algunos  beneficios  como  la  aptitud  cardiorrespiratoria 13 ,  o  una disminución de la circunferencia de la cintura. 7"
38,"Sí, caminar puede ser efectivo para bajar de peso, especialmente cuando se considera como parte de un enfoque más amplio que incluye cambios en la dieta y comportamientos saludables. Según la información disponible, caminar de manera enérgica es una de las terapias de actividad física más recomendadas para el tratamiento del sobrepeso y la obesidad en adultos. Un metaanálisis indicó que la intervención promedio de caminata consistía en sesiones de 46 minutos, cuatro veces por semana, durante un periodo de 12 a 16 semanas.

Además, se ha observado que la combinación de caminar con actividad de mayor intensidad puede conducir a mejoras en la composición corporal y otros parámetros de salud. Por ejemplo, un estudio mostró que caminar hasta 10,000 pasos al día, con parte de esos pasos realizados a una intensidad moderada, estaba asociado a una mayor pérdida de peso al cabo de 18 meses.

Es importante resaltar que, aunque el ejercicio, como caminar, puede resultar en una pérdida de peso significativa pero discreta a largo plazo (aproximadamente 2 kg solo con ejercicio), los programas que combinan dieta y ejercicio tienden a generar una mayor pérdida de peso (alrededor de 6 kg). La actividad física regular también mejora la salud cardiovascular y ayuda a mantener una masa corporal saludable, lo que contribuye a un enfoque sostenible en el manejo de la obesidad (información proveniente de varios fragmentos del documento).","Fragmento 1 [Doc: 09_La-actividad-fisica-en-el-tratamiento-de-la-obesidad.pdf, chunk: 13, dist: 0.378]:
Caminar de manera enérgica es comúnmente el tipo de terapia de actividad física  más  recomendada para el  tratamiento  del  sobrepeso o la obesidad en personas adultas. 39  En este sentido, Mabire et al., 1 realizaron  una  revisión  sistemática  y  un  metaanálisis  de  22 estudios (n = 1.524; 81% mujeres) para investigar la influencia de la edad, el sexo y el IMC en la eficacia de la caminata a paso ligero  por  sí  sola  en  el  tratamiento  de  la  obesidad  en  personas adultas. Las características de la intervención (promedio) fueron las siguientes: duración (46 minutos/sesión), intensidad (73% de frecuencia cardíaca máxima), frecuencia (cuatro veces/semana) y duración (12 a 16 semanas), con una tasa de cumplimiento del ejercicio entre el 65% y el 85%.

---

Fragmento 2 [Doc: 09_La-actividad-fisica-en-el-tratamiento-de-la-obesidad.pdf, chunk: 31, dist: 0.433]:
Otros estudios más recientes han relacionado de manera inversa el  nivel  de  actividad  física  con  la  grasa  abdominal. 58 El  estudio de  Chiang  TL  2019, 37   utilizó  una  estrategia  combinada  para aumentar  el  gasto  calórico  en  personas  adultas  con  obesidad. Un grupo debía completar 12000 pasos al día y el otro  grupo además de completar los  12000  pasos,  debía  realizar  parte  de estos pasos a una intensidad moderada. El grupo que incorporó ejercicio de intensidad moderada tuvo mejores resultados sobre los parámetros del síndrome metabólico y mejoras en la composición corporal.  Finalmente,  el  estudio  de  Creasy  2018, 59 que  incluyó a  260  mujeres  de  42  años  en  promedio,  mostró  que  caminar alrededor de 10000 pasos al día, con 3500 de estos pasos a una intensidad moderada, se asocia a una mayor baja de peso a los 18 meses luego de terminar una intervención de estilos de vida.

---

Fragmento 3 [Doc: 03_La-ciencia-de-la-obesidad.pdf, chunk: 48, dist: 0.485]:
La actividad física regular aumenta el gasto energético y mejora la salud cardiovascular. Los cambios de comportamiento son, con mucho, el  componente  más  importante  para  integrar  patrones de alimentación y actividad que sean satisfactorios a largo plazo. Pueden incluir el autocontrol o el registro de un diario de alimentos y ejercicios, el apoyo de familiares o amistades o el asesoramiento individual o en grupo. Los cambios de comportamiento a corto plazo conducen a una pérdida de peso discreta del 3-5%, pero suele ser difícil de mantener. Las tasas de reincidencia en la pérdida de  peso  son  altas  porque  nuestro  cuerpo  está  diseñado  para resistirse a la pérdida de peso. La reducción del gasto energético y las respuestas hormonales adaptativas tras la pérdida de peso pueden favorecer la recuperación de peso.

Una revisión sistemática descubrió que la tasa promedio de gasto energético  en  reposo  disminuía  en  aproximadamente  15  kcal/kg

---

Fragmento 4 [Doc: 09_La-actividad-fisica-en-el-tratamiento-de-la-obesidad.pdf, chunk: 48, dist: 0.495]:
El ensayo STRRIDE AT/RT comparó el caminar aproximadamente 19,3  kilómetros  por  semana  a  una  intensidad  moderada,  19,3 kilómetros  por  semana  a  una  intensidad  alta  (es  decir,  mayor velocidad) y 32.18 kilómetros por semana a una intensidad alta. Las  mejoras  en  el  LDL-C,  el  HDL-C  (y  la  mayoría  de  los  demás parámetros lipídicos estudiados) tendían a mejorar con el aumento de la intensidad o la distancia (volumen), y a menudo la única diferencia significativa en comparación con el control se daba en el grupo de alto volumen y alta intensidad. 42,96  Aunque no  se  limitó  a  los  participantes  con  sobrepeso  u  obesidad,  un metaanálisis también reafirmó lo aprendido sobre los efectos de caminar 97 y  quizá  también  del  entrenamiento  de  resistencia 98,99 sobre  los  lípidos/lipo-proteínas.  También,  se  observan  mejoras en los metaanálisis que examinan por separado a hombres 100  y mujeres. 101

## ÍNDICES DE APTITUD FÍSICA Y MOVILIDAD

---

Fragmento 5 [Doc: 09_La-actividad-fisica-en-el-tratamiento-de-la-obesidad.pdf, chunk: 9, dist: 0.501]:
## COMPOSICIÓN CORPORAL

Se puede esperar una pérdida de peso significativa pero discreta a  largo  plazo  (unos  2  kg)  tan  solo  con  ejercicio  (por  ejemplo, aeróbico y de resistencia) en personas adultas con sobrepeso u obesidad. 19,27 En  general,  las  intervenciones  de  dietas  producen una mayor pérdida de peso (alrededor de 4 kg) en comparación con el ejercicio solo, y cuando el ejercicio se combina con la dieta, hay  un  aumento  adicional  en  la  cantidad  de  pérdida  de  peso (alrededor de 6 kg). 5,6,28,29  Las intervenciones para el manejo de la obesidad que incorporan el ejercicio, generalmente informan del mantenimiento o el aumento de la masa libre de grasa. 1,6,19"
39,No dispongo de suficiente información en las guías oficiales para responder a tu pregunta.,"Fragmento 1 [Doc: 09_La-actividad-fisica-en-el-tratamiento-de-la-obesidad.pdf, chunk: 33, dist: 0.531]:
. Una mayor cantidad de ejercicio intenso requirió de menos tiempo y condujo a mayores mejoras en la aptitud cardiorrespiratoria, 7,60  pero no se asoció con una mayor pérdida de peso estadísticamente significativa ni con cambios en la masa grasa en estos tres estudios.

---

Fragmento 2 [Doc: 09_La-actividad-fisica-en-el-tratamiento-de-la-obesidad.pdf, chunk: 64, dist: 0.544]:
De  acuerdo  con  lo  anterior,  en  una  revisión  sistemática  donde se  incluyeron  33  artículos 19   con  un  seguimiento  postoperatorio entre  1  y  12  meses,  se  concluyó  que  el  ejercicio  tiene  impacto en  comparación  al  grupo  control,  tanto  si  este  era  aeróbico o  de  resistencia.  El  impacto  se  vio  reflejado  en  la  composición corporal  (mayor  pérdida  de  peso  y  grasa  corporal)  y  aptitud cardiorrespiratoria (VO2 max) y muscular (fuerza muscular).

---

Fragmento 3 [Doc: 09_La-actividad-fisica-en-el-tratamiento-de-la-obesidad.pdf, chunk: 35, dist: 0.551]:
El HIIT provoca mayores mejoras en la aptitud cardiorrespiratoria 10,66,67 y en algunos indicadores de salud cardiometabólica en comparación con el ejercicio de intensidad moderada. 61,63,66,67 Por  otro  lado,  en  el  metaanálisis  en  red realizado por O'Donoghue 2021, 27  en el cual se incluyeron más de  3000  adultos  con  obesidad,  de  43  años  en  promedio,  se evidenció que el ejercicio combinado de alta intensidad aeróbico y  de  resistencia  tiene  los  mejores  resultados  en  la  pérdida  de grasa abdominal y aumento de masa muscular. Una limitación de estos  metaanálisis  fue  que  la  mayoría  de  los  estudios  incluidos tenían  tamaños  de  muestra  pequeños  y  el  entrenamiento  solía tener una duración inferior a cuatro meses. En uno de los estudios más largos y amplios que examinan el entrenamiento con HIIT, Roy et al

---

Fragmento 4 [Doc: 09_La-actividad-fisica-en-el-tratamiento-de-la-obesidad.pdf, chunk: 52, dist: 0.563]:
Un metaanálisis de 14 ensayos 28  que comparaban la restricción energética por sí sola con la restricción energética combinada con la actividad física concluyó que la suma de entrenamiento aeróbico y  de  resistencia  mejoraba  la  aptitud  cardiovascular  y  la  fuerza muscular, aumentaba la pérdida de masa grasa y preservaba la masa corporal magra.

## SALUD MENTAL Y CALIDAD DE VIDA

---

Fragmento 5 [Doc: 09_La-actividad-fisica-en-el-tratamiento-de-la-obesidad.pdf, chunk: 18, dist: 0.579]:
Por último, un reciente metaanálisis sobre los efectos del Entrenamiento de Intervalos de Alta Intensidad (HIIT) en personas adultas  con  sobrepeso  u  obesidad  mostró  que  tanto  practicar ciclismo como correr producen una reducción significativa de la masa grasa total, de la masa grasa abdominal y de la grasa visceral abdominal  en  personas  adultas  con  sobrepeso  u  obesidad,  sin diferencias entre sexos. 45   Resultados similares se han observado en estudios donde se iguala el gasto energético total de la sesión y se utilizan diferentes duraciones o intensidad. 46-48"
40,"Sí, es posible bajar de peso sin hacer ejercicio, aunque el enfoque puede ser menos efectivo. Según el contexto, las intervenciones dietéticas pueden provocar una pérdida de peso promedio de aproximadamente 4 kg, mientras que el ejercicio solo suele resultar en una pérdida de peso promedio cercana a 2 kg. La combinación de dieta y ejercicio puede aumentar la pérdida de peso a alrededor de 6 kg.

Sin embargo, es importante destacar que el ejercicio no solo contribuye a la pérdida de peso, sino que también ayuda a mejorar la salud cardiovascular y puede aumentar la masa libre de grasa. Por lo tanto, aunque puedes bajar de peso sin ejercicio, incorporar actividad física a tus hábitos diarios es beneficioso para tu salud en general. Además, los cambios de comportamiento, incluyendo la modificación de la dieta, son cruciales para mantener cualquier pérdida de peso a largo plazo.

Recuerda que siempre es recomendable consultar con un profesional de la salud para personalizar un plan que se adapte a tus necesidades. Esta información proviene de diferentes documentos que analizan el manejo y tratamiento de la obesidad.","Fragmento 1 [Doc: 09_La-actividad-fisica-en-el-tratamiento-de-la-obesidad.pdf, chunk: 9, dist: 0.432]:
## COMPOSICIÓN CORPORAL

Se puede esperar una pérdida de peso significativa pero discreta a  largo  plazo  (unos  2  kg)  tan  solo  con  ejercicio  (por  ejemplo, aeróbico y de resistencia) en personas adultas con sobrepeso u obesidad. 19,27 En  general,  las  intervenciones  de  dietas  producen una mayor pérdida de peso (alrededor de 4 kg) en comparación con el ejercicio solo, y cuando el ejercicio se combina con la dieta, hay  un  aumento  adicional  en  la  cantidad  de  pérdida  de  peso (alrededor de 6 kg). 5,6,28,29  Las intervenciones para el manejo de la obesidad que incorporan el ejercicio, generalmente informan del mantenimiento o el aumento de la masa libre de grasa. 1,6,19

---

Fragmento 2 [Doc: 03_La-ciencia-de-la-obesidad.pdf, chunk: 48, dist: 0.455]:
La actividad física regular aumenta el gasto energético y mejora la salud cardiovascular. Los cambios de comportamiento son, con mucho, el  componente  más  importante  para  integrar  patrones de alimentación y actividad que sean satisfactorios a largo plazo. Pueden incluir el autocontrol o el registro de un diario de alimentos y ejercicios, el apoyo de familiares o amistades o el asesoramiento individual o en grupo. Los cambios de comportamiento a corto plazo conducen a una pérdida de peso discreta del 3-5%, pero suele ser difícil de mantener. Las tasas de reincidencia en la pérdida de  peso  son  altas  porque  nuestro  cuerpo  está  diseñado  para resistirse a la pérdida de peso. La reducción del gasto energético y las respuestas hormonales adaptativas tras la pérdida de peso pueden favorecer la recuperación de peso.

Una revisión sistemática descubrió que la tasa promedio de gasto energético  en  reposo  disminuía  en  aproximadamente  15  kcal/kg

---

Fragmento 3 [Doc: 04_Prevencion-y-reduccion-de-danos-de-la-obesidad-en-personas-adultas.pdf, chunk: 61, dist: 0.462]:
Es necesario que evitemos la sobre preocupación por el peso por ser un indicador poco confiable del estado de salud. Pesarse es una conducta que puede considerarse iatrogénica si la persona no tiene una comprensión integral de los factores que lo llevan a estar en determinado estado, incluyendo su propia biología-genética, al estar en una sociedad que venera la delgadez, que favorece los ciclos  de  dietas  y  que  estigmatiza  el  sobrepeso  y  obesidad.  Por su parte, buscar una forma de bajar peso también puede seguir patrones ilusorios y sesgados de las reales causas: dietas restrictivas o más ejercicio, etc. Por todo esto, se debe generar conciencia de la  dinámica  personal  de  salud  y  factores  que  afectan  el  estado corporal individual (el estrés, la falta de sueño) para favorecer una baja o mantenimiento del peso acorde a un criterio de realidad para cada persona.

## Referencias

---

Fragmento 4 [Doc: 09_La-actividad-fisica-en-el-tratamiento-de-la-obesidad.pdf, chunk: 10, dist: 0.468]:
Además, la terapia de actividad física, con o sin cambios dietéticos, se  asocia  con  varios  beneficios  para  la  salud. 30 Por  ejemplo,  la actividad física regular puede tener un efecto positivo sobre los factores de riesgo cardiovascular; esto ocurre independientemente de una pérdida de peso significativa. 21  La intervención conductual que  incorpora  el  ejercicio  también  reduce  peso,  masa  grasa, circunferencia de cintura y factores de riesgo cardiometabólicos en participantes con obesidad de clase II y III. 31-33 En participantes de edad avanzada, el ejercicio por sí solo condujo a una mejor función física sin una pérdida de peso significativa; pero cuando se añadió a los cambios dietéticos, atenuó la disminución de la masa muscular y ósea normalmente observada solo con la dieta. 34  El volumen y la intensidad de la actividad física afectan la magnitud de los beneficios para la salud que se asocian al ejercicio. 5,30,35-37

---

Fragmento 5 [Doc: 11_La-atencion-y-asistencia-primaria-en-el-manejo-de-la-obesidad.pdf, chunk: 109, dist: 0.478]:
Los cambios en la nutrición sólo dieron lugar a una pérdida de peso promedio del -8,5%, mientras que el ejercicio dio lugar a una pérdida de peso promedio del -2,4%. 47  Esto sugiere que las intervenciones grupales que incluyen tanto la nutrición como el ejercicio dan como resultado una pérdida de peso clínicamente significativa.

2. El estudio Woman on the Move Through Activity and Nutrition (WOMAN), realizado por Kuller et al., comparó un grupo de educación sanitaria con un grupo de cambio de conducta que incluía objetivos dietéticos y de actividad física. 48  Descubrieron que los participantes perdieron la mayor cantidad de peso entre los seis y los 30 meses. Sin embargo, esto no se mantuvo al final del ensayo de 48 meses; la pérdida promedio de peso fue de 3,4 kg. 48

## II. ¿Existen datos sobre la combinación óptima de profesionales que realizan la intervención?"
41,"Si realizas ejercicio pero no haces cambios en tu dieta, es posible que experimentes una pérdida de peso, pero esta será generalmente limitada. Según el contexto proporcionado, el ejercicio solo puede llevar a una pérdida de peso significativa pero discreta a largo plazo, estimándose en aproximadamente 2 kg en personas adultas con sobrepeso u obesidad. 

Sin embargo, las intervenciones que solo se centran en el ejercicio tienden a resultar en un menor impacto en la reducción de peso en comparación con las que combinan tanto ejercicio como cambios en la dieta. Por ejemplo, las dietas suelen producir una pérdida de peso promedio de alrededor de 4 kg, y cuando se combinan ambas estrategias, la pérdida de peso puede aumentar a aproximadamente 6 kg.

Además, es importante tener en cuenta que el ejercicio proporciona beneficios a la salud más allá de la pérdida de peso, como mejoras en la salud cardiovascular, la masa muscular y el bienestar general. Por lo tanto, aunque el ejercicio es valioso, combinarlo con una alimentación adecuada podría optimizar tus resultados en el manejo de la obesidad.

Esta información se deriva de múltiples fragmentos del documento sobre el manejo de la obesidad y la actividad física.","Fragmento 1 [Doc: 03_La-ciencia-de-la-obesidad.pdf, chunk: 48, dist: 0.465]:
La actividad física regular aumenta el gasto energético y mejora la salud cardiovascular. Los cambios de comportamiento son, con mucho, el  componente  más  importante  para  integrar  patrones de alimentación y actividad que sean satisfactorios a largo plazo. Pueden incluir el autocontrol o el registro de un diario de alimentos y ejercicios, el apoyo de familiares o amistades o el asesoramiento individual o en grupo. Los cambios de comportamiento a corto plazo conducen a una pérdida de peso discreta del 3-5%, pero suele ser difícil de mantener. Las tasas de reincidencia en la pérdida de  peso  son  altas  porque  nuestro  cuerpo  está  diseñado  para resistirse a la pérdida de peso. La reducción del gasto energético y las respuestas hormonales adaptativas tras la pérdida de peso pueden favorecer la recuperación de peso.

Una revisión sistemática descubrió que la tasa promedio de gasto energético  en  reposo  disminuía  en  aproximadamente  15  kcal/kg

---

Fragmento 2 [Doc: 09_La-actividad-fisica-en-el-tratamiento-de-la-obesidad.pdf, chunk: 10, dist: 0.486]:
Además, la terapia de actividad física, con o sin cambios dietéticos, se  asocia  con  varios  beneficios  para  la  salud. 30 Por  ejemplo,  la actividad física regular puede tener un efecto positivo sobre los factores de riesgo cardiovascular; esto ocurre independientemente de una pérdida de peso significativa. 21  La intervención conductual que  incorpora  el  ejercicio  también  reduce  peso,  masa  grasa, circunferencia de cintura y factores de riesgo cardiometabólicos en participantes con obesidad de clase II y III. 31-33 En participantes de edad avanzada, el ejercicio por sí solo condujo a una mejor función física sin una pérdida de peso significativa; pero cuando se añadió a los cambios dietéticos, atenuó la disminución de la masa muscular y ósea normalmente observada solo con la dieta. 34  El volumen y la intensidad de la actividad física afectan la magnitud de los beneficios para la salud que se asocian al ejercicio. 5,30,35-37

---

Fragmento 3 [Doc: 09_La-actividad-fisica-en-el-tratamiento-de-la-obesidad.pdf, chunk: 9, dist: 0.490]:
## COMPOSICIÓN CORPORAL

Se puede esperar una pérdida de peso significativa pero discreta a  largo  plazo  (unos  2  kg)  tan  solo  con  ejercicio  (por  ejemplo, aeróbico y de resistencia) en personas adultas con sobrepeso u obesidad. 19,27 En  general,  las  intervenciones  de  dietas  producen una mayor pérdida de peso (alrededor de 4 kg) en comparación con el ejercicio solo, y cuando el ejercicio se combina con la dieta, hay  un  aumento  adicional  en  la  cantidad  de  pérdida  de  peso (alrededor de 6 kg). 5,6,28,29  Las intervenciones para el manejo de la obesidad que incorporan el ejercicio, generalmente informan del mantenimiento o el aumento de la masa libre de grasa. 1,6,19

---

Fragmento 4 [Doc: 09_La-actividad-fisica-en-el-tratamiento-de-la-obesidad.pdf, chunk: 47, dist: 0.491]:
Por  ejemplo,  el  Estudio  de  Dieta  y  Ejercicio  de  Oslo  fue  un ensayo de un año de duración en el que se asignó al azar a 219 participantes sanos (IMC medio = 29 kg/m 2 ) a hacer ejercicio o no hacer ejercicio, y a recibir asesoramiento dietético o no recibirlo, en un diseño factorial de 2x2. 95  El ejercicio no redujo el LDL-C, aunque aumentó el HDL-C y la ApoA-I y redujo la ApoB. 67,95  Es posible que se requiera más ejercicio o que sea más intenso para mejorar el LDL-C y el HDL-C. 37

---

Fragmento 5 [Doc: 11_La-atencion-y-asistencia-primaria-en-el-manejo-de-la-obesidad.pdf, chunk: 109, dist: 0.505]:
Los cambios en la nutrición sólo dieron lugar a una pérdida de peso promedio del -8,5%, mientras que el ejercicio dio lugar a una pérdida de peso promedio del -2,4%. 47  Esto sugiere que las intervenciones grupales que incluyen tanto la nutrición como el ejercicio dan como resultado una pérdida de peso clínicamente significativa.

2. El estudio Woman on the Move Through Activity and Nutrition (WOMAN), realizado por Kuller et al., comparó un grupo de educación sanitaria con un grupo de cambio de conducta que incluía objetivos dietéticos y de actividad física. 48  Descubrieron que los participantes perdieron la mayor cantidad de peso entre los seis y los 30 meses. Sin embargo, esto no se mantuvo al final del ensayo de 48 meses; la pérdida promedio de peso fue de 3,4 kg. 48

## II. ¿Existen datos sobre la combinación óptima de profesionales que realizan la intervención?"
42,"La reducción inicial de peso puede hacerse evidente después de aproximadamente seis semanas de uso, con una pérdida de entre 2.2 y 3.4 kg (Fragmento 1). Además, en un programa de intervención, los participantes se reunieron semanalmente durante los primeros tres meses, lo que sugiere que se pueden evaluar resultados significativos en ese período (Fragmento 2). Por lo tanto, generalmente se puede esperar comenzar a ver resultados en un plazo de seis semanas a tres meses, dependiendo del tipo de intervención y del seguimiento realizado.","Fragmento 1 [Doc: 04_Prevencion-y-reduccion-de-danos-de-la-obesidad-en-personas-adultas.pdf, chunk: 45, dist: 0.508]:
. La reducción inicial es mayor y se hace evidente después de aproximadamente seis semanas de uso con una baja de 2,2 a 3,4 Kg. 75

---

Fragmento 2 [Doc: 11_La-atencion-y-asistencia-primaria-en-el-manejo-de-la-obesidad.pdf, chunk: 64, dist: 0.521]:
Los  participantes  de  ambas  ramas  de  Pequeños  Cambios  se reunieron  con  los  asesores  en  salud  semanalmente  durante  los primeros tres meses, quincenalmente en los meses cuatro a nueve, y  luego mensualmente de los meses 10 a 12. Los participantes de  la  atención  habitual  (MOVE!)  se  reunieron  semanalmente durante  12  semanas,  con  opciones  para  continuar  la  atención de seguimiento después. El resultado principal fue el cambio de peso al comparar el basal después de 12 meses, y los resultados secundarios  incluyeron  resultados  fisiológicos,  conductuales  y psicosociales, así como niveles de participación y adherencia. 11

---

Fragmento 3 [Doc: 11_La-atencion-y-asistencia-primaria-en-el-manejo-de-la-obesidad.pdf, chunk: 81, dist: 0.532]:
Los del grupo de control no recibieron ninguna intervención y se les invitó a realizar cualquier actividad de promoción de la salud por su cuenta. Algunos de los resultados fueron el cambio de peso con respecto al inicio, la pérdida de peso categórica, los cambios en la actividad física, los hábitos nutricionales, la calidad de vida y el porcentaje de grasa corporal. Se les realizó seguimiento durante un  período  de  6,6  años  después  de  la  asignación  aleatoria.  La pérdida  promedio  de  peso  en  el  grupo  de  intervención  a  los seis  y  12  meses  fue  significativamente  mayor  que  en  el  grupo de  control,  pero  las  diferencias  en  el  cambio  de  peso  fueron pequeñas y no significativas después de 24 meses. 9  A los 6,6 años, el 19% del grupo de intervención perdió 5 kg o el 5% de su peso corporal inicial, en comparación con el 22% del grupo de control

---

Fragmento 4 [Doc: 04_Prevencion-y-reduccion-de-danos-de-la-obesidad-en-personas-adultas.pdf, chunk: 19, dist: 0.545]:
También  hay  varios  informes  publicados  sobre  intervenciones  en lugares  de  trabajo  que  han  tenido  éxito  en  mejorar  los  niveles  de conocimiento  y  comportamiento,  pero  es  menos  probable  que reporten mejorías en la obesidad o en el aumento de peso, 19,20  a menos que estén dirigidos a bajar de peso en trabajadores con sobrepeso u obesidad. 21,22  Los estudios de prevención primaria (mayoritariamente de nutrición y actividad física tienden a ser de corta duración (menos de  seis  meses),  lo  cual  es  complicado  y  difícil  de  evaluar  pues  es probable que las estrategias de prevención primaria deban requerir mucho más tiempo para demostrar lograr reducir la típica ganancia de peso de 0,5-1,0 kg/año. Existen unos pocos ensayos aleatorios controlados  a  largo  plazo,  la  mayoría  de  los  cuales  no  muestran diferencias en el aumento de peso a lo largo del tiempo. 23-26

---

Fragmento 5 [Doc: 11_La-atencion-y-asistencia-primaria-en-el-manejo-de-la-obesidad.pdf, chunk: 88, dist: 0.547]:
Los  únicos  estudios  que  incluyeron  seguimientos  fueron  los  de la  terapia  de  aceptación  y  compromiso. Se comprobó que, tras la  intervención,  la  mayoría  de  los  participantes  mantuvieron  su pérdida de peso durante cuatro y seis meses. Entre estos hallazgos se encuentra un estudio de Forman et al., que descubrió que el 64% de los participantes era capaz de mantener una reducción del  10%  del  peso  seis  meses  después  del  tratamiento. 41 Estos resultados se compararon con un tratamiento conductual estándar basado en el Programa de Prevención de la Diabetes (DPP por sus siglas en inglés), en el que solamente el 46% de los participantes era capaz de mantener una reducción del 10% del peso. Al éxito de este programa puede deberse a su diseño intensivo en el que se impartieron 30 sesiones de grupo de 75 minutos"
43,"Hacer ejercicio con obesidad no es inherentemente peligroso, de hecho, la actividad física regular puede tener múltiples beneficios para la salud. Se ha encontrado que la aptitud física es importante para las tareas de la vida cotidiana y mejorar la salud general. Las personas con sobrepeso u obesidad pueden mejorar su condiciones físicas al participar en programas de entrenamiento físico, donde no necesariamente se exige un enfoque exclusivo en la pérdida de peso (Doc: 05_Facilitar-la-participacion-en-las-actividades-de-la-vida-diaria-de-las-personas-con-obesidad.pdf). 

Además, la actividad física regular se asocia con efectos positivos sobre los factores de riesgo cardiovascular y puede ayudar a reducir la grasa visceral abdominal y hepática, aun sin una pérdida de peso significativa (Doc: 09_La-actividad-fisica-en-el-tratamiento-de-la-obesidad.pdf). 

Sin embargo, es importante que las personas con obesidad realicen un ejercicio adaptado a sus necesidades y condiciones, y que lo hagan bajo la supervisión de un profesional de la salud que pueda considerar sus preferencias y necesidades individuales (Doc: 05_Facilitar-la-participacion-en-las-actividades-de-la-vida-diaria-de-las-personas-con-obesidad.pdf). 

Por lo tanto, siempre es recomendable consultar con un médico antes de iniciar cualquier programa de ejercicio, especialmente si hay condiciones de salud coexistentes o si se ha sido sedentario por un tiempo prolongado.","Fragmento 1 [Doc: 05_Facilitar-la-participacion-en-las-actividades-de-la-vida-diaria-de-las-personas-con-obesidad.pdf, chunk: 21, dist: 0.388]:
Aptitud física: La aptitud física es importante para las tareas de la vida y la salud cotidiana. En general, la aptitud física es menor en las personas con sobrepeso u obesidad y la pueden mejorar al participar en programas de entrenamiento físico sin centrarse en la pérdida de peso. Los profesionales de la salud deben considerar las  necesidades  y  preferencias  de  la  persona  con  obesidad  a  la hora de asesorar sobre el ejercicio físico. 22

## DOLOR

Existe  una  asociación  significativa  entre  la  grasa  corporal  y  el dolor  musculoesquelético,  particularmente  dolor  generalizado  y en articulaciones como columna lumbar, rodillas y pies, siendo la grasa corporal un mejor indicador de riesgo en comparación con el peso corporal. 23  Además, se ha reportado que el dolor crónico relacionado con la obesidad incluye dolores de cabeza, abdominal, pélvico y neuropático, entre otros. 24

---

Fragmento 2 [Doc: 09_La-actividad-fisica-en-el-tratamiento-de-la-obesidad.pdf, chunk: 19, dist: 0.414]:
Además, los individuos sedentarios con una elevada grasa visceral abdominal se caracterizan por la acumulación de grasa en lugares no  deseados  (grasa  ectópica),  como  el  hígado,  el  corazón,  el páncreas y el músculo esquelético. La grasa ectópica desempeña un  papel  importante  en  la  relación  obesidad  abdominal  y  el aumento del riesgo de enfermedades cardiovasculares. 40  En este sentido, un metaanálisis demostró que el ejercicio por sí solo podía provocar una disminución de la adiposidad cardíaca (por ejemplo, de la grasa epicárdica y pericárdica) y de los lípidos intrahepáticos, aunque el efecto sobre el hígado es mayor cuando se combina con cambios dietéticos y con una mayor disminución del IMC o del peso corporal. 49  Así mismo, el entrenamiento aeróbico tiene una mayor efectividad en la reducción de la grasa visceral abdominal y grasa hepática en personas adultas con sobrepeso u obesidad y diabetes de tipo  2.4,30,50

---

Fragmento 3 [Doc: 09_La-actividad-fisica-en-el-tratamiento-de-la-obesidad.pdf, chunk: 10, dist: 0.419]:
Además, la terapia de actividad física, con o sin cambios dietéticos, se  asocia  con  varios  beneficios  para  la  salud. 30 Por  ejemplo,  la actividad física regular puede tener un efecto positivo sobre los factores de riesgo cardiovascular; esto ocurre independientemente de una pérdida de peso significativa. 21  La intervención conductual que  incorpora  el  ejercicio  también  reduce  peso,  masa  grasa, circunferencia de cintura y factores de riesgo cardiometabólicos en participantes con obesidad de clase II y III. 31-33 En participantes de edad avanzada, el ejercicio por sí solo condujo a una mejor función física sin una pérdida de peso significativa; pero cuando se añadió a los cambios dietéticos, atenuó la disminución de la masa muscular y ósea normalmente observada solo con la dieta. 34  El volumen y la intensidad de la actividad física afectan la magnitud de los beneficios para la salud que se asocian al ejercicio. 5,30,35-37

---

Fragmento 4 [Doc: 02_Epidemiologia-de-la-obesidad-en-adultos-en-Chile.pdf, chunk: 24, dist: 0.421]:
## EVALUACIÓN DEL RIESGO

La evaluación del riesgo que representa la obesidad para la salud depende del conocimiento de su fisiopatología, pero también de los criterios utilizados para diagnosticar y categorizar la severidad de esta enfermedad, ya que el diagnóstico es el elemento central para magnificar y relacionar los problemas en salud.

En la mayoría de los estudios que analizan riesgo de la obesidad, el  diagnóstico  se  basa  en  el  IMC  mayor  o  igual  a  30  Kg/m 2 . El  IMC  relaciona  el  peso  con  la  estatura,  pero  no  discrimina  la composición corporal y la proporción de grasa. Por tanto, puede existir  una persona con obesidad diagnosticada por IMC quien, al  estudiarlo  con  algún  método  de  composición  corporal,  por ejemplo, densitometría de cuerpo completo, no tenga exceso de grasa en su cuerpo o enfermedades relacionadas con el sobrepeso.

---

Fragmento 5 [Doc: 06_Evaluacion-del-paciente-que-vive-con-obesidad.pdf, chunk: 41, dist: 0.423]:
## EVALUAR EL IMPACTO EN LA SALUD DEL EXCESO DE ADIPOSIDAD

La asociación entre el diagnóstico de la obesidad y el desarrollo de complicaciones relacionadas con la obesidad es estrecha, pero no siempre lineal; por lo tanto, excesos de adiposidad similares pueden impactar de manera diferente en la salud y la calidad de vida de diferentes  pacientes.  Del  mismo  modo,  existen  múltiples  estudios que han documentado un subgrupo de pacientes 'metabólicamente sanos' con obesidad que se caracterizan por la ausencia de cualquier evidencia objetiva de mayor riesgo cardiometabólico a pesar de tener un IMC y una circunferencia de cintura elevados. 80,81"
44,No dispongo de suficiente información en las guías oficiales para responder a tu pregunta. Es importante que consultes con un profesional de la salud que pueda evaluar tu situación específica y recomendarte un programa de ejercicio adecuado para ti.,"Fragmento 1 [Doc: 17_Productos-y-programas-comerciales-para-el-control-de-la-obesidad.pdf, chunk: 9, dist: 0.423]:
-  Algunos programas comerciales han demostrado que son efectivos  en  producir  modestas  pérdidas  de  peso.  Estas no siempre son las opciones más adecuadas en todos los casos, pero en general se consideran seguras.
3. Para  las  personas  adultas  que  viven  con  sobrepeso  u obesidad,  existen  algunos  programas  comerciales  que promocionan lograr una pérdida de peso leve a moderada a  corto  o  mediano  plazo, 3 y  una  leve  reducción  de  los valores de hemoglobina glicosilada a corto plazo en adultos con diabetes tipo 2 en comparación con los tratamientos tradicionales. 4,5   Sin embargo, muchos de esos programas no están actualmente disponibles en Chile.

salud, en la que se detalla lo que se debe buscar en un programa de control de la obesidad seguro y satisfactorio, entre otras cosas:

---

Fragmento 2 [Doc: articulo.pdf, chunk: 9, dist: 0.423]:
-  Algunos programas comerciales han demostrado que son efectivos  en  producir  modestas  pérdidas  de  peso.  Estas no siempre son las opciones más adecuadas en todos los casos, pero en general se consideran seguras.
3. Para  las  personas  adultas  que  viven  con  sobrepeso  u obesidad,  existen  algunos  programas  comerciales  que promocionan lograr una pérdida de peso leve a moderada a  corto  o  mediano  plazo, 3 y  una  leve  reducción  de  los valores de hemoglobina glicosilada a corto plazo en adultos con diabetes tipo 2 en comparación con los tratamientos tradicionales. 4,5   Sin embargo, muchos de esos programas no están actualmente disponibles en Chile.

salud, en la que se detalla lo que se debe buscar en un programa de control de la obesidad seguro y satisfactorio, entre otras cosas:

---

Fragmento 3 [Doc: 17_Productos-y-programas-comerciales-para-el-control-de-la-obesidad.pdf, chunk: 5, dist: 0.423]:
mantenimiento del peso a largo plazo; un buen perfil de seguridad; y costos razonables.

-  Las  personas  con  sobrepeso  u  obesidad  deben  desconfiar de  los  programas  de  adelgazamiento  que:  i)  prometen  la pérdida de peso sin dieta ni ejercicio; ii) prometen la pérdida de peso comiendo todo lo que se quiera; iii) prometen la reducción  de  peso  en  lugares  concretos  del  cuerpo; iv)  prometen una pérdida demasiado rápida (por ejemplo, perder 13 kilos en 30 días); o v) incluyen fotos del antes y el después, y testimonios personales que parecen demasiado buenos para ser verdad.

## MENSAJES CLAVE PARA LAS PERSONAS CON OBESIDAD continuación

-  Existen muchos productos naturales para la pérdida de peso sin receta médica, pero ninguno de ellos ha demostrado proporcionar una pérdida de peso clínicamente significativa en estudios científicos de alta calidad.

## RECOMENDACIONES ADOPTADAS

<!-- image -->

---

Fragmento 4 [Doc: articulo.pdf, chunk: 5, dist: 0.423]:
mantenimiento del peso a largo plazo; un buen perfil de seguridad; y costos razonables.

-  Las  personas  con  sobrepeso  u  obesidad  deben  desconfiar de  los  programas  de  adelgazamiento  que:  i)  prometen  la pérdida de peso sin dieta ni ejercicio; ii) prometen la pérdida de peso comiendo todo lo que se quiera; iii) prometen la reducción  de  peso  en  lugares  concretos  del  cuerpo; iv)  prometen una pérdida demasiado rápida (por ejemplo, perder 13 kilos en 30 días); o v) incluyen fotos del antes y el después, y testimonios personales que parecen demasiado buenos para ser verdad.

## MENSAJES CLAVE PARA LAS PERSONAS CON OBESIDAD continuación

-  Existen muchos productos naturales para la pérdida de peso sin receta médica, pero ninguno de ellos ha demostrado proporcionar una pérdida de peso clínicamente significativa en estudios científicos de alta calidad.

## RECOMENDACIONES ADOPTADAS

<!-- image -->

---

Fragmento 5 [Doc: 09_La-actividad-fisica-en-el-tratamiento-de-la-obesidad.pdf, chunk: 9, dist: 0.424]:
## COMPOSICIÓN CORPORAL

Se puede esperar una pérdida de peso significativa pero discreta a  largo  plazo  (unos  2  kg)  tan  solo  con  ejercicio  (por  ejemplo, aeróbico y de resistencia) en personas adultas con sobrepeso u obesidad. 19,27 En  general,  las  intervenciones  de  dietas  producen una mayor pérdida de peso (alrededor de 4 kg) en comparación con el ejercicio solo, y cuando el ejercicio se combina con la dieta, hay  un  aumento  adicional  en  la  cantidad  de  pérdida  de  peso (alrededor de 6 kg). 5,6,28,29  Las intervenciones para el manejo de la obesidad que incorporan el ejercicio, generalmente informan del mantenimiento o el aumento de la masa libre de grasa. 1,6,19"
45,No dispongo de suficiente información en las guías oficiales para responder a tu pregunta.,"Fragmento 1 [Doc: 09_La-actividad-fisica-en-el-tratamiento-de-la-obesidad.pdf, chunk: 1, dist: 0.561]:
## MENSAJES CLAVE PARA EL PERSONAL DE SALUD

<!-- image -->

-  La  actividad  física  regular  genera  una  amplia  gama  de beneficios para la salud en personas adultas de todas las categorías de IMC, incluso en ausencia de pérdida de peso.
-  El  ejercicio  aeróbico  y  de  resistencia  puede  favorecer  el mantenimiento o la mejora de la aptitud cardiorrespiratoria,

## RECOMENDACIONES ADOPTADAS

<!-- image -->

1. La actividad física aeróbica (30-60 minutos de intensidad moderada a intensa la mayoría de los días de la semana) puede considerarse para las personas adultas que tengan como objetivo:
- a) Lograr pequeñas pérdidas de peso y grasa corporal (Nivel 2a, Grado B); 1
- b) Lograr  la  reducción  de  la  grasa  visceral  abdominal  (Nivel 1a, Grado A) 2-4  y de la grasa ectópica, como la del hígado y el corazón (Nivel 1a, Grado A), 4  incluso en ausencia de pérdida de peso;

## Cómo citar este documento

---

Fragmento 2 [Doc: 09_La-actividad-fisica-en-el-tratamiento-de-la-obesidad.pdf, chunk: 52, dist: 0.562]:
Un metaanálisis de 14 ensayos 28  que comparaban la restricción energética por sí sola con la restricción energética combinada con la actividad física concluyó que la suma de entrenamiento aeróbico y  de  resistencia  mejoraba  la  aptitud  cardiovascular  y  la  fuerza muscular, aumentaba la pérdida de masa grasa y preservaba la masa corporal magra.

## SALUD MENTAL Y CALIDAD DE VIDA

---

Fragmento 3 [Doc: 09_La-actividad-fisica-en-el-tratamiento-de-la-obesidad.pdf, chunk: 3, dist: 0.569]:
- c) Favorecer  el  mantenimiento  del  peso  tras  la  pérdida  de peso (Nivel 2a, Grado B); 1,5
- d) Favorecer  el  mantenimiento  de  la  masa  libre  de  grasa durante la pérdida de peso (Nivel 2a, Grado B); 6  y,
- e) Aumentar la aptitud cardiorrespiratoria (Nivel 2a, Grado B) 7 y la movilidad (Nivel 2a, Grado B). 8
2. Para  las  personas  adultas  con  sobrepeso  u  obesidad,  el entrenamiento  de  resistencia  puede  promover  el  mantenimiento del peso o un ligero aumento de la masa muscular o de la masa libre de grasa y de la movilidad (Nivel 2a, Grado B). 9

---

Fragmento 4 [Doc: 09_La-actividad-fisica-en-el-tratamiento-de-la-obesidad.pdf, chunk: 64, dist: 0.572]:
De  acuerdo  con  lo  anterior,  en  una  revisión  sistemática  donde se  incluyeron  33  artículos 19   con  un  seguimiento  postoperatorio entre  1  y  12  meses,  se  concluyó  que  el  ejercicio  tiene  impacto en  comparación  al  grupo  control,  tanto  si  este  era  aeróbico o  de  resistencia.  El  impacto  se  vio  reflejado  en  la  composición corporal  (mayor  pérdida  de  peso  y  grasa  corporal)  y  aptitud cardiorrespiratoria (VO2 max) y muscular (fuerza muscular).

---

Fragmento 5 [Doc: 03_La-ciencia-de-la-obesidad.pdf, chunk: 48, dist: 0.574]:
La actividad física regular aumenta el gasto energético y mejora la salud cardiovascular. Los cambios de comportamiento son, con mucho, el  componente  más  importante  para  integrar  patrones de alimentación y actividad que sean satisfactorios a largo plazo. Pueden incluir el autocontrol o el registro de un diario de alimentos y ejercicios, el apoyo de familiares o amistades o el asesoramiento individual o en grupo. Los cambios de comportamiento a corto plazo conducen a una pérdida de peso discreta del 3-5%, pero suele ser difícil de mantener. Las tasas de reincidencia en la pérdida de  peso  son  altas  porque  nuestro  cuerpo  está  diseñado  para resistirse a la pérdida de peso. La reducción del gasto energético y las respuestas hormonales adaptativas tras la pérdida de peso pueden favorecer la recuperación de peso.

Una revisión sistemática descubrió que la tasa promedio de gasto energético  en  reposo  disminuía  en  aproximadamente  15  kcal/kg"
46,"Correr puede ser efectivo para adelgazar, especialmente en combinación con otros hábitos, como la dieta. Un metaanálisis ha demostrado que el Entrenamiento de Intervalos de Alta Intensidad (HIIT), que incluye correr, puede producir una reducción significativa de la masa grasa total, abdominal y visceral en personas adultas con sobrepeso u obesidad. Sin embargo, la pérdida de peso esperada al hacer ejercicio solamente, como correr, es generalmente discreta, alrededor de 2 kg a largo plazo.

Además, se ha observado que las intervenciones que combinan ejercicio y cambios dietéticos pueden resultar en una mayor pérdida de peso, aproximadamente 6 kg en total. También es importante mencionar que correr, y la actividad física en general, tiene múltiples beneficios para la salud, incluidos efectos positivos en factores de riesgo cardiovascular, aunque no siempre se asocie con una pérdida de peso significativa.

Por lo tanto, correr puede ser parte de un enfoque efectivo para adelgazar, especialmente cuando se combina con una dieta balanceada. (Información extraída de los fragmentos 1, 4 y 5 del documento mencionado).","Fragmento 1 [Doc: 09_La-actividad-fisica-en-el-tratamiento-de-la-obesidad.pdf, chunk: 18, dist: 0.505]:
Por último, un reciente metaanálisis sobre los efectos del Entrenamiento de Intervalos de Alta Intensidad (HIIT) en personas adultas  con  sobrepeso  u  obesidad  mostró  que  tanto  practicar ciclismo como correr producen una reducción significativa de la masa grasa total, de la masa grasa abdominal y de la grasa visceral abdominal  en  personas  adultas  con  sobrepeso  u  obesidad,  sin diferencias entre sexos. 45   Resultados similares se han observado en estudios donde se iguala el gasto energético total de la sesión y se utilizan diferentes duraciones o intensidad. 46-48

---

Fragmento 2 [Doc: 09_La-actividad-fisica-en-el-tratamiento-de-la-obesidad.pdf, chunk: 33, dist: 0.519]:
. Una mayor cantidad de ejercicio intenso requirió de menos tiempo y condujo a mayores mejoras en la aptitud cardiorrespiratoria, 7,60  pero no se asoció con una mayor pérdida de peso estadísticamente significativa ni con cambios en la masa grasa en estos tres estudios.

---

Fragmento 3 [Doc: 09_La-actividad-fisica-en-el-tratamiento-de-la-obesidad.pdf, chunk: 31, dist: 0.521]:
Otros estudios más recientes han relacionado de manera inversa el  nivel  de  actividad  física  con  la  grasa  abdominal. 58 El  estudio de  Chiang  TL  2019, 37   utilizó  una  estrategia  combinada  para aumentar  el  gasto  calórico  en  personas  adultas  con  obesidad. Un grupo debía completar 12000 pasos al día y el otro  grupo además de completar los  12000  pasos,  debía  realizar  parte  de estos pasos a una intensidad moderada. El grupo que incorporó ejercicio de intensidad moderada tuvo mejores resultados sobre los parámetros del síndrome metabólico y mejoras en la composición corporal.  Finalmente,  el  estudio  de  Creasy  2018, 59 que  incluyó a  260  mujeres  de  42  años  en  promedio,  mostró  que  caminar alrededor de 10000 pasos al día, con 3500 de estos pasos a una intensidad moderada, se asocia a una mayor baja de peso a los 18 meses luego de terminar una intervención de estilos de vida.

---

Fragmento 4 [Doc: 09_La-actividad-fisica-en-el-tratamiento-de-la-obesidad.pdf, chunk: 9, dist: 0.536]:
## COMPOSICIÓN CORPORAL

Se puede esperar una pérdida de peso significativa pero discreta a  largo  plazo  (unos  2  kg)  tan  solo  con  ejercicio  (por  ejemplo, aeróbico y de resistencia) en personas adultas con sobrepeso u obesidad. 19,27 En  general,  las  intervenciones  de  dietas  producen una mayor pérdida de peso (alrededor de 4 kg) en comparación con el ejercicio solo, y cuando el ejercicio se combina con la dieta, hay  un  aumento  adicional  en  la  cantidad  de  pérdida  de  peso (alrededor de 6 kg). 5,6,28,29  Las intervenciones para el manejo de la obesidad que incorporan el ejercicio, generalmente informan del mantenimiento o el aumento de la masa libre de grasa. 1,6,19

---

Fragmento 5 [Doc: 09_La-actividad-fisica-en-el-tratamiento-de-la-obesidad.pdf, chunk: 10, dist: 0.542]:
Además, la terapia de actividad física, con o sin cambios dietéticos, se  asocia  con  varios  beneficios  para  la  salud. 30 Por  ejemplo,  la actividad física regular puede tener un efecto positivo sobre los factores de riesgo cardiovascular; esto ocurre independientemente de una pérdida de peso significativa. 21  La intervención conductual que  incorpora  el  ejercicio  también  reduce  peso,  masa  grasa, circunferencia de cintura y factores de riesgo cardiometabólicos en participantes con obesidad de clase II y III. 31-33 En participantes de edad avanzada, el ejercicio por sí solo condujo a una mejor función física sin una pérdida de peso significativa; pero cuando se añadió a los cambios dietéticos, atenuó la disminución de la masa muscular y ósea normalmente observada solo con la dieta. 34  El volumen y la intensidad de la actividad física afectan la magnitud de los beneficios para la salud que se asocian al ejercicio. 5,30,35-37"
47,No dispongo de suficiente información en las guías oficiales para responder a tu pregunta.,"Fragmento 1 [Doc: 09_La-actividad-fisica-en-el-tratamiento-de-la-obesidad.pdf, chunk: 13, dist: 0.474]:
Caminar de manera enérgica es comúnmente el tipo de terapia de actividad física  más  recomendada para el  tratamiento  del  sobrepeso o la obesidad en personas adultas. 39  En este sentido, Mabire et al., 1 realizaron  una  revisión  sistemática  y  un  metaanálisis  de  22 estudios (n = 1.524; 81% mujeres) para investigar la influencia de la edad, el sexo y el IMC en la eficacia de la caminata a paso ligero  por  sí  sola  en  el  tratamiento  de  la  obesidad  en  personas adultas. Las características de la intervención (promedio) fueron las siguientes: duración (46 minutos/sesión), intensidad (73% de frecuencia cardíaca máxima), frecuencia (cuatro veces/semana) y duración (12 a 16 semanas), con una tasa de cumplimiento del ejercicio entre el 65% y el 85%.

---

Fragmento 2 [Doc: 09_La-actividad-fisica-en-el-tratamiento-de-la-obesidad.pdf, chunk: 31, dist: 0.493]:
Otros estudios más recientes han relacionado de manera inversa el  nivel  de  actividad  física  con  la  grasa  abdominal. 58 El  estudio de  Chiang  TL  2019, 37   utilizó  una  estrategia  combinada  para aumentar  el  gasto  calórico  en  personas  adultas  con  obesidad. Un grupo debía completar 12000 pasos al día y el otro  grupo además de completar los  12000  pasos,  debía  realizar  parte  de estos pasos a una intensidad moderada. El grupo que incorporó ejercicio de intensidad moderada tuvo mejores resultados sobre los parámetros del síndrome metabólico y mejoras en la composición corporal.  Finalmente,  el  estudio  de  Creasy  2018, 59 que  incluyó a  260  mujeres  de  42  años  en  promedio,  mostró  que  caminar alrededor de 10000 pasos al día, con 3500 de estos pasos a una intensidad moderada, se asocia a una mayor baja de peso a los 18 meses luego de terminar una intervención de estilos de vida.

---

Fragmento 3 [Doc: 09_La-actividad-fisica-en-el-tratamiento-de-la-obesidad.pdf, chunk: 48, dist: 0.497]:
El ensayo STRRIDE AT/RT comparó el caminar aproximadamente 19,3  kilómetros  por  semana  a  una  intensidad  moderada,  19,3 kilómetros  por  semana  a  una  intensidad  alta  (es  decir,  mayor velocidad) y 32.18 kilómetros por semana a una intensidad alta. Las  mejoras  en  el  LDL-C,  el  HDL-C  (y  la  mayoría  de  los  demás parámetros lipídicos estudiados) tendían a mejorar con el aumento de la intensidad o la distancia (volumen), y a menudo la única diferencia significativa en comparación con el control se daba en el grupo de alto volumen y alta intensidad. 42,96  Aunque no  se  limitó  a  los  participantes  con  sobrepeso  u  obesidad,  un metaanálisis también reafirmó lo aprendido sobre los efectos de caminar 97 y  quizá  también  del  entrenamiento  de  resistencia 98,99 sobre  los  lípidos/lipo-proteínas.  También,  se  observan  mejoras en los metaanálisis que examinan por separado a hombres 100  y mujeres. 101

## ÍNDICES DE APTITUD FÍSICA Y MOVILIDAD

---

Fragmento 4 [Doc: 03_La-ciencia-de-la-obesidad.pdf, chunk: 48, dist: 0.553]:
La actividad física regular aumenta el gasto energético y mejora la salud cardiovascular. Los cambios de comportamiento son, con mucho, el  componente  más  importante  para  integrar  patrones de alimentación y actividad que sean satisfactorios a largo plazo. Pueden incluir el autocontrol o el registro de un diario de alimentos y ejercicios, el apoyo de familiares o amistades o el asesoramiento individual o en grupo. Los cambios de comportamiento a corto plazo conducen a una pérdida de peso discreta del 3-5%, pero suele ser difícil de mantener. Las tasas de reincidencia en la pérdida de  peso  son  altas  porque  nuestro  cuerpo  está  diseñado  para resistirse a la pérdida de peso. La reducción del gasto energético y las respuestas hormonales adaptativas tras la pérdida de peso pueden favorecer la recuperación de peso.

Una revisión sistemática descubrió que la tasa promedio de gasto energético  en  reposo  disminuía  en  aproximadamente  15  kcal/kg

---

Fragmento 5 [Doc: 08_Terapia-de-nutricion-medica-de-la-obesidad.pdf, chunk: 40, dist: 0.556]:
En un ensayo clínico aleatorizado con mujeres (de 25 a 75 años) con un IMC de 37,84 +/- 3,94 kg/m 2  se observó que la prescripción de  1000  kcal/día  en  comparación  con  1500  kcal/día  junto  con el  tratamiento conductual producía una mayor pérdida de peso durante seis meses (pero se producía una recuperación significativa de peso a los 12 meses en comparación con el grupo de 1500 kcal/día). 70   A  los  12  meses,  un  porcentaje  significativamente mayor de participantes a los que se les prescribió 1000 kcal/día presentaron reducciones de peso corporal del 5% o más que los que se les asignó 1500 kcal/día. 70  Ahora bien, una prescripción de 1000 kcal/día puede ser más difícil de sostener, especialmente en el caso de personas cuya reducción calórica es superior al 50% de su ingesta habitual. 70"
48,No dispongo de suficiente información en las guías oficiales para responder a tu pregunta.,"Fragmento 1 [Doc: 09_La-actividad-fisica-en-el-tratamiento-de-la-obesidad.pdf, chunk: 15, dist: 0.305]:
## DISTRIBUCIÓN DE LA GRASA CORPORAL

Está bien documentado que la obesidad abdominal, especialmente un exceso de grasa visceral abdominal aumenta el riesgo de efectos adversos para la salud en individuos con sobrepeso u obesidad. 40 Es importante documentar la eficacia del ejercicio por sí solo para reducir la grasa visceral abdominal teniendo en cuenta la discreta pérdida de peso observada con las intervenciones conductuales. Según múltiples revisiones sistemáticas y metaanálisis realizados desde 2005, el ejercicio por sí solo es eficaz para reducir la grasa visceral  abdominal. 2,3,19,41,42 La  reducción  de  la  grasa  visceral abdominal y de la grasa abdominal total también puede producirse en ausencia de pérdida de peso o de cambios en la circunferencia de la cintura. 41

---

Fragmento 2 [Doc: 09_La-actividad-fisica-en-el-tratamiento-de-la-obesidad.pdf, chunk: 17, dist: 0.329]:
En general, el  entrenamiento aeróbico tiene el potencial de producir reducciones de la grasa visceral abdominal superiores a 30 cm 2 y 40 cm² (en  la  tomografía  computarizada  [TC])  en  mujeres  y  hombres, respectivamente. La mayor reducción observada en hombres se explica sobre todo por su fenotipo de obesidad abdominal. 3  No obstante, las mejoras en los índices cardiometabólicos asociados a la grasa visceral abdominal, así como el aumento de la aptitud cardiorrespiratoria  tanto  en  mujeres  como  en  hombres  con obesidad abdominal, parecen depender de la intensidad (por ej., la tolerancia a la glucosa). 7,37

---

Fragmento 3 [Doc: 09_La-actividad-fisica-en-el-tratamiento-de-la-obesidad.pdf, chunk: 19, dist: 0.351]:
Además, los individuos sedentarios con una elevada grasa visceral abdominal se caracterizan por la acumulación de grasa en lugares no  deseados  (grasa  ectópica),  como  el  hígado,  el  corazón,  el páncreas y el músculo esquelético. La grasa ectópica desempeña un  papel  importante  en  la  relación  obesidad  abdominal  y  el aumento del riesgo de enfermedades cardiovasculares. 40  En este sentido, un metaanálisis demostró que el ejercicio por sí solo podía provocar una disminución de la adiposidad cardíaca (por ejemplo, de la grasa epicárdica y pericárdica) y de los lípidos intrahepáticos, aunque el efecto sobre el hígado es mayor cuando se combina con cambios dietéticos y con una mayor disminución del IMC o del peso corporal. 49  Así mismo, el entrenamiento aeróbico tiene una mayor efectividad en la reducción de la grasa visceral abdominal y grasa hepática en personas adultas con sobrepeso u obesidad y diabetes de tipo  2.4,30,50

---

Fragmento 4 [Doc: 09_La-actividad-fisica-en-el-tratamiento-de-la-obesidad.pdf, chunk: 20, dist: 0.352]:
Por lo tanto, existen evidencias de calidad para recomendar que el  ejercicio  aeróbico  regular  de  intensidad  moderada  y/o  HIIT reducen eficazmente la grasa visceral  abdominal.  Sin  embargo, las evidencias sobre el efecto del ejercicio por sí solo en la grasa ectópica  son  limitadas,  aunque  los  datos  disponibles  sugieren que el ejercicio por sí solo tiene el potencial de disminuir la grasa ectópica  en  el  hígado  y  el  corazón  en  personas  adultas  con sobrepeso u obesidad.

## CONSIDERACIONES SOBRE LA RESPUESTA A LA DOSIS

Las  indicaciones  típicas  de  ejercicio  consideran  los  siguientes parámetros: 1) tipo, 2) duración, 3) intensidad y 4) frecuencia. El volumen de actividad física se basa en estos cuatro factores y suele definirse como el gasto energético total.

---

Fragmento 5 [Doc: 09_La-actividad-fisica-en-el-tratamiento-de-la-obesidad.pdf, chunk: 23, dist: 0.378]:
Estos  resultados  son  muy  similares  a  los  encontrados  en  otros estudios; 12,27,51 especialmente, en el estudio 'Studies Targeting Risk Reduction Interventions through Defined Exercise-Aerobic Training and/Resistance Training' (STRRIDE AT/RT). 12  Además de la ausencia de  un  grupo  de  control,  una  de  las  diferencias  en  este  estudio fue  que  al  grupo  de  entrenamiento  combinado  se  le  pidió  que completara la totalidad de la indicación al entrenamiento aeróbico (14 kcal/kg de peso corporal por semana, o ~130 min / semana)

y  al  entrenamiento  de  resistencia  (180  minutos  por  semana). Por otro lado, en la revisión sistemática realizada por Yarizadeh 2021, 52 donde comparó el efecto del ejercicio aeróbico, resistencia y  mixto  sobre  la  grasa  abdominal  subcutánea,  se  mostró  que ambas modalidades de ejercicio  en  forma  aislada  son  efectivas para reducir la grasa abdominal subcutánea."
49,No dispongo de suficiente información en las guías oficiales para responder a tu pregunta.,"Fragmento 1 [Doc: 09_La-actividad-fisica-en-el-tratamiento-de-la-obesidad.pdf, chunk: 36, dist: 0.604]:
. En uno de los estudios más largos y amplios que examinan el entrenamiento con HIIT, Roy et al. 68 permitieron a los participantes elegir entre un HIIT no supervisado tres días a la semana o 30 minutos de ejercicio diario de  intensidad  moderada.  El  cuarenta  y  dos  por  ciento  eligió  el HIIT, pero al cabo de un año no hubo diferencias significativas en la pérdida de peso o de grasa abdominal entre las intervenciones.

---

Fragmento 2 [Doc: 09_La-actividad-fisica-en-el-tratamiento-de-la-obesidad.pdf, chunk: 41, dist: 0.618]:
Glicemia: Los  metaanálisis  han  mostrado  de  forma  consistente mejoras en la hemoglobina glicosilada tras el entrenamiento de ejercicio  aeróbico  y/o  de  resistencia  estructurado/supervisado en personas con diabetes tipo 2, 30,66,78-81   incluso en ausencia de pérdida de peso. 81  En personas que no tienen diabetes, pueden producirse  mejoras  en  la  glucosa  postprandial  y  especialmente en la sensibilidad a la insulina con el entrenamiento de volumen e  intensidad  suficientes, 37 pero  no  se  suelen  observar  mejoras en  la  glucosa  en  ayunas  en  ausencia  de  una  gran  pérdida  de peso. 7,11,12,82 Algunos  de  los  ensayos  más  grandes  y  de  mayor duración se han realizado para la prevención y el tratamiento de la diabetes tipo 2 en personas con intolerancia a la glucosa

---

Fragmento 3 [Doc: 09_La-actividad-fisica-en-el-tratamiento-de-la-obesidad.pdf, chunk: 52, dist: 0.618]:
Un metaanálisis de 14 ensayos 28  que comparaban la restricción energética por sí sola con la restricción energética combinada con la actividad física concluyó que la suma de entrenamiento aeróbico y  de  resistencia  mejoraba  la  aptitud  cardiovascular  y  la  fuerza muscular, aumentaba la pérdida de masa grasa y preservaba la masa corporal magra.

## SALUD MENTAL Y CALIDAD DE VIDA

---

Fragmento 4 [Doc: 09_La-actividad-fisica-en-el-tratamiento-de-la-obesidad.pdf, chunk: 22, dist: 0.635]:
Las  indicaciones  fueron:  tres  sesiones  de  unos  20  minutos en el  grupo  de  resistencia;  cinco  sesiones  de  30  minutos  en  el grupo  aeróbico;  y  tres  sesiones  de  50  minutos  en  el  grupo  de entrenamiento  combinado  aeróbico  y  de  resistencia.  La  masa grasa se redujo en unos 3 kg tanto en el grupo de entrenamiento aeróbico como en el combinado, mientras que la masa muscular aumentó  alrededor  de  1  kg  en  el  grupo  de  entrenamiento  de resistencia y en el combinado. El grupo de entrenamiento aeróbico y de resistencia combinado fue el que más aumentó la sensibilidad a la insulina y disminuyó las limitaciones funcionales.

---

Fragmento 5 [Doc: 09_La-actividad-fisica-en-el-tratamiento-de-la-obesidad.pdf, chunk: 55, dist: 0.652]:
. En general, los parámetros de la indicación de  ejercicio  fueron  los  siguientes:  tipo  (50%  aeróbico,  14% de  resistencia,  23%  combinados  y  9%  de  comparación  entre entrenamiento aeróbico y de resistencia), duración de la sesión (de 12 a 90 minutos), frecuencia (de dos a cinco sesiones/semana) e  intensidad (de ligera a moderada) con una duración &gt; de 16 semanas; la mayoría fueron supervisadas (73%)."
50,"Hacer ejercicio mientras se experimenta dolor en las rodillas puede ser un tema delicado. Es importante que antes de iniciar cualquier programa de ejercicio, especialmente si hay dolor presente, se evalúen las razones detrás de ese dolor. La grasa corporal se ha asociado significativamente con el dolor musculoesquelético, incluidos el dolor en las articulaciones como las rodillas.

Si el dolor es significativo y afecta tu capacidad para participar en actividades de la vida diaria, sería recomendable consultar a un profesional de la salud, como un kinesiólogo o fisioterapeuta, quienes pueden ayudarte a determinar un plan adecuado, que incluya ejercicios específicos y modificado para tu situación.

Recuerda que al realizar cualquier tipo de ejercicio, la progresión gradual en la intensidad y duración es clave, ya que estudios sugieren que un aumento abrupto puede resultar en lesiones. Por lo tanto, es mejor comenzar con actividades de bajo impacto que no agraven el dolor en las rodillas y que cuenten con la supervisión de un profesional.","Fragmento 1 [Doc: 09_La-actividad-fisica-en-el-tratamiento-de-la-obesidad.pdf, chunk: 62, dist: 0.514]:
Las estrategias para reducir el riesgo de lesiones podrían incluir la progresión gradual de la intensidad, la duración y la frecuencia del  ejercicio,  ya  que  algunos  ensayos  informaron  de  un  mayor riesgo  de  eventos  adversos  con  el  aumento  del  volumen  y/o  la intensidad. 7 El  ajuste  adecuado  del  calzado  y  del  equipo  (si procede)  también  puede  ayudar  a  reducir  las  lesiones.  Muchos estudios  sobre  el  ejercicio  también  utilizan  la  experiencia  de profesionales  (por  ejemplo,  kinesiólogos  o  especialistas)  para guiar y supervisar las sesiones. 89,110

## ACTIVIDAD FÍSICA Y EJERCICIO EN PACIENTES SOMETIDOS A CIRUGÍA BARIÁTRICA

---

Fragmento 2 [Doc: 09_La-actividad-fisica-en-el-tratamiento-de-la-obesidad.pdf, chunk: 60, dist: 0.527]:
## RELACIÓN RIESGO-BENEFICIO DE AUMENTAR LA ACTIVIDAD FÍSICA.

Es  importante  tener  en  cuenta  que  la  actividad  física  puede asociarse  a  un  mayor  riesgo  de  lesiones  en  algunos  estudios, pero no en todos. 107,108 En  el  estudio  de  Janney y Jakicic 108 que incluía  datos  de  397  participantes  de  dos  ensayos  distintos,  se prescribió caminar como modo principal de ejercicio durante 150, 200 o 300 minutos/semana. Los participantes fueron hombres y mujeres con un IMC que oscilaba entre 25 y 40 kg/m 2 . Aunque no hubo un mayor riesgo de lesiones en comparación con el control, una  proporción  considerable  de  participantes  (46%)  informó de  alguna  lesión  o  enfermedad.  Solo  el  7%  de  las  lesiones  se asociaron con el ejercicio. Se asoció un IMC más elevado con una mayor probabilidad de sufrir lesiones a lo largo del tiempo, así como de lesionarse antes y durante la intervención. 108

---

Fragmento 3 [Doc: 05_Facilitar-la-participacion-en-las-actividades-de-la-vida-diaria-de-las-personas-con-obesidad.pdf, chunk: 23, dist: 0.537]:
Por  lo  tanto,  el  dolor  agudo  o  crónico  tienen  impactos  negativos en  muchos  aspectos  del  funcionamiento  físico  y,  por  ende,  en el  desempeño  de  las  AVD.  No  sólo  influye  en  el  volumen  del comportamiento  físico,  sino  también  en  la  complejidad  de  los movimientos, 24 puede interferir en la ejecución o participación de las AVD, como, por ejemplo: estudiar o realizar tareas de la casa, calidad del sueño, trabajar fuera de casa, caminar de prisa, estado de ánimo, manejar o utilizar algún transporte, así como en la energía y vitalidad.

La  incapacidad  funcional  ocasionada  por  el  dolor  es  causa  de sufrimiento,  no  sólo  para  los  pacientes,  sino  también,  para sus  familias  y  personas  cercanas,  por  lo  que  la  educación,  la modificación de la conducta y un mayor nivel de actividad física, incluidos ejercicios específicos, son herramientas comunes tanto para la obesidad como para el manejo del dolor. 27

---

Fragmento 4 [Doc: 05_Facilitar-la-participacion-en-las-actividades-de-la-vida-diaria-de-las-personas-con-obesidad.pdf, chunk: 21, dist: 0.552]:
Aptitud física: La aptitud física es importante para las tareas de la vida y la salud cotidiana. En general, la aptitud física es menor en las personas con sobrepeso u obesidad y la pueden mejorar al participar en programas de entrenamiento físico sin centrarse en la pérdida de peso. Los profesionales de la salud deben considerar las  necesidades  y  preferencias  de  la  persona  con  obesidad  a  la hora de asesorar sobre el ejercicio físico. 22

## DOLOR

Existe  una  asociación  significativa  entre  la  grasa  corporal  y  el dolor  musculoesquelético,  particularmente  dolor  generalizado  y en articulaciones como columna lumbar, rodillas y pies, siendo la grasa corporal un mejor indicador de riesgo en comparación con el peso corporal. 23  Además, se ha reportado que el dolor crónico relacionado con la obesidad incluye dolores de cabeza, abdominal, pélvico y neuropático, entre otros. 24

---

Fragmento 5 [Doc: 05_Facilitar-la-participacion-en-las-actividades-de-la-vida-diaria-de-las-personas-con-obesidad.pdf, chunk: 4, dist: 0.553]:
-  Los pacientes que reportan dificultades significativas para participar en las actividades de la vida diaria pueden beneficiarse  de  una  derivación  a  kinesiología,  terapia ocupacional, fisiatría y/o dermatología. 2,3
-  El  personal  de  salud  debe  examinar  el  estado  de  salud de  la  piel  y  heridas  de  los  pacientes,  para  identificar cualquier aspecto preocupante, como puntos de presión, resquebrajamientos o signos de infección. 4
-  El  personal  de  salud  debe  identificar  cuando  el  dolor interfiere  con  las  AVD  en  las  personas  que  viven  con obesidad,  si  el  dolor  es  de  la  columna  lumbar  puede utilizar índice de discapacidad de Oswestry como medida confiable,  válida  y  sensible  para  evaluar  el  grado  de discapacidad ocasionado por él. 5"
51,"En Chile, los medicamentos aprobados para el tratamiento de la obesidad son:

1. **Liraglutida**: un agonista del receptor del péptido similar al glucagón 1 (AR de GLP-1).
2. **Naltrexona/Bupropión**: una combinación que también está indicada para el manejo de la obesidad.
3. **Orlistat**: un inhibidor de la absorción intestinal de grasas.
4. **Fentermina**: una amina simpaticomimética que puede ser utilizada en el tratamiento de la obesidad.

Además, aunque no está disponible en Chile, el análogo GLP-1 **semaglutida** ha sido aprobado en otros países para tratar la obesidad.

Es importante considerar que la selección de un medicamento para la obesidad debe tener en cuenta diversos factores, incluidos los efectos secundarios, la seguridad y la tolerabilidad en relación con las comorbilidades del paciente. (Información extraída del documento sobre farmacoterapia en el tratamiento de la obesidad).","Fragmento 1 [Doc: 07_El-rol-de-la-salud-mental-en-el-tratamiento-de-la-obesidad.pdf, chunk: 36, dist: 0.303]:
## ¿QUÉ TAN EFECTIVAS SON LAS INTERVENCIONES FARMACOLÓGICAS PARA TRATAR LA OBESIDAD EN PACIENTES CON ENFERMEDADES MENTALES?

Actualmente  en  Chile  están  aprobados  para  el  tratamiento  de la  obesidad  la  liraglutida,  un  agonista  del  receptor  del  péptido similar  al  glucagón  1  (AR  de  GLP-1);  la  naltrexona/bupropión; el orlistat, un inhibidor de la absorción intestinal de grasas; y la fentermina, una amina simpaticomimética. Para más información véase el capítulo Farmacoterapia en el tratamiento de la obesidad.

---

Fragmento 2 [Doc: 13_Farmacoterapia-en-el-tratamiento-de-la-obesidad.pdf, chunk: 77, dist: 0.306]:
Una  revisión  reciente  resume  los  medicamentos  que  causan aumento de peso, así como las opciones alternativas. 73

## TRATAMIENTOS EMERGENTES Y TENDENCIAS FUTURAS

Hay medicamentos aprobados para el tratamiento de la obesidad en otros países que actualmente no están disponibles en Chile. También  hay  varios  agentes  en  desarrollo  que  pueden  resultar beneficiosos para el tratamiento de la obesidad.

## FARMACOTERAPIA EMERGENTE CONTRA LA OBESIDAD

El año 2021 fue aprobado en algunos países el uso del análogo GLP-1 semaglutida, en dosis de 2,4 mg para el tratamiento de la obesidad. El medicamento debe ser inyectado por vía subcutánea en el abdomen, muslo o brazo y aumentado en forma gradual cada 4 semanas. Se inicia con 0,25 mg una vez por semana por 4 semanas, aumentando la dosis en intervalos de 4 semanas a 0,5 mg, 1 mg, 1,7 mg y 2,4 mg, para reducir los efectos adversos gastrointestinales.

---

Fragmento 3 [Doc: 13_Farmacoterapia-en-el-tratamiento-de-la-obesidad.pdf, chunk: 4, dist: 0.309]:
## MENSAJES CLAVE PARA LAS PERSONAS CON OBESIDAD

<!-- image -->

-  Los medicamentos para la obesidad pueden ayudar en el control de la obesidad cuando los cambios de estilo de vida por sí solos no han sido eficaces o sostenibles.
-  Los  medicamentos  para  la  obesidad  forman  parte  de  una estrategia de tratamiento a largo plazo. Los ensayos clínicos para la farmacoterapia de la obesidad han demostrado la recuperación del peso cuando se interrumpe el tratamiento activo. 1,2
-  Hay tres  medicamentos  aprobados  por  la  FDA  para el  tratamiento  de  la  obesidad  a  largo  plazo  en  Chile:

## RECOMENDACIONES ADOPTADAS

<!-- image -->

---

Fragmento 4 [Doc: 07_El-rol-de-la-salud-mental-en-el-tratamiento-de-la-obesidad.pdf, chunk: 13, dist: 0.313]:
-  En personas que viven con sobrepeso u obesidad asociado a un trastorno por atracón, los siguientes medicamentos son eficaces para reducir la patología alimentaria y el peso: lisdexanfetamina  y  topiramato.  También  se  han  utilizado antidepresivos  de  segunda  generación:  ISRS,  duloxetina y  bupropión.  Estos  últimos  medicamentos  son  eficaces para tratar la patología alimentaria, pero su efecto sobre la  pérdida  de  peso  es  menos  claro.  Sin  embargo,  en Chile  ninguno de los fármacos mencionados cuenta con aprobación  por  parte  del  ISP  para  esta  indicación,  por tanto, sería un uso fuera de la indicación aprobada.
-  Los pacientes con trastornos mentales comórbidos deben recibir  apoyo  con  terapia  conductual  para  controlar  el peso,  preferiblemente  como  parte  de  una  intervención multimodal.

---

Fragmento 5 [Doc: 13_Farmacoterapia-en-el-tratamiento-de-la-obesidad.pdf, chunk: 12, dist: 0.317]:
Hay varios factores que deben tenerse en cuenta para determinar la elección adecuada de la farmacoterapia para los pacientes con sobrepeso u obesidad. La etiología de la obesidad es compleja y heterogénea. Los factores psicosociales, emocionales y hedónicos que contribuyen a la obesidad deben diagnosticarse y tratarse en los  casos  que  sea  posible.  El  mecanismo  de  acción,  los  efectos secundarios  adversos,  la  seguridad  y  la  tolerabilidad  de  cada agente deben considerarse en el contexto de las comorbilidades de  cada  paciente  y  los  medicamentos  existentes.  El  costo  de los  medicamentos, así como el modo (oral vs. subcutáneo) y la frecuencia  de  administración  pueden  representar  una  barrera para la adherencia de los pacientes y deben conversarse con ellos antes  de  su  empleo"
52,"No dispongo de suficiente información en las guías oficiales para responder a tu pregunta. Sin embargo, puedo proporcionarte información sobre el uso de algunos medicamentos en personas con trastornos por atracón y obesidad, según el contexto. Se ha indicado que medicamentos como la lisdexanfetamina y topiramato son eficaces para reducir la patología alimentaria y el peso, pero es importante destacar que en Chile, ninguno de estos tratamientos tiene aprobación por parte del ISP para esta indicación, lo que implica un uso fuera de la indicación aprobada. También hay antidepresivos de segunda generación cuyo efecto en la pérdida de peso es menos claro.

Es fundamental que cualquier uso de medicamentos para bajar de peso sea supervisado por un profesional de salud, quien evaluará la seguridad y adecuación en cada caso particular. Si te preocupa la seguridad de estos tratamientos, te recomiendo consultar a un médico especialista.","Fragmento 1 [Doc: 07_El-rol-de-la-salud-mental-en-el-tratamiento-de-la-obesidad.pdf, chunk: 13, dist: 0.369]:
-  En personas que viven con sobrepeso u obesidad asociado a un trastorno por atracón, los siguientes medicamentos son eficaces para reducir la patología alimentaria y el peso: lisdexanfetamina  y  topiramato.  También  se  han  utilizado antidepresivos  de  segunda  generación:  ISRS,  duloxetina y  bupropión.  Estos  últimos  medicamentos  son  eficaces para tratar la patología alimentaria, pero su efecto sobre la  pérdida  de  peso  es  menos  claro.  Sin  embargo,  en Chile  ninguno de los fármacos mencionados cuenta con aprobación  por  parte  del  ISP  para  esta  indicación,  por tanto, sería un uso fuera de la indicación aprobada.
-  Los pacientes con trastornos mentales comórbidos deben recibir  apoyo  con  terapia  conductual  para  controlar  el peso,  preferiblemente  como  parte  de  una  intervención multimodal.

---

Fragmento 2 [Doc: 17_Productos-y-programas-comerciales-para-el-control-de-la-obesidad.pdf, chunk: 4, dist: 0.391]:
-  Ninguno de los productos para la pérdida de peso de la industria comercial  que  se  estudiaron  en  ensayos  de  control  aleatorios de  más  de  12  semanas  de  duración,  demostraron  generar una pérdida  de  peso  clínicamente  significativa.  Esto  se  vio  en evidencia internacional ya que no contamos con estudios locales.
-  Existen  algunos  programas  comerciales  en  nuestro  país,  pero no tienen estudios científicos en nuestra población y no se han realizado  revisiones  sistemáticas  sobre  ellos.  Actualmente  no podemos hacer recomendaciones para su uso. Se deben realizar más estudios científicos para ver sus efectos reales en nuestra población.

mantenimiento del peso a largo plazo; un buen perfil de seguridad; y costos razonables.

---

Fragmento 3 [Doc: articulo.pdf, chunk: 4, dist: 0.391]:
-  Ninguno de los productos para la pérdida de peso de la industria comercial  que  se  estudiaron  en  ensayos  de  control  aleatorios de  más  de  12  semanas  de  duración,  demostraron  generar una pérdida  de  peso  clínicamente  significativa.  Esto  se  vio  en evidencia internacional ya que no contamos con estudios locales.
-  Existen  algunos  programas  comerciales  en  nuestro  país,  pero no tienen estudios científicos en nuestra población y no se han realizado  revisiones  sistemáticas  sobre  ellos.  Actualmente  no podemos hacer recomendaciones para su uso. Se deben realizar más estudios científicos para ver sus efectos reales en nuestra población.

mantenimiento del peso a largo plazo; un buen perfil de seguridad; y costos razonables.

---

Fragmento 4 [Doc: 17_Productos-y-programas-comerciales-para-el-control-de-la-obesidad.pdf, chunk: 9, dist: 0.393]:
-  Algunos programas comerciales han demostrado que son efectivos  en  producir  modestas  pérdidas  de  peso.  Estas no siempre son las opciones más adecuadas en todos los casos, pero en general se consideran seguras.
3. Para  las  personas  adultas  que  viven  con  sobrepeso  u obesidad,  existen  algunos  programas  comerciales  que promocionan lograr una pérdida de peso leve a moderada a  corto  o  mediano  plazo, 3 y  una  leve  reducción  de  los valores de hemoglobina glicosilada a corto plazo en adultos con diabetes tipo 2 en comparación con los tratamientos tradicionales. 4,5   Sin embargo, muchos de esos programas no están actualmente disponibles en Chile.

salud, en la que se detalla lo que se debe buscar en un programa de control de la obesidad seguro y satisfactorio, entre otras cosas:

---

Fragmento 5 [Doc: articulo.pdf, chunk: 9, dist: 0.393]:
-  Algunos programas comerciales han demostrado que son efectivos  en  producir  modestas  pérdidas  de  peso.  Estas no siempre son las opciones más adecuadas en todos los casos, pero en general se consideran seguras.
3. Para  las  personas  adultas  que  viven  con  sobrepeso  u obesidad,  existen  algunos  programas  comerciales  que promocionan lograr una pérdida de peso leve a moderada a  corto  o  mediano  plazo, 3 y  una  leve  reducción  de  los valores de hemoglobina glicosilada a corto plazo en adultos con diabetes tipo 2 en comparación con los tratamientos tradicionales. 4,5   Sin embargo, muchos de esos programas no están actualmente disponibles en Chile.

salud, en la que se detalla lo que se debe buscar en un programa de control de la obesidad seguro y satisfactorio, entre otras cosas:"
53,"El orlistat es un derivado semisintético de la lipstatina, aprobado como farmacoterapia para el tratamiento de la obesidad en Chile desde 1998. Su mecanismo de acción consiste en ser un inhibidor de la lipasa pancreática, lo que significa que impide la degradación de los triglicéridos de la dieta en ácidos grasos libres que son absorbibles. Como resultado, aproximadamente el 30% de los triglicéridos ingeridos son eliminados en las deposiciones. Es importante señalar que, a diferencia de otros medicamentos para la obesidad, el orlistat no se dirige específicamente a los mecanismos del apetito o la saciedad (Fuente: Fragmento 3).","Fragmento 1 [Doc: 13_Farmacoterapia-en-el-tratamiento-de-la-obesidad.pdf, chunk: 18, dist: 0.320]:
Orlistat, en una dosis de 120 mg tres veces al día (tomada durante o hasta una hora después de las comidas), está aprobado para la  reducción de peso o la reducción del riesgo de recuperación de este tras una pérdida de peso previa en pacientes con un IMC ≥ 30 kg/m 2  o un IMC ≥ 27 kg/m 2  en presencia de comorbilidades (por ejemplo, hipertensión arterial, diabetes tipo 2, dislipidemia, exceso de grasa visceral). 17

---

Fragmento 2 [Doc: 13_Farmacoterapia-en-el-tratamiento-de-la-obesidad.pdf, chunk: 19, dist: 0.325]:
Una revisión sistemática y un metaanálisis de ensayos controlados aleatorios de orlistat 120 mg tres veces al día llegó a la conclusión de una pérdida de peso media restado el efecto placebo de -2,9% al año. 6  Además, el 54% y el 26% de los pacientes lograron una pérdida de peso ≥ 5% y ≥ 10%, respectivamente, en comparación con el 33% y el 14% del placebo. 6  El orlistat ha demostrado ser eficaz  para  mantener la  pérdida  de  peso  después  de  una  dieta de muy bajo valor energético durante ocho semanas, con menos recuperación de peso con el uso de orlistat en comparación con el placebo durante tres años (4,6 kg frente a 7,0 kg). 7

---

Fragmento 3 [Doc: 13_Farmacoterapia-en-el-tratamiento-de-la-obesidad.pdf, chunk: 17, dist: 0.335]:
## MECANISMO Y EFICACIA DE LA FARMACOTERAPIA APROBADA PARA EL TRATAMIENTO DE LA OBESIDAD

## Orlistat

El  orlistat,  un  derivado  semisintético  de  la  lipstatina,  aprobado como  farmacoterapia  para  el  tratamiento  de  la  obesidad  en Chile con registro vigente por el ISP desde el año 1998 15  (véase la  T abla  1).  Es  un  inhibidor  de  la  lipasa  pancreática  que  inhibe la  degradación  de  los  triglicéridos  de  la  dieta  en  ácidos  grasos libres absorbibles. Como resultado, aproximadamente el 30% de los triglicéridos ingeridos se eliminan en las deposiciones. 16  Hasta la  fecha,  el  orlistat  es  el  único  medicamento  disponible  para  la obesidad que no se dirige específicamente a los mecanismos del apetito o la saciedad.

---

Fragmento 4 [Doc: 13_Farmacoterapia-en-el-tratamiento-de-la-obesidad.pdf, chunk: 23, dist: 0.338]:
La mínima pérdida de peso con orlistat por encima del placebo, así  como  sus  frecuentes  efectos  secundarios  gastrointestinales, limitan su uso como terapia para el tratamiento de la obesidad.

## Liraglutida

La  liraglutida  es  un  análogo  del  péptido  1  similar  al  glucagón (GLP-1) humano de administración diaria por vía subcutánea, que actúa  a  nivel  central  sobre  las  neuronas  pro-opiomelanocortina (POMC)/CART para aumentar los niveles de saciedad y reducir el hambre, además de un efecto transitorio de enlentecimiento del vaciamiento gástrico. 21,22

---

Fragmento 5 [Doc: 13_Farmacoterapia-en-el-tratamiento-de-la-obesidad.pdf, chunk: 20, dist: 0.338]:
El  tratamiento con orlistat se asocia a efectos gastrointestinales adversos  significativos,  entre  los  que  se  incluyen  el  manchado aceitoso y las heces, flatos con secreción, la urgencia fecal y el aumento de la defecación. 6  Estos efectos adversos pueden hacer que  los  pacientes  que  no  reduzcan  la  ingesta  de  grasas  en  la dieta interrumpan el tratamiento. Un análisis a largo plazo de los medicamentos  para  la  obesidad  en  Canadá  demostró  tasas  de persistencia a los seis meses, al año y a los dos años del 18%, 6% y 2% con orlistat, respectivamente. 18"
54,"El semaglutida es un medicamento utilizado en el tratamiento de la obesidad. Es un análogo del péptido 1 similar al glucagón (GLP-1) que se administra por vía subcutánea. En estudios clínicos, su seguridad y eficacia se evaluaron en un grupo considerable de pacientes, donde se observó que los que recibieron semaglutida perdieron en promedio un 14.9% de su peso inicial, en comparación con solo un 2.4% en aquellos que recibieron placebo. Sin embargo, está contraindicado en pacientes con antecedentes personales o familiares de carcinoma medular de tiroides o en aquellos con síndrome de neoplasia endocrina múltiple tipo 2. Además, puede presentar efectos adversos como náuseas, diarrea y vómitos, entre otros, que se reportan en más del 5% de los casos. Esta información proviene del documento ""Farmacoterapia en el tratamiento de la obesidad"".","Fragmento 1 [Doc: 13_Farmacoterapia-en-el-tratamiento-de-la-obesidad.pdf, chunk: 78, dist: 0.304]:
La  seguridad  y  eficacia  de  semaglutida  2,4  mg  se  evaluó  en  4 estudios clínicos de 68 semanas, con más de 2600 pacientes con semaglutida y más de 1500 con placebo. El estudio más grande enroló a sujetos sin diabetes, con edad promedio de 46 años y 74% de sexo femenino. Los sujetos con semaglutida perdieron en promedio un 14.9 % de su peso inicial en comparación a 2.4% en  aquellos  con  placebo.  Sin  embargo,  está  contraindicado  en aquellos  pacientes  con  antecedentes  personales  o  familiares  de carcinoma medular de tiroides o en pacientes con síndrome de neoplasia  endocrina  múltiple  tipo  2.  Los  efectos  adversos  más frecuentes  (&gt;5%)  son  náusea,  diarrea,  vómitos,  constipación, dolor  abdominal,  cefalea,  fatiga,  dispepsia,  mareos,  distensión abdominal,  eructos,  hipoglicemia  en  pacientes  con  diabetes tipo 2, flatulencia, gatroenteritis y reflujo gastroesofágico.

---

Fragmento 2 [Doc: 04_Prevencion-y-reduccion-de-danos-de-la-obesidad-en-personas-adultas.pdf, chunk: 44, dist: 0.476]:
Los estudios del programa LEADER (Liraglutide Effect and Action in  Diabetes)  que  investigaron  la  efectividad  y  seguridad  de liraglutide, demostraron que en monoterapia reduce  (en forma dosis  dependiente)  significativamente  más  que  SU  la  HbA1c (-0,84%  con  1,2mg  y  -1,14%  con  1,8mg  vs  -0,51%  con  SU), con menor riesgo de hipoglicemia (8% vs. 24%) y con efectos favorables  sobre  el  peso  (-2,1  y  2,5Kg.  vs  aumento  de  1,1Kg con SU). En terapia combinada con SU reduce la HbA1c 1,1% vs  placebo  +0,2%,  sin  diferencias  en  el  peso.  Estos  estudios han demostrado que los efectos en la disminución del peso son mantenidos  en  el  tiempo. 74 En  el  caso  de  los  inhibidores  del transportador de sodio-glucosa 2 (i-SGLT2), la pérdida de calorías secundaria a la glucosuria determina que todos los fármacos de esta familia produzcan baja de peso en forma independiente si son usados como monoterapia o asociados

---

Fragmento 3 [Doc: 13_Farmacoterapia-en-el-tratamiento-de-la-obesidad.pdf, chunk: 27, dist: 0.480]:
En  adolescentes  de  entre  12  y  18  años  con  obesidad  (y  el antecedente  de  respuesta  inadecuada  a  cambios  de  estilo  de vida), el uso de liraglutida 3,0 mg (o la dosis máxima tolerada), en conjunto con cambios de estilo de vida, produjo una reducción del IMC de al menos un 5% en un 43,3% de los adolescentes; en comparación con los que recibieron placebo (18,7%), y se observó una reducción del IMC de al menos un 10% en un 26,1% de los adolescentes con liraglutida en comparación con placebo (8,1%) luego de 56 semanas de tratamiento. No se identificaron nuevas advertencias de seguridad. 24

---

Fragmento 4 [Doc: 13_Farmacoterapia-en-el-tratamiento-de-la-obesidad.pdf, chunk: 23, dist: 0.491]:
La mínima pérdida de peso con orlistat por encima del placebo, así  como  sus  frecuentes  efectos  secundarios  gastrointestinales, limitan su uso como terapia para el tratamiento de la obesidad.

## Liraglutida

La  liraglutida  es  un  análogo  del  péptido  1  similar  al  glucagón (GLP-1) humano de administración diaria por vía subcutánea, que actúa  a  nivel  central  sobre  las  neuronas  pro-opiomelanocortina (POMC)/CART para aumentar los niveles de saciedad y reducir el hambre, además de un efecto transitorio de enlentecimiento del vaciamiento gástrico. 21,22

---

Fragmento 5 [Doc: 13_Farmacoterapia-en-el-tratamiento-de-la-obesidad.pdf, chunk: 30, dist: 0.491]:
La  liraglutida  retrasa  el  vaciado  gástrico,  lo  que  puede  afectar a  la  absorción  de  los  medicamentos  orales  administrados  de forma concomitante. No se debe administrar liraglutida durante el embarazo y se debe interrumpir el tratamiento con liraglutida en caso de que una paciente desee quedar embarazada o si se produce un embarazo. Dada la falta de experiencia, no se debe usar durante el periodo de lactancia. En pacientes con diabetes tipo  2  no  se  debe  utilizar  liraglutida  en  combinación  con  otro agonista del receptor de GLP-1. Con el fin de reducir el riesgo de hipoglicemia,  cuando se inicia  el  tratamiento  con  liraglutida  en un paciente diabético tipo 2 se debe ajustar/reducir la dosis de insulina o de secretagogos de insulina (por ejemplo, sulfonilureas) que se administran de forma concomitante.

## Naltrexona/Bupropión"
55,"La cirugía bariátrica está recomendada en los siguientes casos:

1. **Pacientes mayores de 18 años con un índice de masa corporal (IMC) de 35 kg/m²** que presentan al menos una complicación importante relacionada con la obesidad, como diabetes tipo 2, hipertensión, hiperlipidemia, enfermedad del hígado graso no alcohólico, apnea obstructiva del sueño, entre otras.
   
2. **Pacientes con un IMC de 40 kg/m²**, independientemente de la presencia de complicaciones relacionadas con la obesidad.

3. **Pacientes con un IMC entre 30 y 35 kg/m²** que tienen enfermedades relacionadas con la obesidad que no responden adecuadamente al tratamiento médico.

Es importante que la decisión de realizar la cirugía bariátrica sea considerada y discutida en colaboración con un equipo multidisciplinario, teniendo en cuenta los riesgos, beneficios y efectos secundarios. Además, los pacientes deben estar dispuestos a participar en su tratamiento y seguimiento a largo plazo. (Fuente: Fragmento 1, 3 y 4 del documento 15).","Fragmento 1 [Doc: 14_Cirugia-Bariatrica-Seleccion-y-estudio-preoperatorio.pdf, chunk: 11, dist: 0.249]:
La  cirugía  bariátrica  está  indicada  en  pacientes  mayores  de  18 años  con  un  índice  de  masa  corporal  (IMC)  de  35  kg/m²  que presentan al menos una complicación importante relacionada con la obesidad, como diabetes de tipo 2, hipertensión, hiperlipidemia, pseudotumor cerebri, síndrome de hipoventilación por obesidad o  síndrome  de  Pickwickian,  artritis  debilitante,  enfermedad  del hígado  graso  no  alcohólico  o  esteatohepatitis  no  alcohólica, enfermedad arterial coronaria, reflujo grave o apnea obstructiva del sueño. 1 La cirugía bariátrica también está indicada en pacientes con un IMC de 40 kg/m², independientemente de la presencia de complicaciones relacionadas con la obesidad. 6

---

Fragmento 2 [Doc: 15_Cirugia-bariatrica-Opciones-quirurgicas-y-resultados.pdf, chunk: 17, dist: 0.250]:
Todos los pacientes interesados en realizarse una cirugía bariátrica  deben  ser  evaluados  cuidadosamente  por  un  equipo multidisciplinario entrenado y con experiencia en cirugía bariátrica. Los miembros del equipo deben informar a los pacientes sobre los riesgos, los beneficios y las alternativas a la cirugía bariátrica, incluido  el  uso  de  medicamentos  para  el  tratamiento  de  la obesidad.  Los  pacientes  también  deben  comprender  que  luego de una cirugía bariátrica deben mantener controles médicos de por vida para prevenir y corregir posibles deficiencias nutricionales a  largo  plazo.  Las  contraindicaciones  para  la  cirugía  bariátrica incluyen el abuso reciente de sustancias (alcohol, drogas), condiciones  psiquiátricas  no  estables  (es  decir,  cambios  en  la medicación psiquiátrica en los últimos seis meses), un diagnóstico de cáncer o una expectativa de vida inferior a cinco años.

---

Fragmento 3 [Doc: 15_Cirugia-bariatrica-Opciones-quirurgicas-y-resultados.pdf, chunk: 1, dist: 0.259]:
-  La  cirugía  bariátrica  debe  considerarse  para  pacientes con obesidad severa (índice de masa corporal (IMC) ≥35 kg/m 2 ) y enfermedades asociadas, producidas o exacerbadas por la obesidad, o en pacientes con IMC ≥40 kg/m 2  sin necesidad que existan otras enfermedades.
-  La cirugía bariátrica podría considerarse en pacientes con obesidad (IMC ≥30 kg/m 2 ) con enfermedades relacionadas con  la  obesidad  que  no  responden  adecuadamente  al tratamiento médico.
-  La  elección  de  la  cirugía  bariátrica  debe  adaptarse  a  las necesidades  de  los  pacientes,  en  colaboración  con  un equipo  multidisciplinario  y  en  base  a  la  discusión  de  los riesgos, beneficios y efectos secundarios.
-  Actualmente  en  Chile  se  realizan  varios  procedimientos, siendo los más frecuentes la gastrectomía en manga y el bypass gástrico. Durante los últimos años se han realizado de forma cada vez más frecuente cirugías como SADI-S, Santoro, y Manga con Bypass yeyunal, entre otros.

---

Fragmento 4 [Doc: 15_Cirugia-bariatrica-Opciones-quirurgicas-y-resultados.pdf, chunk: 16, dist: 0.269]:
En base a estas guías, los potenciales pacientes deben tener entre 18 y 60 años y estar dispuestos a participar en su tratamiento y seguimiento a largo plazo. Los pacientes con un IMC entre 35 y 40 kg/m² con al menos una enfermedad importante relacionada con la obesidad (por ejemplo, diabetes tipo 2, enfermedad cardíaca, apnea del sueño), o los pacientes con un IMC ≥ 40 kg/m² con o  sin  enfermedades  asociadas,  tienen  indicaciones  potenciales para tener una cirugía bariátrica. Hoy en día, la cirugía bariátrica puede ofrecerse  a  pacientes  con  obesidad  (IMC  ≥  30  kg/m²)  y enfermedad(es) significativa(s) asociada(s) a la obesidad, cuando las  intervenciones  psicológicas,  conductuales  y  el  tratamiento médico son insuficientes para lograr una pérdida de peso óptima y el control de adecuado de estas. 11

---

Fragmento 5 [Doc: 15_Cirugia-bariatrica-Opciones-quirurgicas-y-resultados.pdf, chunk: 3, dist: 0.270]:
-  Para las personas que viven con obesidad severa, la cirugía ofrece  resultados  superiores  a  los  del  mejor  tratamiento médico,  otorgando  una  mejor  calidad  de  vida,  mayor pérdida de peso y durabilidad de ésta a largo plazo, mayor resolución de las enfermedades asociadas como la diabetes de tipo 2, la apnea del sueño, hígado graso e hipertensión arterial, por mencionar algunas.
-  En conjunto, los beneficios descritos anteriormente han  demostrado  aumentar  la  expectativa  de  vida  de  los pacientes sometidos a una cirugía bariátrica.
-  El abordaje laparoscópico debe ser el abordaje quirúrgico de  rutina  salvo  excepciones,  y  se  asocia,  en  centros  de experiencia, a una baja tasa de mortalidad (&lt;0,1%) y a una baja tasa de complicaciones graves (&lt;5%)."
56,"La cirugía bariátrica, como cualquier intervención quirúrgica, conlleva riesgos de complicaciones y mortalidad. Sin embargo, los beneficios en términos de pérdida de peso significativa, control de comorbilidades asociadas y aumento de la expectativa de vida son indiscutibles. Es importante destacar que el riesgo de complicaciones graves y de mortalidad es bajo cuando estas cirugías son realizadas por cirujanos entrenados y en centros acreditados de alto volumen (Doc: 15_Cirugia-bariatrica-Opciones-quirurgicas-y-resultados.pdf, fragmento 1). 

Además, todos los pacientes interesados deben ser evaluados por un equipo multidisciplinario, que les informará sobre los riesgos, beneficios y alternativas a la cirugía (Doc: 15_Cirugia-bariatrica-Opciones-quirurgicas-y-resultados.pdf, fragmento 2). En resumen, si bien hay riesgos asociados, los resultados positivos pueden superar estos riesgos cuando se lleva a cabo un proceso adecuado de preparación y evaluación.","Fragmento 1 [Doc: 15_Cirugia-bariatrica-Opciones-quirurgicas-y-resultados.pdf, chunk: 32, dist: 0.250]:
## Riesgos

En la actualidad, los beneficios de la cirugía bariátrica en términos de  la  magnitud  y  durabilidad  de  la  pérdida  de  peso  inducida, control  y/o  remisión  de  las  comorbilidades  asociadas,  aumento en  la  expectativa  de  vida,  así  como  también  recientemente  su efecto protector de cursar con cuadros graves de COVID-19 son indiscutibles. 28,29  Como cualquier intervención quirúrgica, existen riesgos  de  complicaciones  y  de  mortalidad  asociados  a  estas intervenciones.  Afortunadamente,  el  riesgo  de  complicaciones graves y de mortalidad son bajos cuando estos son realizados por cirujanos entrenados y en centros acreditados de alto volumen.

---

Fragmento 2 [Doc: 15_Cirugia-bariatrica-Opciones-quirurgicas-y-resultados.pdf, chunk: 17, dist: 0.253]:
Todos los pacientes interesados en realizarse una cirugía bariátrica  deben  ser  evaluados  cuidadosamente  por  un  equipo multidisciplinario entrenado y con experiencia en cirugía bariátrica. Los miembros del equipo deben informar a los pacientes sobre los riesgos, los beneficios y las alternativas a la cirugía bariátrica, incluido  el  uso  de  medicamentos  para  el  tratamiento  de  la obesidad.  Los  pacientes  también  deben  comprender  que  luego de una cirugía bariátrica deben mantener controles médicos de por vida para prevenir y corregir posibles deficiencias nutricionales a  largo  plazo.  Las  contraindicaciones  para  la  cirugía  bariátrica incluyen el abuso reciente de sustancias (alcohol, drogas), condiciones  psiquiátricas  no  estables  (es  decir,  cambios  en  la medicación psiquiátrica en los últimos seis meses), un diagnóstico de cáncer o una expectativa de vida inferior a cinco años.

---

Fragmento 3 [Doc: 15_Cirugia-bariatrica-Opciones-quirurgicas-y-resultados.pdf, chunk: 9, dist: 0.279]:
-  Existen diferentes técnicas quirúrgicas (por ejemplo, gastrectomía  en  manga,  bypass  gástrico  y  SADI-S),  con diferentes niveles de eficacia. Debe conversar extensamente con  el  equipo  quirúrgico  antes  de  decidir  qué  opción quirúrgica puede ser la más adecuada para usted.
-  Todas las cirugías pueden generar algunos efectos adversos y riesgos potenciales. Luego de una cirugía va a requerir controles  de  por  vida  con  el  equipo  multidisciplinario, así  como  suplementación  con  minerales  y  vitaminas, y  efectuarse  exámenes  de  laboratorio  rutinariamente. Además, para asegurar los beneficios de la cirugía, deberá mantener en el tiempo sus nuevos hábitos incorporados.
2. La  cirugía  bariátrica  debe  considerarse  en  pacientes  con obesidad de Tipo I (IMC entre 30 y 35 kg/m 2 ) y diabetes tipo 2 con inadecuado control metabólico (Nivel 1a, Grado A), 10  a pesar de un tratamiento médico óptimo.

---

Fragmento 4 [Doc: 14_Cirugia-Bariatrica-Seleccion-y-estudio-preoperatorio.pdf, chunk: 63, dist: 0.284]:
## CONCLUSIÓN

La  cirugía  bariátrica  es  una  intervención  de  tratamiento  de  la obesidad eficaz y que cambia la vida. Hay que tener en cuenta varias  consideraciones  para  preparar  a  un  posible  candidato  a la  cirugía.  La  salud  médica,  mental,  nutricional  y  funcional  del paciente  debe  evaluarse  antes  de  la  cirugía.  Una  vez  que  se han llevado a cabo una evaluación, preparación y optimización adecuadas,  estableciendo  un  perfil de  riesgo perioperatorio aceptable, el paciente puede proceder a la cirugía bariátrica.

<!-- image -->

<!-- image -->

## Referencias

---

Fragmento 5 [Doc: 15_Cirugia-bariatrica-Opciones-quirurgicas-y-resultados.pdf, chunk: 3, dist: 0.291]:
-  Para las personas que viven con obesidad severa, la cirugía ofrece  resultados  superiores  a  los  del  mejor  tratamiento médico,  otorgando  una  mejor  calidad  de  vida,  mayor pérdida de peso y durabilidad de ésta a largo plazo, mayor resolución de las enfermedades asociadas como la diabetes de tipo 2, la apnea del sueño, hígado graso e hipertensión arterial, por mencionar algunas.
-  En conjunto, los beneficios descritos anteriormente han  demostrado  aumentar  la  expectativa  de  vida  de  los pacientes sometidos a una cirugía bariátrica.
-  El abordaje laparoscópico debe ser el abordaje quirúrgico de  rutina  salvo  excepciones,  y  se  asocia,  en  centros  de experiencia, a una baja tasa de mortalidad (&lt;0,1%) y a una baja tasa de complicaciones graves (&lt;5%)."
57,No dispongo de suficiente información en las guías oficiales para responder a tu pregunta.,"Fragmento 1 [Doc: 14_Cirugia-Bariatrica-Seleccion-y-estudio-preoperatorio.pdf, chunk: 23, dist: 0.315]:
Los pacientes que lograron una pérdida de peso corporal superior al 5% en el preoperatorio experimentaron una pérdida de peso más sustancial al año en comparación con los que tuvieron una pérdida de peso menor en el preoperatorio. 25  Sin embargo, los estudios a más largo plazo sobre la pérdida de peso en el preoperatorio no confirieron  ninguna  ventaja  a  los  cuatro  años. 26 En  general,  no hay pruebas convincentes que obliguen a perder peso antes de la cirugía bariátrica para la eficacia a largo plazo del control de peso, sino más bien para la simplicidad técnica de la cirugía. 21

## Terapia de nutrición médica pre-quirúrgica

Muchos protocolos preoperatorios incluyen el uso de una dieta líquida baja en calorías durante dos o tres semanas antes de la cirugía. 27 Las  dietas  bajas  en  calorías  en  Canadá  proporcionan alrededor de 900 calorías por día, que consisten en una ingesta baja en carbohidratos, alta en proteínas y baja en grasas.

---

Fragmento 2 [Doc: 15_Cirugia-bariatrica-Opciones-quirurgicas-y-resultados.pdf, chunk: 39, dist: 0.327]:
## ¿Cuál es el impacto en el peso?

Muchos estudios han confirmado que la pérdida de peso inducida por la cirugía bariátrica es superior a largo plazo a la obtenida con tratamientos  no  quirúrgicos.  Como  regla  general,  sabemos  que a  medida  que  aumenta  el  grado  de  bypass  intestinal,  aumenta la  pérdida  de  peso  y  mejora  el  control  de  las  enfermedades asociadas. De esta manera, el efecto de la banda gástrica ajustable &lt; gastrectomía en manga &lt; bypass gástrico en Y de Roux &lt; switch duodenal. Sin embargo, no existe una comparación directa de estas cuatro  cirugías  en  un  único  ensayo  prospectivo  randomizado.  La tabla 1 resume la pérdida media de peso tras la cirugía.

Uno de los mayores ensayos prospectivos sobre cirugía bariátrica fue realizado en Suecia (Swedish Obesity study, SOS) 1,36  y contó

---

Fragmento 3 [Doc: 16_Cirugia-bariatrica-Tratamiento-postoperatorio.pdf, chunk: 36, dist: 0.330]:
## Recuperación de peso

El  peso  nadir  se  produce  entre  uno  y  dos  años  después  de  la cirugía bariátrica. La pérdida de peso se detiene en parte debido a los cambios adaptativos en el intestino, el cambio de hábitos del paciente y la adaptación metabólica. 35   Después de esto, es normal  esperar  una  cierta  recuperación  de  peso.  Sin  embargo, no  existe  un  número  absoluto  consistente  en  la  literatura  que defina la recuperación de peso patológica después de la cirugía bariátrica. Los estudios que se han llevado a cabo en la población sometida  a  cirugía  bariátrica  muestran  que  la  recuperación  de peso  significativa  (≥  15%  de  aumento  de  la  pérdida  de  peso inicial después de la cirugía bariátrica) se produce en el 25-35% de las personas que se someten a la cirugía entre dos y cinco años después de la fecha de la cirugía inicial. 36

---

Fragmento 4 [Doc: 15_Cirugia-bariatrica-Opciones-quirurgicas-y-resultados.pdf, chunk: 78, dist: 0.333]:
De hecho, la pérdida de peso quirúrgica parece reducir la incidencia de  algunas  formas  de  cáncer  y  la  mortalidad  relacionada  con el  mismo.  En  el  estudio  SOS, 62 el  número  de  nuevos  cánceres diagnosticados desde la inclusión en el estudio fue menor en el grupo de cirugía (n = 117) que en el grupo de control (n = 169; índice 0,67, IC 95% 0,53-0,85, p = 0,0009). La cirugía bariátrica se asoció a una menor incidencia de cáncer en las mujeres con obesidad, pero no logró demostrar una reducción significativa en los hombres que la padecen.

## ¿ESTÁ INDICADA LA CIRUGÍA BARIÁTRICA EN PACIENTES CON OBESIDAD DE GRADO I IMC 30-35 KG/M 2 )?

---

Fragmento 5 [Doc: 14_Cirugia-Bariatrica-Seleccion-y-estudio-preoperatorio.pdf, chunk: 18, dist: 0.342]:
## PREDICTORES DE LA PÉRDIDA DE PESO EXITOSA POSTOPERATORIA

## Cambios de comportamiento

Se  ha  demostrado  que  el  ejercicio  junto  con  los  programas de  control  de  la  obesidad,  mejoran  la  pérdida  de  peso  y  la composición  corporal.  Treinta  minutos  al  día  (o  150  minutos  a la  semana)  de  ejercicio  de  intensidad  moderada  después  de  la cirugía bariátrica se asocian con una pérdida de peso adicional de 3,6 kg en comparación con los individuos que no hacen ejercicio después de la cirugía bariátrica. 17"
58,"La recuperación de peso después de la cirugía bariátrica es un fenómeno que puede ocurrir y es considerado normal en muchos casos. Aunque la cirugía puede resultar en una pérdida de peso significativa, diversos factores pueden influir en la posibilidad de recuperar peso. Es importante destacar que los patrones alimentarios postoperatorios, el ejercicio regular y el apoyo psicológico son cruciales para mantener los resultados a largo plazo.

Los pacientes que experimentan un aumento de peso después de la cirugía pueden sentir que la intervención ha fracasado, lo que puede llevar a sentimientos de culpa y vergüenza. Por ello, es fundamental que los médicos aborden estas preocupaciones y aclaren que cierta recuperación de peso es parte del proceso normal y que se pueden tomar medidas para manejarlo gradualmente.

Es esencial el seguimiento regular con el equipo multidisciplinario y mantener los nuevos hábitos saludables para optimizar los resultados de la cirugía bariátrica. Esta información proviene del fragmento 5 del documento ""Cirugía bariátrica - Tratamiento postoperatorio"".","Fragmento 1 [Doc: 14_Cirugia-Bariatrica-Seleccion-y-estudio-preoperatorio.pdf, chunk: 29, dist: 0.331]:
Un  gran  estudio observacional retrospectivo multicéntrico (n = 106 577) descubrió que el ~6% de los pacientes sometidos a cirugía bariátrica estaban desnutridos y tenían un mayor riesgo de muerte o morbilidad grave (DSM) y tasas de readmisión a los 30 días. 34  Este estudio también descubrió que una pérdida de peso superior al 10% antes de la cirugía se asociaba con tasas nueve veces mayores de DSM en pacientes con desnutrición leve, y 10 veces mayores en aquellos con desnutrición grave. 34  Del mismo modo, un estudio de cohortes retrospectivo concluyó que el 32% de la cohorte de pacientes (n = 533) tenía desnutrición antes de la intervención quirúrgica. 35  Un mayor IMC se asoció con un mayor riesgo de desnutrición; las náuseas y vómitos postoperatorios se asociaron con la desnutrición preoperatoria. 35

---

Fragmento 2 [Doc: 15_Cirugia-bariatrica-Opciones-quirurgicas-y-resultados.pdf, chunk: 9, dist: 0.334]:
-  Existen diferentes técnicas quirúrgicas (por ejemplo, gastrectomía  en  manga,  bypass  gástrico  y  SADI-S),  con diferentes niveles de eficacia. Debe conversar extensamente con  el  equipo  quirúrgico  antes  de  decidir  qué  opción quirúrgica puede ser la más adecuada para usted.
-  Todas las cirugías pueden generar algunos efectos adversos y riesgos potenciales. Luego de una cirugía va a requerir controles  de  por  vida  con  el  equipo  multidisciplinario, así  como  suplementación  con  minerales  y  vitaminas, y  efectuarse  exámenes  de  laboratorio  rutinariamente. Además, para asegurar los beneficios de la cirugía, deberá mantener en el tiempo sus nuevos hábitos incorporados.
2. La  cirugía  bariátrica  debe  considerarse  en  pacientes  con obesidad de Tipo I (IMC entre 30 y 35 kg/m 2 ) y diabetes tipo 2 con inadecuado control metabólico (Nivel 1a, Grado A), 10  a pesar de un tratamiento médico óptimo.

---

Fragmento 3 [Doc: 14_Cirugia-Bariatrica-Seleccion-y-estudio-preoperatorio.pdf, chunk: 18, dist: 0.334]:
## PREDICTORES DE LA PÉRDIDA DE PESO EXITOSA POSTOPERATORIA

## Cambios de comportamiento

Se  ha  demostrado  que  el  ejercicio  junto  con  los  programas de  control  de  la  obesidad,  mejoran  la  pérdida  de  peso  y  la composición  corporal.  Treinta  minutos  al  día  (o  150  minutos  a la  semana)  de  ejercicio  de  intensidad  moderada  después  de  la cirugía bariátrica se asocian con una pérdida de peso adicional de 3,6 kg en comparación con los individuos que no hacen ejercicio después de la cirugía bariátrica. 17

---

Fragmento 4 [Doc: 14_Cirugia-Bariatrica-Seleccion-y-estudio-preoperatorio.pdf, chunk: 20, dist: 0.338]:
Los patrones alimentarios concurrentes de los pacientes pueden desempeñar un papel importante en el efecto de la pérdida de peso  postoperatoria.  Además,  los  traumas  del  pasado  también pueden  influir  en  los  resultados  de  la  pérdida  de  peso  tras  la cirugía bariátrica. La presencia de una historia de trastorno por atracón o una historia previa de abuso sexual no pareció predecir la diferencia en los resultados de pérdida de peso a los dos años después  de  la  cirugía  bariátrica,  pero  esta  área  sigue  siendo controversial y requiere más estudios. 19

## Pérdida de peso preoperatoria

---

Fragmento 5 [Doc: 16_Cirugia-bariatrica-Tratamiento-postoperatorio.pdf, chunk: 40, dist: 0.340]:
Antes de la cirugía bariátrica, es importante detectar y tratar los trastornos de alimentación asociados a la obesidad, compensar las patologías psiquiátricas y explicar la evolución que tendrá la baja de peso para generar expectativas realistas y reducir la ansiedad cuando el peso se estabilice y posteriormente cuando sea difícil mantener el peso perdido. Los pacientes que experimentan una recuperación de peso pueden percibir que la cirugía ha fracasado, o pueden entrar en un ciclo de impotencia culpándose a sí mismos y sintiéndose avergonzados. Es importante que los médicos mitiguen estos sentimientos explicando que es normal que se recupere algo de peso después de la cirugía bariátrica, y que luego se proceda de forma gradual para abordar el problema. Se sugieren los siguientes pasos para abordar la recuperación de peso:"
59,"Los medicamentos para la obesidad pueden ser útiles en el control de la misma, especialmente cuando los cambios de estilo de vida, como la dieta y el ejercicio, no han sido eficaces o sostenibles por sí solos. Sin embargo, es esencial señalar que estos fármacos forman parte de una estrategia de tratamiento a largo plazo y no deben considerarse un sustituto de las modificaciones en el estilo de vida. La combinación de farmacoterapia y cambios en la dieta es generalmente más efectiva para lograr y mantener la pérdida de peso (Fragmento 1, Doc: 13_Farmacoterapia-en-el-tratamiento-de-la-obesidad.pdf). 

Por lo tanto, aunque los medicamentos pueden ayudar, su eficacia se maximiza cuando se utilizan junto con una alimentación saludable y actividad física.","Fragmento 1 [Doc: 13_Farmacoterapia-en-el-tratamiento-de-la-obesidad.pdf, chunk: 4, dist: 0.443]:
## MENSAJES CLAVE PARA LAS PERSONAS CON OBESIDAD

<!-- image -->

-  Los medicamentos para la obesidad pueden ayudar en el control de la obesidad cuando los cambios de estilo de vida por sí solos no han sido eficaces o sostenibles.
-  Los  medicamentos  para  la  obesidad  forman  parte  de  una estrategia de tratamiento a largo plazo. Los ensayos clínicos para la farmacoterapia de la obesidad han demostrado la recuperación del peso cuando se interrumpe el tratamiento activo. 1,2
-  Hay tres  medicamentos  aprobados  por  la  FDA  para el  tratamiento  de  la  obesidad  a  largo  plazo  en  Chile:

## RECOMENDACIONES ADOPTADAS

<!-- image -->

---

Fragmento 2 [Doc: 07_El-rol-de-la-salud-mental-en-el-tratamiento-de-la-obesidad.pdf, chunk: 13, dist: 0.450]:
-  En personas que viven con sobrepeso u obesidad asociado a un trastorno por atracón, los siguientes medicamentos son eficaces para reducir la patología alimentaria y el peso: lisdexanfetamina  y  topiramato.  También  se  han  utilizado antidepresivos  de  segunda  generación:  ISRS,  duloxetina y  bupropión.  Estos  últimos  medicamentos  son  eficaces para tratar la patología alimentaria, pero su efecto sobre la  pérdida  de  peso  es  menos  claro.  Sin  embargo,  en Chile  ninguno de los fármacos mencionados cuenta con aprobación  por  parte  del  ISP  para  esta  indicación,  por tanto, sería un uso fuera de la indicación aprobada.
-  Los pacientes con trastornos mentales comórbidos deben recibir  apoyo  con  terapia  conductual  para  controlar  el peso,  preferiblemente  como  parte  de  una  intervención multimodal.

---

Fragmento 3 [Doc: 13_Farmacoterapia-en-el-tratamiento-de-la-obesidad.pdf, chunk: 75, dist: 0.451]:
## MEDICAMENTOS CON DATOS INSUFICIENTES PARA EL TRATAMIENTO DE LA OBESIDAD

Reconocemos que a veces se utilizan diversos enfoques farmacoterapéuticos  no  aprobados  en  el  ámbito  clínico  en  un intento de ayudar a controlar la obesidad. Basándonos en nuestra revisión de la literatura, no hay evidencia suficiente que avale el uso  de  farmacoterapias  o  estrategias  de  tratamiento  hormonal (por ejemplo, testosterona, hormona tiroidea).

Dos  ensayos  separados,  aleatorios  y  controlados  con  placebo, evaluaron la eficacia del topiramato en la pérdida de peso entre pacientes con obesidad y diabetes tipo 2 durante 24-40 semanas. Estos  ensayos  demostraron  una  pérdida  de  peso  clínicamente significativa del 4,5% al 6,6% y del 6,5% al 9,1% en el grupo de 96 mg/día y en el de 192 mg/día, respectivamente, en comparación con pérdidas de peso del 1,7% al 2,5% en los grupos de placebo. 71,72

---

Fragmento 4 [Doc: 15_Cirugia-bariatrica-Opciones-quirurgicas-y-resultados.pdf, chunk: 67, dist: 0.456]:
.  El  tratamiento  médico para  la  pérdida  de  peso  con  fármacos,  nutrición,  ejercicio  y otras intervenciones psicológicas/conductuales tiene una eficacia limitada, especialmente en las personas con obesidad severa.

---

Fragmento 5 [Doc: 16_Cirugia-bariatrica-Tratamiento-postoperatorio.pdf, chunk: 44, dist: 0.473]:
## Medicamentos

Tras  la  cirugía  bariátrica  y  la  consiguiente  pérdida  de  peso, muchos  estudios  demuestran  una  reducción  de  la  medicación para la diabetes, la dislipidemia y los agentes cardiovasculares y antihipertensivos. Hay un número limitado de publicaciones que se  centran  en  la  farmacodinámica  de  los  medicamentos  en  el postoperatorio (Tabla 4). En última instancia, sigue habiendo una gran variación interindividual y la dosis de un medicamento debe ajustarse individualmente según los efectos terapéuticos."
60,No dispongo de suficiente información en las guías oficiales para responder a tu pregunta.,"Fragmento 1 [Doc: 07_El-rol-de-la-salud-mental-en-el-tratamiento-de-la-obesidad.pdf, chunk: 13, dist: 0.383]:
-  En personas que viven con sobrepeso u obesidad asociado a un trastorno por atracón, los siguientes medicamentos son eficaces para reducir la patología alimentaria y el peso: lisdexanfetamina  y  topiramato.  También  se  han  utilizado antidepresivos  de  segunda  generación:  ISRS,  duloxetina y  bupropión.  Estos  últimos  medicamentos  son  eficaces para tratar la patología alimentaria, pero su efecto sobre la  pérdida  de  peso  es  menos  claro.  Sin  embargo,  en Chile  ninguno de los fármacos mencionados cuenta con aprobación  por  parte  del  ISP  para  esta  indicación,  por tanto, sería un uso fuera de la indicación aprobada.
-  Los pacientes con trastornos mentales comórbidos deben recibir  apoyo  con  terapia  conductual  para  controlar  el peso,  preferiblemente  como  parte  de  una  intervención multimodal.

---

Fragmento 2 [Doc: 13_Farmacoterapia-en-el-tratamiento-de-la-obesidad.pdf, chunk: 7, dist: 0.420]:
liraglutida 3,0 mg, la combinación de naltrexona/ bupropión en un comprimido combinado y orlistat. Estos medicamentos pueden ayudar a conseguir y mantener una pérdida de peso del 5% al 10%, y también a mejorar las complicaciones de salud asociadas al exceso de peso. Los tres  fármacos cuentan con registro vigente por el ISP en Chile. Adicionalmente, en Chile se encuentra la fentermina, aprobada para el uso continuo por un periodo de solo 12 semanas.

-  Los  medicamentos  que  no  están  aprobados  para  el tratamiento  de  la  obesidad  pueden  no  ser  seguros  o eficaces y deben evitarse.

implementación  de  medidas  de  cambios  del  estilo  de vida  saludable,  para  lograr  bajar  de  peso  y  alcanzar  una mejoría del control metabólico: liraglutida 3.0 mg (Nivel 1a, Grado A), 8  combinación de naltrexona/bupropion (Nivel 2a, Grado B) 9 u orlistat (Nivel 2a, Grado B). 10

---

Fragmento 3 [Doc: 13_Farmacoterapia-en-el-tratamiento-de-la-obesidad.pdf, chunk: 1, dist: 0.438]:
## MENSAJES CLAVE PARA EL PERSONAL DE SALUD

<!-- image -->

-  No recomendamos para el tratamiento de la obesidad el uso de medicamentos que no hayan sido aprobados por el Instituto de Salud Pública de Chile (ISP) para el manejo específico de esta patología.
-  Los medicamentos  aprobados  para  el manejo  de  la obesidad en Chile, en conjunto con el manejo conductual, son cuatro: liraglutida 3.0 mg, naltrexona/bupropión (Contrave®), orlistat y fentermina. Los tres primeros han demostrado ser efectivos en producir baja de peso superior a placebo por al menos un año. En algunos países existe actualmente la posibilidad de usar semaglutida 2.4 mg y la combinación de fentermina con topiramato de liberación prolongada, ambos aprobados por la FDA, ninguno de los cuales se encuentra disponible aún en Chile.
-  La respuesta a los distintos medicamentos para el manejo de la obesidad es heterogénea, variando en cada paciente.

## Cómo citar este documento

---

Fragmento 4 [Doc: 13_Farmacoterapia-en-el-tratamiento-de-la-obesidad.pdf, chunk: 4, dist: 0.443]:
## MENSAJES CLAVE PARA LAS PERSONAS CON OBESIDAD

<!-- image -->

-  Los medicamentos para la obesidad pueden ayudar en el control de la obesidad cuando los cambios de estilo de vida por sí solos no han sido eficaces o sostenibles.
-  Los  medicamentos  para  la  obesidad  forman  parte  de  una estrategia de tratamiento a largo plazo. Los ensayos clínicos para la farmacoterapia de la obesidad han demostrado la recuperación del peso cuando se interrumpe el tratamiento activo. 1,2
-  Hay tres  medicamentos  aprobados  por  la  FDA  para el  tratamiento  de  la  obesidad  a  largo  plazo  en  Chile:

## RECOMENDACIONES ADOPTADAS

<!-- image -->

---

Fragmento 5 [Doc: 13_Farmacoterapia-en-el-tratamiento-de-la-obesidad.pdf, chunk: 75, dist: 0.452]:
## MEDICAMENTOS CON DATOS INSUFICIENTES PARA EL TRATAMIENTO DE LA OBESIDAD

Reconocemos que a veces se utilizan diversos enfoques farmacoterapéuticos  no  aprobados  en  el  ámbito  clínico  en  un intento de ayudar a controlar la obesidad. Basándonos en nuestra revisión de la literatura, no hay evidencia suficiente que avale el uso  de  farmacoterapias  o  estrategias  de  tratamiento  hormonal (por ejemplo, testosterona, hormona tiroidea).

Dos  ensayos  separados,  aleatorios  y  controlados  con  placebo, evaluaron la eficacia del topiramato en la pérdida de peso entre pacientes con obesidad y diabetes tipo 2 durante 24-40 semanas. Estos  ensayos  demostraron  una  pérdida  de  peso  clínicamente significativa del 4,5% al 6,6% y del 6,5% al 9,1% en el grupo de 96 mg/día y en el de 192 mg/día, respectivamente, en comparación con pérdidas de peso del 1,7% al 2,5% en los grupos de placebo. 71,72"
61,"Los efectos secundarios más comunes de los fármacos utilizados para el tratamiento de la obesidad incluyen boca seca, insomnio y estimulación del sistema nervioso central. Además, hay una principal precaución relacionada con el abuso y la dependencia de algunos de estos medicamentos. Esta información proviene del documento 13_Farmacoterapia-en-el-tratamiento-de-la-obesidad.pdf. Es importante que cualquier paciente discuta estos aspectos con su profesional de la salud antes de iniciar la farmacoterapia.","Fragmento 1 [Doc: 13_Farmacoterapia-en-el-tratamiento-de-la-obesidad.pdf, chunk: 12, dist: 0.301]:
Hay varios factores que deben tenerse en cuenta para determinar la elección adecuada de la farmacoterapia para los pacientes con sobrepeso u obesidad. La etiología de la obesidad es compleja y heterogénea. Los factores psicosociales, emocionales y hedónicos que contribuyen a la obesidad deben diagnosticarse y tratarse en los  casos  que  sea  posible.  El  mecanismo  de  acción,  los  efectos secundarios  adversos,  la  seguridad  y  la  tolerabilidad  de  cada agente deben considerarse en el contexto de las comorbilidades de  cada  paciente  y  los  medicamentos  existentes.  El  costo  de los  medicamentos, así como el modo (oral vs. subcutáneo) y la frecuencia  de  administración  pueden  representar  una  barrera para la adherencia de los pacientes y deben conversarse con ellos antes  de  su  empleo

---

Fragmento 2 [Doc: 13_Farmacoterapia-en-el-tratamiento-de-la-obesidad.pdf, chunk: 44, dist: 0.327]:
Los  efectos  adversos  más  comunes  son:  boca  seca,  insomnio  y estimulación del sistema nervioso central. 45 La principal precaución y advertencia se relaciona con abuso y dependencia. 48

## Otros tratamientos:

La combinación  de  fentermina  y  topiramato  (de  liberación controlada) está aprobada para la obesidad en algunos países. El mecanismo por el cual el topiramato induce la pérdida de peso no está claro y puede implicar múltiples vías. Al año, se observó una pérdida de peso del -6,6% restado el efecto placebo con la dosis más baja de 7,5 mg/46 mg, y del -8,6% con la dosis más alta de 15 mg/92 mg. 49  El topiramato de liberación prolongada no se encuentra disponible en Chile ni tampoco la combinación de este fármaco con fentermina.

## EFICACIA DE LA FARMACOTERAPIA EN LOS PARÁMETROS DE SALUD

## Prevención de la diabetes tipo 2

---

Fragmento 3 [Doc: 07_El-rol-de-la-salud-mental-en-el-tratamiento-de-la-obesidad.pdf, chunk: 36, dist: 0.338]:
## ¿QUÉ TAN EFECTIVAS SON LAS INTERVENCIONES FARMACOLÓGICAS PARA TRATAR LA OBESIDAD EN PACIENTES CON ENFERMEDADES MENTALES?

Actualmente  en  Chile  están  aprobados  para  el  tratamiento  de la  obesidad  la  liraglutida,  un  agonista  del  receptor  del  péptido similar  al  glucagón  1  (AR  de  GLP-1);  la  naltrexona/bupropión; el orlistat, un inhibidor de la absorción intestinal de grasas; y la fentermina, una amina simpaticomimética. Para más información véase el capítulo Farmacoterapia en el tratamiento de la obesidad.

---

Fragmento 4 [Doc: 04_Prevencion-y-reduccion-de-danos-de-la-obesidad-en-personas-adultas.pdf, chunk: 2, dist: 0.341]:
-  Muchos medicamentos pueden generar incremento de peso y consecuentemente sobrepeso u obesidad a largo plazo.

---

Fragmento 5 [Doc: 11_La-atencion-y-asistencia-primaria-en-el-manejo-de-la-obesidad.pdf, chunk: 41, dist: 0.343]:
Estos son solamente algunos de los medicamentos implicados en el aumento de peso. Wharton et al. proporcionaron una visión más completa de los medicamentos disponibles que tienen una mayor propensión a causar un aumento de peso, con estimaciones de su efecto sobre el mismo, y alternativas que, en cambio, promueven resultados más favorables. 34  Las clases de medicamentos en este estudio  incluyen  antipsicóticos,  estabilizadores  del  estado  de ánimo,  antidepresivos,  antihiperglucémicos,  antihipertensivos  y corticosteroides. Los autores animan a los médicos a discutir con los  pacientes  los  efectos  secundarios  relacionados  con  el  peso de  las  distintas  opciones  de  medicación  para  ayudar  a  facilitar las  decisiones  terapéuticas  centradas  en  el  paciente  (toma  de decisiones  compartida),  así  como  a  manejar  las  expectativas relacionadas con el peso. 34"
62,"La acupuntura se ha propuesto como un método que podría influir en la regulación de los neuropéptidos relacionados con el peso y en las adipoquinas. Algunas revisiones sistemáticas han mostrado conclusiones positivas, como una pérdida de peso promedio de 1,9 kg y su seguridad. Además, se ha indicado que la combinación de acupuntura y modificación del estilo de vida es más eficaz que la modificación del estilo de vida por sí sola.

Sin embargo, es importante señalar que la calidad de los ensayos sobre este tema ha sido considerada baja, lo que limita la capacidad de hacer afirmaciones concluyentes. Además, la acupuntura, por sí sola, no se ha encontrado más eficaz que la acupuntura simulada. Finalmente, la eficacia de la acupuntura se ha observado principalmente en personas con sobrepeso, no en aquellas con obesidad.

Por lo tanto, mientras que hay algunos indicios de que la acupuntura puede ayudar en la pérdida de peso, se requieren más estudios rigurosos y de largo plazo para confirmar su eficacia. (Fuente: Doc: 17_Productos-y-programas-comerciales-para-el-control-de-la-obesidad.pdf)","Fragmento 1 [Doc: 17_Productos-y-programas-comerciales-para-el-control-de-la-obesidad.pdf, chunk: 21, dist: 0.273]:
## ACUPUNTURA

La  acupuntura  consiste  en  la  inserción  de  agujas  en  diferentes partes  de  la  piel.  Se  ha  propuesto  que  la  acupuntura  afecta  a la  regulación  de  los  neuropéptidos  del  sistema  nervioso  central relacionados  con  el  peso, 27 así  como  a  las  adipoquinas. 28 Se han  realizado múltiples revisiones sistemáticas para evaluar los  beneficios  de  la  acupuntura.  Aunque  algunos  llegaron  a conclusiones positivas (incluido uno que informó de una pérdida de  peso  de  1,9  kg, 29 otro  que  señaló  que  la  acupuntura  era segura 30  y otro sobre que fue más eficaz que la modificación del estilo de vida por sí sola. 31

---

Fragmento 2 [Doc: articulo.pdf, chunk: 21, dist: 0.273]:
## ACUPUNTURA

La  acupuntura  consiste  en  la  inserción  de  agujas  en  diferentes partes  de  la  piel.  Se  ha  propuesto  que  la  acupuntura  afecta  a la  regulación  de  los  neuropéptidos  del  sistema  nervioso  central relacionados  con  el  peso, 27 así  como  a  las  adipoquinas. 28 Se han  realizado múltiples revisiones sistemáticas para evaluar los  beneficios  de  la  acupuntura.  Aunque  algunos  llegaron  a conclusiones positivas (incluido uno que informó de una pérdida de  peso  de  1,9  kg, 29 otro  que  señaló  que  la  acupuntura  era segura 30  y otro sobre que fue más eficaz que la modificación del estilo de vida por sí sola. 31

---

Fragmento 3 [Doc: 17_Productos-y-programas-comerciales-para-el-control-de-la-obesidad.pdf, chunk: 22, dist: 0.409]:
La opinión generalizada es que la calidad de los ensayos incluidos era  baja,  lo  que  limita  sus  capacidades  concluyentes,  y  que  se necesitan  estudios  rigurosos,  metodológicamente  sólidos  y  a largo plazo. La revisión sistemática más reciente sobre este tema descubrió:  i)  que  la  acupuntura  más  la  modificación  del  estilo de vida era más eficaz que la modificación del estilo de vida por sí  sola;  ii)  que  la  acupuntura  por  sí  sola  no  era  más  eficaz  que la  acupuntura  simulada  por  sí  sola;  y  iii)  cuando  se  estratificó por IMC, se descubrió que la acupuntura era eficaz sólo en las personas con sobrepeso y no en las que tenían obesidad. 32

Más información: info@ifsochile.cl

<!-- image -->

<!-- image -->

<!-- image -->

<!-- image -->

## CRIOLIPÓLISIS

---

Fragmento 4 [Doc: articulo.pdf, chunk: 22, dist: 0.409]:
La opinión generalizada es que la calidad de los ensayos incluidos era  baja,  lo  que  limita  sus  capacidades  concluyentes,  y  que  se necesitan  estudios  rigurosos,  metodológicamente  sólidos  y  a largo plazo. La revisión sistemática más reciente sobre este tema descubrió:  i)  que  la  acupuntura  más  la  modificación  del  estilo de vida era más eficaz que la modificación del estilo de vida por sí  sola;  ii)  que  la  acupuntura  por  sí  sola  no  era  más  eficaz  que la  acupuntura  simulada  por  sí  sola;  y  iii)  cuando  se  estratificó por IMC, se descubrió que la acupuntura era eficaz sólo en las personas con sobrepeso y no en las que tenían obesidad. 32

Más información: info@ifsochile.cl

<!-- image -->

<!-- image -->

<!-- image -->

<!-- image -->

## CRIOLIPÓLISIS

---

Fragmento 5 [Doc: articulo.pdf, chunk: 20, dist: 0.478]:
## GLUCOMANANO

El  glucomanano es una fibra soluble que se cree que retrasa el vaciado  gástrico  y,  a  su  vez,  aumenta  la  saciedad  y  reduce  la ingesta de alimentos. 25  Una reciente revisión sistemática de seis breves ensayos aleatorios de control llegó a la conclusión de que había datos limitados que apoyaban que la suplementación con glucomanano podía ayudar a reducir el peso, pero no el índice de masa corporal. 26

## ACUPUNTURA"
63,No dispongo de suficiente información en las guías oficiales para responder a tu pregunta.,"Fragmento 1 [Doc: 13_Farmacoterapia-en-el-tratamiento-de-la-obesidad.pdf, chunk: 70, dist: 0.387]:
El efecto de la farmacoterapia contra la obesidad en la osteoartritis no se ha estudiado adecuadamente.

## Salud mental y calidad de vida

La  elección  de  los  agentes  para  tratar  los  problemas  de  salud mental (por ejemplo, depresión, psicosis) debe tener en cuenta el efecto sobre el peso. La farmacoterapia para el trastorno por atracón  y  el  trastorno  por  déficit  de  atención  e  hiperactividad también debe tomar en consideración el efecto sobre el peso.

Aunque la relación entre la salud mental y la obesidad es compleja, la mayoría de los estudios demuestran que el éxito del tratamiento de la obesidad se asocia a una mejora de los parámetros de salud mental. La pérdida de peso se asocia con una mejor calidad de vida en algunos ensayos de pérdida de peso, pero no en todos. Como la mayoría de los medicamentos contra la obesidad actúan en el cerebro, es importante determinar su efecto y seguridad en los parámetros de salud mental.

---

Fragmento 2 [Doc: 13_Farmacoterapia-en-el-tratamiento-de-la-obesidad.pdf, chunk: 75, dist: 0.408]:
## MEDICAMENTOS CON DATOS INSUFICIENTES PARA EL TRATAMIENTO DE LA OBESIDAD

Reconocemos que a veces se utilizan diversos enfoques farmacoterapéuticos  no  aprobados  en  el  ámbito  clínico  en  un intento de ayudar a controlar la obesidad. Basándonos en nuestra revisión de la literatura, no hay evidencia suficiente que avale el uso  de  farmacoterapias  o  estrategias  de  tratamiento  hormonal (por ejemplo, testosterona, hormona tiroidea).

Dos  ensayos  separados,  aleatorios  y  controlados  con  placebo, evaluaron la eficacia del topiramato en la pérdida de peso entre pacientes con obesidad y diabetes tipo 2 durante 24-40 semanas. Estos  ensayos  demostraron  una  pérdida  de  peso  clínicamente significativa del 4,5% al 6,6% y del 6,5% al 9,1% en el grupo de 96 mg/día y en el de 192 mg/día, respectivamente, en comparación con pérdidas de peso del 1,7% al 2,5% en los grupos de placebo. 71,72

---

Fragmento 3 [Doc: 08_Terapia-de-nutricion-medica-de-la-obesidad.pdf, chunk: 29, dist: 0.412]:
Las intervenciones nutricionales tradicionales para tratar la obesidad  se  han  concentrado  en  estrategias  que  promueven la  pérdida  de  peso  mediante  una  dieta  restrictiva.  Aunque es  necesario  un  déficit  calórico  para  empezar  a  perder  peso, mantenerlo puede ser difícil a largo plazo debido a los mecanismos de  compensación  que  estimulan  la  ingesta  de  calorías  a  través del aumento del hambre y el deseo de comer. 64-66  El personal de salud, los formuladores de políticas, los pacientes y el público en general han de saber que las intervenciones nutricionales afectan a  cada  persona  de  forma  diferente  y  que,  por  tanto,  no  existe un enfoque o una intervención nutricional único que sea el más adecuado. 67

---

Fragmento 4 [Doc: 13_Farmacoterapia-en-el-tratamiento-de-la-obesidad.pdf, chunk: 12, dist: 0.415]:
Hay varios factores que deben tenerse en cuenta para determinar la elección adecuada de la farmacoterapia para los pacientes con sobrepeso u obesidad. La etiología de la obesidad es compleja y heterogénea. Los factores psicosociales, emocionales y hedónicos que contribuyen a la obesidad deben diagnosticarse y tratarse en los  casos  que  sea  posible.  El  mecanismo  de  acción,  los  efectos secundarios  adversos,  la  seguridad  y  la  tolerabilidad  de  cada agente deben considerarse en el contexto de las comorbilidades de  cada  paciente  y  los  medicamentos  existentes.  El  costo  de los  medicamentos, así como el modo (oral vs. subcutáneo) y la frecuencia  de  administración  pueden  representar  una  barrera para la adherencia de los pacientes y deben conversarse con ellos antes  de  su  empleo

---

Fragmento 5 [Doc: 13_Farmacoterapia-en-el-tratamiento-de-la-obesidad.pdf, chunk: 79, dist: 0.418]:
Se  están  estudiando  múltiples  opciones  de  tratamiento,  que incluyen monoterapia o combinaciones de varias hormonas (por ejemplo,  GLP-1,  GIP ,  glucagón,  oxintomodulina,  amilina,  PYY336).  Se  prevé  que  la  administración  de  combinaciones  de  estas hormonas  será  beneficiosa  para  abordar  la  fisiología  hormonal altamente redundante que defiende el peso corporal

Tabla 1: Farmacoterapia en el tratamiento de la obesidad"
64,"No dispongo de suficiente información en las guías oficiales para responder a tu pregunta. Sin embargo, es importante señalar que muchos suplementos para perder peso han mostrado estar adulterados y pueden contener medicamentos de prescripción, lo que puede implicar riesgos para la salud. Además, revisiones sobre componentes como el té verde y el picolinato de cromo no han demostrado eficacia clínica en la pérdida de peso ni en el mantenimiento de la misma. Es recomendable tener precaución con el uso de suplementos y consultar con un profesional de la salud para explorar estrategias seguras y efectivas para el manejo de la obesidad.","Fragmento 1 [Doc: articulo.pdf, chunk: 12, dist: 0.507]:
## PRODUCTOS COMERCIALES

Tal  vez  los  productos  y  servicios  más  disponibles  que  supuestamente ayudan  a  tratar  la  obesidad  sean  los  suplementos  para  perder peso. Estos productos abundan en las farmacias y en las tiendas de  barrio  de  todo  el  país.  También  es  importante  señalar  que cada vez hay más pruebas de que muchos suplementos dietéticos están adulterados. En el caso del tratamiento de la obesidad, se ha  descubierto  que  los  suplementos  contienen  medicamentos de  prescripción  contra  la  obesidad,  y  a  menudo  son  objeto  de retiradas y alertas de seguridad.

---

Fragmento 2 [Doc: 17_Productos-y-programas-comerciales-para-el-control-de-la-obesidad.pdf, chunk: 12, dist: 0.508]:
## PRODUCTOS COMERCIALES

Tal  vez  los  productos  y  servicios  más  disponibles  que  supuestamente ayudan  a  tratar  la  obesidad  sean  los  suplementos  para  perder peso. Estos productos abundan en las farmacias y en las tiendas de  barrio  de  todo  el  país.  También  es  importante  señalar  que cada vez hay más pruebas de que muchos suplementos dietéticos están adulterados. En el caso del tratamiento de la obesidad, se ha  descubierto  que  los  suplementos  contienen  medicamentos de  prescripción  contra  la  obesidad,  y  a  menudo  son  objeto  de retiradas y alertas de seguridad.

---

Fragmento 3 [Doc: 17_Productos-y-programas-comerciales-para-el-control-de-la-obesidad.pdf, chunk: 17, dist: 0.512]:
## EXTRACTO DE TÉ VERDE

Los  componentes  bioactivos  del  té  verde  son  sus  polifenoles (catequinas), cuyo principal mecanismo de acción propuesto consiste en aumentar el gasto energético y la oxidación de las grasas. 15 Las revisiones  de  las  catequinas  del  té  verde  en  el  tratamiento  de  la obesidad no han demostrado eficacia clínica ni con la pérdida de peso 15 ni con el mantenimiento de la pérdida de peso. 16

## PICOLINATO DE CROMO

Se dice que el picolinato de cromo estimula los neurotransmisores responsables de las conductas alimentarias 17 mejorando el metabolismo de la glucosa y la sensibilidad a la insulina. 18   Una revisión  Cochrane  de  2013  concluyó  que  no  existían  pruebas actuales y fiables para fundamentar las decisiones terapéuticas en cuanto al uso o la seguridad de los suplementos de picolinato de cromo para el tratamiento de la obesidad. 19

## QUITOSANO (CHITOSAN)

---

Fragmento 4 [Doc: articulo.pdf, chunk: 17, dist: 0.512]:
## EXTRACTO DE TÉ VERDE

Los  componentes  bioactivos  del  té  verde  son  sus  polifenoles (catequinas), cuyo principal mecanismo de acción propuesto consiste en aumentar el gasto energético y la oxidación de las grasas. 15 Las revisiones  de  las  catequinas  del  té  verde  en  el  tratamiento  de  la obesidad no han demostrado eficacia clínica ni con la pérdida de peso 15 ni con el mantenimiento de la pérdida de peso. 16

## PICOLINATO DE CROMO

Se dice que el picolinato de cromo estimula los neurotransmisores responsables de las conductas alimentarias 17 mejorando el metabolismo de la glucosa y la sensibilidad a la insulina. 18   Una revisión  Cochrane  de  2013  concluyó  que  no  existían  pruebas actuales y fiables para fundamentar las decisiones terapéuticas en cuanto al uso o la seguridad de los suplementos de picolinato de cromo para el tratamiento de la obesidad. 19

## QUITOSANO (CHITOSAN)

---

Fragmento 5 [Doc: 09_La-actividad-fisica-en-el-tratamiento-de-la-obesidad.pdf, chunk: 20, dist: 0.524]:
Por lo tanto, existen evidencias de calidad para recomendar que el  ejercicio  aeróbico  regular  de  intensidad  moderada  y/o  HIIT reducen eficazmente la grasa visceral  abdominal.  Sin  embargo, las evidencias sobre el efecto del ejercicio por sí solo en la grasa ectópica  son  limitadas,  aunque  los  datos  disponibles  sugieren que el ejercicio por sí solo tiene el potencial de disminuir la grasa ectópica  en  el  hígado  y  el  corazón  en  personas  adultas  con sobrepeso u obesidad.

## CONSIDERACIONES SOBRE LA RESPUESTA A LA DOSIS

Las  indicaciones  típicas  de  ejercicio  consideran  los  siguientes parámetros: 1) tipo, 2) duración, 3) intensidad y 4) frecuencia. El volumen de actividad física se basa en estos cuatro factores y suele definirse como el gasto energético total."
65,No dispongo de suficiente información en las guías oficiales para responder a tu pregunta.,"Fragmento 1 [Doc: 07_El-rol-de-la-salud-mental-en-el-tratamiento-de-la-obesidad.pdf, chunk: 57, dist: 0.476]:
## ¿QUÉ TAN EFECTIVOS SON LOS TRATAMIENTOS FARMACOLÓGICOS PARA EL MANEJO DE LA OBESIDAD EN EL TRASTORNO POR ATRACÓN?

Varios estudios han  explorado  la  eficacia de  las diferentes intervenciones farmacológicas en pacientes con TA (antidepresivos, supresores  del  apetito,  estimulantes  y  anticonvulsivantes).  Un reciente  metaanálisis  de  estudios  randomizados  y  controlados con placebo, reportó una reducción significativamente mayor de los episodios de atracón y de la psicopatología asociada, con el uso  de  antidepresivos  de  segunda  generación  (bupropión,  ISRS y  duloxetina),  la  lisdexanfetamina  (un  estimulante  del  sistema nervioso central comercializado originalmente para el TDAH) y el topiramato (un anticonvulsivante).

---

Fragmento 2 [Doc: 07_El-rol-de-la-salud-mental-en-el-tratamiento-de-la-obesidad.pdf, chunk: 53, dist: 0.489]:
La  TCC  tuvo  un  efecto  menor  que  los  programas  de  nutrición y/o ejercicio. El análisis de las variables moderadoras no mostró diferencias entre los estudios de prevención versus los de tratamiento, tampoco entre las intervenciones de duración mayor o menor a 3 meses, ni entre los tratamientos individuales versus los grupales. Un segundo metaanálisis confirmó los resultados ya descritos con relación a la baja de peso total. Sin embargo, mostró

que las intervenciones preventivas eran ligeramente más efectivas que las de tratamiento para el manejo de la obesidad en pacientes con trastornos mentales severos. 74

---

Fragmento 3 [Doc: 17_Productos-y-programas-comerciales-para-el-control-de-la-obesidad.pdf, chunk: 22, dist: 0.491]:
La opinión generalizada es que la calidad de los ensayos incluidos era  baja,  lo  que  limita  sus  capacidades  concluyentes,  y  que  se necesitan  estudios  rigurosos,  metodológicamente  sólidos  y  a largo plazo. La revisión sistemática más reciente sobre este tema descubrió:  i)  que  la  acupuntura  más  la  modificación  del  estilo de vida era más eficaz que la modificación del estilo de vida por sí  sola;  ii)  que  la  acupuntura  por  sí  sola  no  era  más  eficaz  que la  acupuntura  simulada  por  sí  sola;  y  iii)  cuando  se  estratificó por IMC, se descubrió que la acupuntura era eficaz sólo en las personas con sobrepeso y no en las que tenían obesidad. 32

Más información: info@ifsochile.cl

<!-- image -->

<!-- image -->

<!-- image -->

<!-- image -->

## CRIOLIPÓLISIS

---

Fragmento 4 [Doc: articulo.pdf, chunk: 22, dist: 0.491]:
La opinión generalizada es que la calidad de los ensayos incluidos era  baja,  lo  que  limita  sus  capacidades  concluyentes,  y  que  se necesitan  estudios  rigurosos,  metodológicamente  sólidos  y  a largo plazo. La revisión sistemática más reciente sobre este tema descubrió:  i)  que  la  acupuntura  más  la  modificación  del  estilo de vida era más eficaz que la modificación del estilo de vida por sí  sola;  ii)  que  la  acupuntura  por  sí  sola  no  era  más  eficaz  que la  acupuntura  simulada  por  sí  sola;  y  iii)  cuando  se  estratificó por IMC, se descubrió que la acupuntura era eficaz sólo en las personas con sobrepeso y no en las que tenían obesidad. 32

Más información: info@ifsochile.cl

<!-- image -->

<!-- image -->

<!-- image -->

<!-- image -->

## CRIOLIPÓLISIS

---

Fragmento 5 [Doc: 07_El-rol-de-la-salud-mental-en-el-tratamiento-de-la-obesidad.pdf, chunk: 52, dist: 0.494]:
Un metaanálisis  exhaustivo  de  17  estudios  realizado  por  Caemmerer et al. evaluó la eficacia de las intervenciones no farmacológicas para el tratamiento de la obesidad en pacientes con trastornos mentales severos. 73  Esta revisión incluyó tratamientos con terapia cognitiva  conductual  (TCC),  intervenciones  psicoeducativas  e intervenciones de nutrición y ejercicio, con una duración media de 19,6 semanas. La revisión mostró que globalmente los estudios arrojaban una diferencia promedio de -3,12 kg y una reducción del  IMC  de  -0,94  kg/m 2 ,  y  algunos  de  ellos  mostraron  en  el seguimiento, que este beneficio se mantenía entre la semana 8 y 52 post-intervención. 73"
66,"La obesidad está vinculada al desarrollo de diversas enfermedades y complicaciones de salud. De acuerdo con el contexto proporcionado, la obesidad se asocia específicamente con el desarrollo de:

1. **Cáncer**.
2. **Enfermedades crónicas no transmisibles**, como la diabetes mellitus tipo 2 (DM2) y la hipertensión arterial.
3. **Enfermedades infecciosas** causadas por virus como el de la influenza y el Sars-Cov 2.

Además, el exceso de peso, particularmente en las categorías de obesidad II y III, se relaciona con una mayor mortalidad por cualquier causa. Esta información proviene del fragmento 1 y el fragmento 2 de los documentos revisados.","Fragmento 1 [Doc: 02_Epidemiologia-de-la-obesidad-en-adultos-en-Chile.pdf, chunk: 18, dist: 0.322]:
## RIESGOS PARA LA SALUD

La obesidad, por sus características fisiopatológicas de inflamación,  alteraciones  hormonales,  inmunodepresión  y  por ser  una  enfermedad  crónica,  constituye  un  factor  reconocido de  riesgo  para  la  salud,  involucrado  en  el  desarrollo  de  cáncer y de enfermedades crónicas no transmisibles como la DM2 y la hipertensión arterial.  En años recientes, también se ha demostrado que constituye un factor de riesgo para enfermedades infecciosas causadas  por  los  virus  influenza  y  Sars-Cov  2. 21 El  exceso  de peso  categorizado  en  base  al  Índice  de  Masa  Corporal  (IMC) ha  mostrado  que  las  categorías  de  obesidad  II  y  III  se  asocian significativamente  con  mayor  mortalidad  por  cualquier  causa. 22 En  Chile,  la  obesidad  también  se  ha  identificado  dentro  de  los principales factores de riesgo modificables para desarrollar DM2 e hipertensión arterial. 23,24

---

Fragmento 2 [Doc: 06_Evaluacion-del-paciente-que-vive-con-obesidad.pdf, chunk: 7, dist: 0.323]:
La obesidad es una enfermedad crónica compleja en la que el exceso de grasa corporal (adiposidad) perjudica la salud, aumenta el riesgo de complicaciones médicas a largo plazo y reduce la esperanza de vida. 22-27 La  obesidad  se  ha  considerado  tradicionalmente  como un factor de riesgo para una amplia gama de otros problemas de salud. Sin embargo, la Asociación Médica Canadiense, 20  considera actualmente  a    la  obesidad  como  una  enfermedad  crónica  por sí  misma,  similar  a  la  diabetes  de  tipo  2,  la  hipertensión  arterial crónica y la dislipidemia (en consonancia con otras organizaciones como  Obesity  Canada,  la  Asociación  Médica  Americana, 25   la Organización Mundial de la Salud 24 , la Federación Mundial de la Obesidad y otras. 25-27 ) Para que una enfermedad sea considerada como crónica, debe cumplir con tres criterios que son: 1) deterioro del funcionamiento normal del cuerpo, 2) debe presentar síntomas y signos, y 3) que produzca daño o morbilidad. 28-31

---

Fragmento 3 [Doc: 03_La-ciencia-de-la-obesidad.pdf, chunk: 1, dist: 0.332]:
## INTRODUCCIÓN

La obesidad, es una enfermedad crónica compleja que aumenta el  riesgo  de  complicaciones  médicas  a  largo  plazo  y  reduce  la expectativa  de  vida. 1   La  acumulación  de  grasa  corporal  está determinada por la compleja interacción de factores  genéticos, metabólicos, conductuales, ambientales y sociales; siendo estos últimos la causa directa del aumento en la prevalencia de obesidad observada  en  las  últimas  décadas. 2   La  mayor  disponibilidad de  alimentos  de  alta  densidad  calórica,  de  bajo  costo  y  fácil accesibilidad,  junto  con  un  mayor  grado  de  urbanización  en  la sociedad y un crecimiento económico conducen a cambios de los estilos de vida, por lo que son factores que promueven una mayor ingesta energética relativa al gasto energético. 3

---

Fragmento 4 [Doc: 11_La-atencion-y-asistencia-primaria-en-el-manejo-de-la-obesidad.pdf, chunk: 130, dist: 0.335]:
La obesidad es una enfermedad crónica y recidivante cuyas causas son múltiples y tienen un impacto significativo en la vida y salud de las personas. La prevalencia de la obesidad sugiere que debe abordarse de forma temprana, eficaz y continua en la atención primaria  en  salud,  donde  existe  una  capacidad  potencial  para tratar  la  obesidad  a  mayor  escala.  Los  beneficios  de  hacerlo son  innumerables,  no  solamente  para  reducir  la  avalancha  de enfermedades crónicas en nuestros sistemas de salud, sino también para mejorar la vida de las personas al reducir el sufrimiento y mejorar  la  salud  mental,  física  y  emocional.  Para  empezar  a hacerlo, tenemos que cambiar los corazones y las mentes. Tenemos que respetar y tratar la obesidad como una enfermedad médica, educar al personal médico en su formación y apoyar su capacidad para realizar este trabajo en la práctica

---

Fragmento 5 [Doc: 11_La-atencion-y-asistencia-primaria-en-el-manejo-de-la-obesidad.pdf, chunk: 13, dist: 0.349]:
## INTRODUCCIÓN

La obesidad es una enfermedad crónica y compleja vinculada a la intrincada  interacción  entre  un  amplio  espectro  de  causas  básicas relacionadas  con  influencias  biológicas,  determinantes  sociales  de la  salud,  prácticas  y  creencias  socioculturales,  efectos  ambientales, políticas  públicas  y  factores  psicológicos.  En  la  actualidad,  existen percepciones erróneas significativas y generalizadas en cuanto a la naturaleza tanto de la etiología como del tratamiento eficaz de esta afección, lo que se complica por los prejuicios y el estigma arraigados en  la  sociedad  sobre  el  peso.  Los  cambios  en  el  cuidado  de  las personas que viven con obesidad para lograr una atención coherente, de alta calidad y centrada en la persona, requerirá también cambios en términos de conocimientos, habilidades y normas de práctica del personal sanitario, así como una mejor organización en la atención."
67,No dispongo de suficiente información en las guías oficiales para responder a tu pregunta.,"Fragmento 1 [Doc: 13_Farmacoterapia-en-el-tratamiento-de-la-obesidad.pdf, chunk: 50, dist: 0.376]:
## Diabetes tipo 2

La obesidad en la diabetes tipo 2 se asocia a un peor control glicémico, de la presión arterial y de los perfiles lipídicos, y a un mayor uso de fármacos hipolipemiantes y antihipertensivos, en comparación con las personas con diabetes que no tienen obesidad. 52

El  efecto de la farmacoterapia antidiabética sobre el peso debe tenerse en cuenta a la hora de elegir la medicación o medicaciones más  adecuadas  para  el  control  glicémico.  Los  agonistas  del receptor GLP1 y los inhibidores del cotransportador 2 de sodio/ glucosa se asocian a la pérdida de peso, además de mejorar el control glicémico. La metformina, los inhibidores de la dipeptidil peptidasa-4 y la acarbosa suelen tener un peso neutro. La insulina, los secretagogos de la insulina y las tiazolidinedionas se asocian al aumento de peso. 53  La farmacoterapia para la obesidad puede ser beneficiosa para la pérdida de peso y la mejora del control de la diabetes.

---

Fragmento 2 [Doc: 03_La-ciencia-de-la-obesidad.pdf, chunk: 40, dist: 0.399]:
Es  importante  destacar  que  las  células  inflamatorias,  como los  macrófagos  y  los  monocitos,  migran  a  la  grasa  visceral  de los  sujetos  con  obesidad,  lo  que  aumenta  aún  más  el  estado inflamatorio y perjudica la sensibilidad a la insulina. La adiposidad también  está  relacionada  con  un  mayor  riesgo  de  padecer muchas formas de cáncer a través de la liberación de factores de crecimiento hormonales y adipoquinas inflamatorias. 65

## LA PARADOJA DE LA OBESIDAD

---

Fragmento 3 [Doc: 13_Farmacoterapia-en-el-tratamiento-de-la-obesidad.pdf, chunk: 47, dist: 0.409]:
.  Un  análisis secundario demostró que una mayor pérdida de peso era la razón principal para la prevención de la diabetes. 11

---

Fragmento 4 [Doc: 07_El-rol-de-la-salud-mental-en-el-tratamiento-de-la-obesidad.pdf, chunk: 64, dist: 0.411]:
## ¿CUÁL ES EL IMPACTO DE LA ADICCIÓN A LA COMIDA SOBRE LA OBESIDAD?

---

Fragmento 5 [Doc: 13_Farmacoterapia-en-el-tratamiento-de-la-obesidad.pdf, chunk: 63, dist: 0.412]:
Hasta la fecha, ningún ensayo clínico aleatorio sobre la farmacoterapia de la obesidad ha demostrado una reducción de los eventos cardiovasculares o de la mortalidad entre las personas sin diabetes.

## Otras comorbilidades relacionadas con la obesidad

La  pérdida  de  peso  puede  mejorar  las  comorbilidades  de  salud asociadas a la obesidad, como la esteatosis hepática, el síndrome de  ovario  poliquístico,  la  apnea  obstructiva  del  sueño  y  la osteoartritis.

## Esteatohepatitis no alcohólica (EHNA)"
68,"Sí, la obesidad afecta el corazón. Se ha documentado que es un factor de riesgo independiente para la enfermedad arterial coronaria, especialmente en poblaciones jóvenes. Además, la obesidad aumentan el riesgo de enfermedades crónicas graves como enfermedades cardíacas y derrames cerebrales. Esta relación no solo se mide por la masa grasa corporal total, sino que también se debe considerar la distribución de la grasa corporal. En resumen, la obesidad puede tener un impacto significativo en la salud cardiovascular. Esta información se puede encontrar en el documento titulado ""Evaluación del paciente que vive con obesidad"" (Doc: 06_Evaluacion-del-paciente-que-vive-con-obesidad.pdf).","Fragmento 1 [Doc: 06_Evaluacion-del-paciente-que-vive-con-obesidad.pdf, chunk: 100, dist: 0.363]:
## EVALUACIÓN DE LA ENFERMEDAD ARTERIAL CORONARIA

Se  ha  documentado  en  extensos  estudios  que  la  obesidad  es un  factor  predictivo  e  independiente  de  la  enfermedad  arterial coronaria, 90  esta relación se ve más estrecha en población joven. La propensión a las complicaciones cardiovasculares relacionadas con  la  obesidad  no  se  mide  exclusivamente  con  la  masa  grasa corporal total, sino que también deben considerarse las diferencias individuales en la distribución local de la grasa corporal. 79,91

---

Fragmento 2 [Doc: 07_El-rol-de-la-salud-mental-en-el-tratamiento-de-la-obesidad.pdf, chunk: 64, dist: 0.379]:
## ¿CUÁL ES EL IMPACTO DE LA ADICCIÓN A LA COMIDA SOBRE LA OBESIDAD?

---

Fragmento 3 [Doc: 02_Epidemiologia-de-la-obesidad-en-adultos-en-Chile.pdf, chunk: 1, dist: 0.391]:
-  La  obesidad  aumenta  el  riesgo  de  padecer  enfermedades crónicas graves como enfermedades cardíacas, cáncer, derrames cerebrales, diabetes tipo 2 (DM2) e hígado graso no alcohólico, entre otras; perjudicando la calidad de vida relacionada con la salud de la persona, y reduce la esperanza de vida.
-  En  Chile,  la  prevalencia  de  la  obesidad  ha  aumentado  en todos  los  grupos  etarios  y  se  presenta  muy  precozmente desde la niñez. Además, se concentra en la población de menor nivel educativo y en mujeres.

---

Fragmento 4 [Doc: 06_Evaluacion-del-paciente-que-vive-con-obesidad.pdf, chunk: 41, dist: 0.409]:
## EVALUAR EL IMPACTO EN LA SALUD DEL EXCESO DE ADIPOSIDAD

La asociación entre el diagnóstico de la obesidad y el desarrollo de complicaciones relacionadas con la obesidad es estrecha, pero no siempre lineal; por lo tanto, excesos de adiposidad similares pueden impactar de manera diferente en la salud y la calidad de vida de diferentes  pacientes.  Del  mismo  modo,  existen  múltiples  estudios que han documentado un subgrupo de pacientes 'metabólicamente sanos' con obesidad que se caracterizan por la ausencia de cualquier evidencia objetiva de mayor riesgo cardiometabólico a pesar de tener un IMC y una circunferencia de cintura elevados. 80,81

---

Fragmento 5 [Doc: 14_Cirugia-Bariatrica-Seleccion-y-estudio-preoperatorio.pdf, chunk: 34, dist: 0.411]:
Evaluación cardíaca: La  tolerancia  al  ejercicio  es  un  factor  de predicción de los resultados quirúrgicos. Por ejemplo, la subida de escaleras limitada por los síntomas, predice de las complicaciones cardiopulmonares postoperatorias en pacientes sometidos a cirugía  de  alto  riesgo. 45 Además,  la  obesidad  es  un  factor  de riesgo  independiente  de  la  enfermedad  cardiovascular.  Muchos pacientes con obesidad también pueden presentar síntomas de falta de aire o dolor en el pecho, y la etiología de estos síntomas puede ser variada. Además, la exploración física en los pacientes con  obesidad  puede  representar  un  reto  para  hallazgos  físicos como ruidos cardíacos distantes o evaluación de la presión venosa yugular."
69,No dispongo de suficiente información en las guías oficiales para responder a tu pregunta.,"Fragmento 1 [Doc: 03_La-ciencia-de-la-obesidad.pdf, chunk: 1, dist: 0.425]:
## INTRODUCCIÓN

La obesidad, es una enfermedad crónica compleja que aumenta el  riesgo  de  complicaciones  médicas  a  largo  plazo  y  reduce  la expectativa  de  vida. 1   La  acumulación  de  grasa  corporal  está determinada por la compleja interacción de factores  genéticos, metabólicos, conductuales, ambientales y sociales; siendo estos últimos la causa directa del aumento en la prevalencia de obesidad observada  en  las  últimas  décadas. 2   La  mayor  disponibilidad de  alimentos  de  alta  densidad  calórica,  de  bajo  costo  y  fácil accesibilidad,  junto  con  un  mayor  grado  de  urbanización  en  la sociedad y un crecimiento económico conducen a cambios de los estilos de vida, por lo que son factores que promueven una mayor ingesta energética relativa al gasto energético. 3

---

Fragmento 2 [Doc: 04_Prevencion-y-reduccion-de-danos-de-la-obesidad-en-personas-adultas.pdf, chunk: 17, dist: 0.433]:
Por otra parte, aunque es indudable que una mala alimentación y  la  falta  de  actividad  física  son  importantes  factores  de  riesgo para  el  desarrollo  de  obesidad,  pueden  existir  otros  factores que también jueguen un rol muy importante. Es por esto que el personal médico deba considerar las posibles causas subyacentes del  aumento  de  peso,  y  no  solo  enfocarse  en  el  síntoma  del aumento de peso. Por ejemplo, el estrés, el trabajo por turnos o la falta de sueño podrían ser la causa principal del aumento de la ingesta alimentaria; y por otra parte la depresión y el cansancio pueden provocar una disminución de la actividad física. Además, dependiendo de la situación, el atenuar el aumento de peso en lugar de prevenirlo o bajar de peso puede ser un objetivo más razonable y posible de alcanzar. 13

---

Fragmento 3 [Doc: 03_La-ciencia-de-la-obesidad.pdf, chunk: 40, dist: 0.445]:
Es  importante  destacar  que  las  células  inflamatorias,  como los  macrófagos  y  los  monocitos,  migran  a  la  grasa  visceral  de los  sujetos  con  obesidad,  lo  que  aumenta  aún  más  el  estado inflamatorio y perjudica la sensibilidad a la insulina. La adiposidad también  está  relacionada  con  un  mayor  riesgo  de  padecer muchas formas de cáncer a través de la liberación de factores de crecimiento hormonales y adipoquinas inflamatorias. 65

## LA PARADOJA DE LA OBESIDAD

---

Fragmento 4 [Doc: 06_Evaluacion-del-paciente-que-vive-con-obesidad.pdf, chunk: 100, dist: 0.446]:
## EVALUACIÓN DE LA ENFERMEDAD ARTERIAL CORONARIA

Se  ha  documentado  en  extensos  estudios  que  la  obesidad  es un  factor  predictivo  e  independiente  de  la  enfermedad  arterial coronaria, 90  esta relación se ve más estrecha en población joven. La propensión a las complicaciones cardiovasculares relacionadas con  la  obesidad  no  se  mide  exclusivamente  con  la  masa  grasa corporal total, sino que también deben considerarse las diferencias individuales en la distribución local de la grasa corporal. 79,91

---

Fragmento 5 [Doc: 01_Practicas-y-politicas-para-reducir-los-sesgos-sobre-el-peso-en-el-manejo-de-la-obesidad-1.pdf, chunk: 29, dist: 0.455]:
. La discriminación por peso corporal también aumenta el riesgo de obesidad. 10"
70,"Sí, la obesidad puede causar cáncer. La evidencia sugiere que la obesidad está vinculada a un mayor riesgo de desarrollar varios tipos de cáncer, incluyendo neoplasias en localizaciones como el endometrio, esófago, riñón, vesícula biliar y páncreas. En Chile, por ejemplo, se ha reportado que las neoplasias asociadas a la obesidad representan un porcentaje significativo de las muertes tanto en mujeres como en hombres. Se estima que sin la presencia del factor obesidad se podría prevenir hasta un 20% de los casos de cáncer. 

Además, la inflamación crónica inducida por la obesidad, así como las alteraciones hormonales, contribuyen a este riesgo aumentado. La investigación también destaca que las células inflamatorias en la grasa visceral pueden agravar este problema, afectando la sensibilidad a la insulina y fomentando un entorno propicio para el desarrollo de cáncer.

Esta información proviene de varios fragmentos de los documentos mencionados y resalta la gravedad de la obesidad como un factor de riesgo para la salud, incluyendo el desarrollo de cáncer.","Fragmento 1 [Doc: 02_Epidemiologia-de-la-obesidad-en-adultos-en-Chile.pdf, chunk: 19, dist: 0.312]:
A nivel  mundial,  se  ha  estimado  que,  al  disminuir  la  obesidad, se podría reducir en un tercio el riesgo de cáncer. En Chile, se ha reportado que las neoplasias asociadas a obesidad principalmente en localizaciones de endometrio, esófago, riñón y vesícula biliar representan 30% de las muertes en mujeres; y las localizaciones en  esófago  y  páncreas,  representan  el  21%  de  las  muertes  en hombres, estimándose que sin la presencia del factor obesidad se podría prevenir el cáncer en 20%. 25 Durante la gestación, el exceso de peso aumenta el riesgo de preeclampsia, diabetes gestacional de la madre y distocia en el neonato. 26  En las mujeres chilenas también  se  ha  demostrado  que  la  obesidad  causa  ansiedad  y depresión, afectando así la salud mental y la calidad de vida. 27

---

Fragmento 2 [Doc: 03_La-ciencia-de-la-obesidad.pdf, chunk: 40, dist: 0.343]:
Es  importante  destacar  que  las  células  inflamatorias,  como los  macrófagos  y  los  monocitos,  migran  a  la  grasa  visceral  de los  sujetos  con  obesidad,  lo  que  aumenta  aún  más  el  estado inflamatorio y perjudica la sensibilidad a la insulina. La adiposidad también  está  relacionada  con  un  mayor  riesgo  de  padecer muchas formas de cáncer a través de la liberación de factores de crecimiento hormonales y adipoquinas inflamatorias. 65

## LA PARADOJA DE LA OBESIDAD

---

Fragmento 3 [Doc: 02_Epidemiologia-de-la-obesidad-en-adultos-en-Chile.pdf, chunk: 18, dist: 0.373]:
## RIESGOS PARA LA SALUD

La obesidad, por sus características fisiopatológicas de inflamación,  alteraciones  hormonales,  inmunodepresión  y  por ser  una  enfermedad  crónica,  constituye  un  factor  reconocido de  riesgo  para  la  salud,  involucrado  en  el  desarrollo  de  cáncer y de enfermedades crónicas no transmisibles como la DM2 y la hipertensión arterial.  En años recientes, también se ha demostrado que constituye un factor de riesgo para enfermedades infecciosas causadas  por  los  virus  influenza  y  Sars-Cov  2. 21 El  exceso  de peso  categorizado  en  base  al  Índice  de  Masa  Corporal  (IMC) ha  mostrado  que  las  categorías  de  obesidad  II  y  III  se  asocian significativamente  con  mayor  mortalidad  por  cualquier  causa. 22 En  Chile,  la  obesidad  también  se  ha  identificado  dentro  de  los principales factores de riesgo modificables para desarrollar DM2 e hipertensión arterial. 23,24

---

Fragmento 4 [Doc: 06_Evaluacion-del-paciente-que-vive-con-obesidad.pdf, chunk: 86, dist: 0.423]:
| Metabolismo             | Oncología Colorrectal, vesícula biliar, páncreas, mama, renal, uterino, cervical, próstata                                                                       | +                  | Detección rutinaria del cáncer                                                                                                                                                            | Los pacientes con obesidad corren un alto riesgo de padecer determinados tipos de cánceres y tienen menos probabilidades de someterse a las pruebas de detección debido a los problemas técnicos de las pruebas de diagnóstico y a la postergación de la búsqueda de atención médica. |

---

Fragmento 5 [Doc: 15_Cirugia-bariatrica-Opciones-quirurgicas-y-resultados.pdf, chunk: 78, dist: 0.425]:
De hecho, la pérdida de peso quirúrgica parece reducir la incidencia de  algunas  formas  de  cáncer  y  la  mortalidad  relacionada  con el  mismo.  En  el  estudio  SOS, 62 el  número  de  nuevos  cánceres diagnosticados desde la inclusión en el estudio fue menor en el grupo de cirugía (n = 117) que en el grupo de control (n = 169; índice 0,67, IC 95% 0,53-0,85, p = 0,0009). La cirugía bariátrica se asoció a una menor incidencia de cáncer en las mujeres con obesidad, pero no logró demostrar una reducción significativa en los hombres que la padecen.

## ¿ESTÁ INDICADA LA CIRUGÍA BARIÁTRICA EN PACIENTES CON OBESIDAD DE GRADO I IMC 30-35 KG/M 2 )?"
71,No dispongo de suficiente información en las guías oficiales para responder a tu pregunta.,"Fragmento 1 [Doc: 03_La-ciencia-de-la-obesidad.pdf, chunk: 41, dist: 0.478]:
A pesar de la fuerte relación entre el exceso de grasa corporal y el riesgo cardiometabólico, no todas las personas con sobrepeso u obesidad desarrollarán diabetes o enfermedades cardiovasculares. Un subgrupo de personas con obesidad no padece enfermedades crónicas ni factores de riesgo cardiometabólico. A estas personas se  les  suele  denominar  'sujetos  metabólicamente  sanos  con obesidad',  aunque  la  existencia  de  esta  entidad  está  sujeta  a controversia. La prevalencia de los sujetos metabólicamente sanos con fenotipo de obesidad en la población general varía en función de los criterios utilizados, y puede llegar a ser del 32%. 66  Datos más  recientes  de  la  Encuesta  Nacional  de  Examen  de  Salud  y Nutrición (NHANES) III identificaron que solamente 40 de 1160 de las personas con obesidad en el estudio cumplían los criterios de sujetos metabólicamente sanos con obesidad

---

Fragmento 2 [Doc: 03_La-ciencia-de-la-obesidad.pdf, chunk: 38, dist: 0.482]:
## COMPLICACIONES MÉDICAS RELACIONADAS CON LA ADIPOSIDAD

La disfunción del tejido adiposo y la adiposidad excesiva predisponen  al  desarrollo  de  diversas  complicaciones  médicas de tipo metabólico, osteoarticular y psicológico. La complicación metabólica más común es la resistencia a la insulina y, en personas susceptibles, la diabetes de tipo 2. La teoría predominante postula que el exceso de adiposidad determina resistencia a la insulina. 62 Un potencial  mecanismo  es  a  través  de  la  mayor  liberación  de ácidos grasos libres desde el tejido adiposo, que genera efectos lipotóxicos. En el hígado, el aumento del flujo de ácidos grasos libres  aumenta  la  producción  de  glucosa,  la  lipogénesis  y  la secreción de lipoproteínas de muy baja densidad (VLDL).

---

Fragmento 3 [Doc: 04_Prevencion-y-reduccion-de-danos-de-la-obesidad-en-personas-adultas.pdf, chunk: 54, dist: 0.494]:
Se  ha  informado  de  que  hasta  40%  de  la  población  puede presentar  un  índice  de  masa  corporal  elevado  y,  sin  embargo, aún  no  presentar  complicaciones  metabólicas,  (condición  que se  denominaba  'metabólicamente  sana',  hoy  término  muy cuestionado) 87  o el 20-25% con un estadio 0 o 1 del EOSS. 88  A diferencia de la prevención terciaria, en la que la pérdida de peso se asocia claramente con beneficios para la salud de los pacientes con morbilidad prevalente relacionada con la obesidad, no está claro qué beneficios, si es que hay alguno, puede haber para los pacientes  que  presentan  una  obesidad  metabólicamente  sana 89 o un estadio 0 o 1 del EOSS. 90

---

Fragmento 4 [Doc: 09_La-actividad-fisica-en-el-tratamiento-de-la-obesidad.pdf, chunk: 40, dist: 0.495]:
## FACTORES DE RIESGO CARDIOMETABÓLICO Y ENFERMEDADES CRÓNICAS

Varios estudios longitudinales a gran escala y revisiones sistemáticas han observado que una mayor actividad física (o aptitud cardiorrespiratoria)  se  asociaba  con  reducciones  de  la  mortalidad por  todas  las  causas,  las  enfermedades  cardiovasculares  y  las enfermedades  metabólicas,  como  la  diabetes  de  tipo  2. 20,21,72-77 La  mayoría  de  los  grandes  ensayos  que  tienen  la  incidencia  de enfermedades  crónicas  como  resultado  primario  suelen  incluir una  intervención  combinada  de  plan  alimenticio  y  actividad física. En el presente trabajo no sería posible examinar los efectos independientes de la actividad física sobre todos los factores de riesgo cardiometabólicos. Por lo tanto, las siguientes subsecciones se centrarán en los componentes comúnmente asociados con el síndrome metabólico, incluyendo la hiperglucemia y la resistencia a la insulina, la hipertensión y la dislipidemia.

---

Fragmento 5 [Doc: 03_La-ciencia-de-la-obesidad.pdf, chunk: 30, dist: 0.513]:
. Es importante destacar  que  el  tejido  adiposo  disfuncional  puede  conducir  al desarrollo y el avance de una serie de comorbilidades relacionadas con  la  adiposidad,  como  la  diabetes  tipo  2,  la  hipertensión,  la dislipidemia,  la  enfermedad  del  hígado  graso  no  alcohólico, los  riesgos  cardiometabólicos  y  la  enfermedad  cardiovascular aterosclerótica. 45"
72,"Sí, la obesidad puede afectar la fertilidad. Específicamente, las mujeres que inician su embarazo con un índice de masa corporal (IMC) igual o superior a 30 kg/m² presentan un mayor riesgo de infertilidad, así como de malformaciones congénitas y otros resultados adversos durante el embarazo. El control del peso antes de la concepción puede potencialmente reducir algunos de estos riesgos asociados a la obesidad y mejorar la fertilidad y los resultados obstétricos (Fuente: Doc: 12_Control-del-peso-durante-la-edad-reproductiva-de-las-mujeres-adultas-con-obesidad.pdf).","Fragmento 1 [Doc: 12_Control-del-peso-durante-la-edad-reproductiva-de-las-mujeres-adultas-con-obesidad.pdf, chunk: 72, dist: 0.341]:
2. Control del peso antes de la concepción: Están surgiendo

estudios  de  intervención  sobre  el  control  del  peso  antes  de  la concepción en mujeres con obesidad para mejorar la fertilidad y los resultados obstétricos. Sin embargo, se necesitan más datos para  examinar  cómo  implementar  estas  intervenciones  en  la práctica clínica para involucrar a una gama más amplia de mujeres con obesidad y a sus proveedores de atención médica.

3. Asesoramiento previo a la concepción sobre los riesgos del embarazo: Numerosos estudios observacionales han demostrado que las mujeres con obesidad tienen un mayor riesgo de sufrir varios resultados adversos en el embarazo. Es necesario investigar para identificar estrategias de asesoramiento eficaces para discutir los  riesgos  del  embarazo  utilizando  un  enfoque  centrado  en  la paciente.

---

Fragmento 2 [Doc: 12_Control-del-peso-durante-la-edad-reproductiva-de-las-mujeres-adultas-con-obesidad.pdf, chunk: 13, dist: 0.373]:
Como se indica en la Tabla 1, en el caso de las mujeres que inician su embarazo con un IMC ≥ 30 kg/m 2 , se asocian significativamente con  lo siguiente: infertilidad, 29,30 malformaciones  congénitas 31 y numerosos  resultados adversos del embarazo  clínicamente importantes (en una relación dosis-respuesta según el IMC), incluidos trastornos hipertensivos del embarazo, diabetes gestacional, parto por cesárea, nacimiento prematuro, etc. 2,31-33   Aunque siguen habiendo pocos datos para orientar específicamente a los profesionales de la salud sobre la mejor manera de aconsejar a las mujeres con obesidad acerca de los riesgos para su salud asociados al embarazo, los datos emergentes demuestran que el control del peso  antes  del  embarazo  puede  reducir  muchos  de  los  riesgos mencionados. 1     La  discusión  sobre  la  suplementación  nutricional específica (por ejemplo, el ácido fólico) y la atención obstétrica está fuera del alcance de esta guía de práctica clínica.

---

Fragmento 3 [Doc: 12_Control-del-peso-durante-la-edad-reproductiva-de-las-mujeres-adultas-con-obesidad.pdf, chunk: 14, dist: 0.388]:
Tabla 1: Asociaciones entre la obesidad, el aumento de peso durante la gestación y los resultados clínicos adversos durante los períodos reproductivos (preconcepción, prenatal y posparto)

---

Fragmento 4 [Doc: 02_Epidemiologia-de-la-obesidad-en-adultos-en-Chile.pdf, chunk: 13, dist: 0.388]:
La obesidad presenta una alta presencia familiar entre varias  generaciones  previas;  lo  que  plantea  la  existencia  de determinantes y entornos familiares comunes, así como de algún grado  de  predisposición  biológica.  Los  hijos  e  hijas  de  madres o padres con exceso de peso tienen mayor riesgo de presentar esta misma condición. Factores ambientales y del estilo de vida de  padres  y  madres  pueden  inducir  cambios  epigenéticos  que afectan  el  embarazo,  el  feto,  e  incluso  a  futuras  generaciones. Estas marcas epigenéticas son modificables con intervenciones de comportamiento. 20

---

Fragmento 5 [Doc: 07_El-rol-de-la-salud-mental-en-el-tratamiento-de-la-obesidad.pdf, chunk: 64, dist: 0.394]:
## ¿CUÁL ES EL IMPACTO DE LA ADICCIÓN A LA COMIDA SOBRE LA OBESIDAD?"
73,"La obesidad puede contribuir al desarrollo de la apnea obstructiva del sueño. Se ha observado que en las personas que viven con obesidad, existe una asociación significativa entre la deposición excesiva de grasa en el cuello y el colapso de las vías respiratorias superiores durante el sueño, lo que provoca este trastorno. Además, los pacientes sometidos a cirugía bariátrica, quienes generalmente tienen un alto índice de masa corporal (IMC), presentan una prevalencia de apnea obstructiva del sueño que puede ser superior al 90%. 

Por lo tanto, la obesidad es un factor que puede facilitar la aparición de este trastorno del sueño. (Fragmento 1 y 2 del documento 14_Cirugia-Bariatrica-Seleccion-y-estudio-preoperatorio.pdf)","Fragmento 1 [Doc: 14_Cirugia-Bariatrica-Seleccion-y-estudio-preoperatorio.pdf, chunk: 39, dist: 0.237]:
Apnea del sueño: No es inusual que las personas que viven con obesidad  experimenten  trastornos  relacionados  con  el  sueño, que  pueden  dar  lugar  a  importantes  afecciones  respiratorias, cardiovasculares y neuropsiquiátricas. 52 La  apnea obstructiva del sueño, un tipo de trastorno relacionado con el sueño, es el cese completo del flujo de aire (apnea) o la reducción significativa del flujo de aire (hipopnea) medido durante el sueño. La presencia de apnea obstructiva del sueño se ha asociado a muerte prematura, 53 accidentes de tránsito, 54 hipertensión, 55 enfermedad  arterial coronaria  y  accidentes  cerebrovasculares, 56 arritmias  cardiacas nocturnas 57 y diabetes tipo 2. 58  Además, la apnea obstructiva del sueño se ha asociado a un aumento significativo de la incidencia de muerte súbita por todas las causas cardiacas

---

Fragmento 2 [Doc: 14_Cirugia-Bariatrica-Seleccion-y-estudio-preoperatorio.pdf, chunk: 42, dist: 0.300]:
La  cirugía  bariátrica  da  lugar  a  la  mejora  o  la  resolución  de  la apnea obstructiva del sueño del paciente. 64  Se cree que la apnea obstructiva del sueño en la población bariátrica está causada por la deposición excesiva de grasa en el cuello o a su alrededor, lo que provoca el colapso de los conductos de las vías respiratorias superiores  del  paciente. 65   Los  pacientes  sometidos  a  cirugía bariátrica  que  padecen  apnea  obstructiva  del  sueño  pueden tener  una  mayor  tasa  de  complicaciones,  que  pueden  incluir una estancia hospitalaria prolongada, la aparición de fenómenos tromboembólicos,  la  necesidad  de  reintervención  y  una  mayor tasa de mortalidad a los 30 días. 66  Además, la presencia de apnea obstructiva del sueño puede estar asociada a intubaciones más difíciles y a un aumento de los ingresos en la UCI. 67,68

---

Fragmento 3 [Doc: 14_Cirugia-Bariatrica-Seleccion-y-estudio-preoperatorio.pdf, chunk: 41, dist: 0.335]:
La  incidencia  de  la  apnea  obstructiva  del  sueño  en  adultos  de mediana edad en el Estudio de Cohorte del Sueño de Wisconsin fue  de  aproximadamente  el  24%  en  los  hombres  y  el  9%  en las  mujeres. 61 En  los  pacientes  sometidos  a  cirugía  bariátrica, la  prevalencia  de  la  apnea  obstructiva  del  sueño  puede  ser ≥  90%,  con  una  apnea  del  sueño  clínicamente  significativa infradiagnosticada  hasta  en  el  50%  de  estos  pacientes. 4,5 La prevalencia de la apnea obstructiva del sueño es mucho mayor en los hombres en comparación con las mujeres candidatas a la cirugía bariátrica. 62  El reconocimiento del diagnóstico de la apnea obstructiva del sueño es aún más difícil, ya que puede no haber correlación entre la gravedad de la apnea obstructiva del sueño y el IMC. 63

---

Fragmento 4 [Doc: 15_Cirugia-bariatrica-Opciones-quirurgicas-y-resultados.pdf, chunk: 58, dist: 0.349]:
La  Sociedad  Torácica  Americana  ha  publicado  recientemente una guía de práctica clínica sobre el tratamiento de la apnea del sueño. 52  Su recomendación es considerar una cirugía bariátrica en pacientes con apnea del sueño y un IMC de 35 kg/m 2 , cuyo peso no ha mejorado a pesar de participar en un programa de intervención conductual  integral  y  que  no  tienen  contraindicaciones.  Sin embargo, la estimación de la magnitud del efecto fue baja. Por lo  tanto,  se  necesitan  más  estudios  randomizados que incluyan otros tipos de cirugías además de la banda gástrica ajustable para confirmar estos hallazgos, dado el alto grado de heterogeneidad en los resultados respiratorios.

## Metabolismo de los lípidos

---

Fragmento 5 [Doc: 06_Evaluacion-del-paciente-que-vive-con-obesidad.pdf, chunk: 124, dist: 0.357]:
| Historial del sueño                         | Número de horas de sueño por noche Uso de fármacos para dormir Detección de apnea-hipopnea del sueño (como el Cuestionario de Apnea del Sueño STOP BANG)                                                   | La mala calidad y cantidad del sueño puede obstaculizar el manejo de la obesidad 95 Considerar la posibilidad de derivación para descartar apnea del sueño si la detección es positiva (STOP BANG > 4)                                                                                                                                                                                                                                                                                                                                                                                       |"
74,"Tener obesidad leve, definida generalmente por un índice de masa corporal (IMC) mayor o igual a 30 kg/m², no siempre implica un riesgo inminente para la salud. La evidencia sugiere que puede haber una variación significativa en los perfiles de salud entre personas con el mismo IMC. Algunas personas pueden estar clasificadas como obesas pero no presentar complicaciones metabólicas asociadas, en un estado que a veces se denomina 'metabólicamente sano'. Esto puede incluir hasta un 40% de la población que tiene un IMC elevado y no presenta comorbilidades, según lo indicado en el contexto.

Sin embargo, es importante señalar que la obesidad está estrechamente asociada con un aumento en la morbilidad y la mortalidad, y el exceso de adiposidad puede impactar la salud y la calidad de vida de maneras diferentes según la fisiopatología individual. Por lo tanto, aunque la obesidad leve no necesariamente sea peligrosa, se recomienda realizar chequeos regulares para prevenir un mayor aumento de peso y para evaluar cualquier posible desarrollo de complicaciones relacionadas con la obesidad.

Además, se ha demostrado que incluso una pérdida de peso leve (del 5-10% del peso corporal) puede mejorar significativamente los factores de riesgo de enfermedad cardiovascular y ayudar a prevenir enfermedades como la diabetes tipo 2. 

Así que, aunque la obesidad leve puede no ser inmediatamente peligrosa para todos, hay razones para tomarla en serio y adoptar un enfoque proactivo en su manejo. La información proviene de varios fragmentos del documento ""Prevención y reducción de daños de la obesidad en personas adultas"".","Fragmento 1 [Doc: 04_Prevencion-y-reduccion-de-danos-de-la-obesidad-en-personas-adultas.pdf, chunk: 53, dist: 0.350]:
En lo que respecta a la obesidad, se puede pensar en esto como un chequeo regular para así prevenir un mayor aumento de peso en individuos con obesidad leve no complicada (es decir, el estadio 0  o  1  según  el  EOSS).  Aunque  la  obesidad  está  fuertemente asociada  a  la  morbilidad  y  la  mortalidad,  hay  una  variación sustancial  en  los  perfiles  de  salud  observados  entre  personas con  el  mismo  índice  de  masa  corporal.  Además,  en  el  umbral inferior de la obesidad, hay personas que aún no han desarrollado comorbilidades  relacionadas,  como  hipertensión,  dislipidemia, problemas ortopédicos o diabetes.

---

Fragmento 2 [Doc: 04_Prevencion-y-reduccion-de-danos-de-la-obesidad-en-personas-adultas.pdf, chunk: 54, dist: 0.395]:
Se  ha  informado  de  que  hasta  40%  de  la  población  puede presentar  un  índice  de  masa  corporal  elevado  y,  sin  embargo, aún  no  presentar  complicaciones  metabólicas,  (condición  que se  denominaba  'metabólicamente  sana',  hoy  término  muy cuestionado) 87  o el 20-25% con un estadio 0 o 1 del EOSS. 88  A diferencia de la prevención terciaria, en la que la pérdida de peso se asocia claramente con beneficios para la salud de los pacientes con morbilidad prevalente relacionada con la obesidad, no está claro qué beneficios, si es que hay alguno, puede haber para los pacientes  que  presentan  una  obesidad  metabólicamente  sana 89 o un estadio 0 o 1 del EOSS. 90

---

Fragmento 3 [Doc: 02_Epidemiologia-de-la-obesidad-en-adultos-en-Chile.pdf, chunk: 24, dist: 0.401]:
## EVALUACIÓN DEL RIESGO

La evaluación del riesgo que representa la obesidad para la salud depende del conocimiento de su fisiopatología, pero también de los criterios utilizados para diagnosticar y categorizar la severidad de esta enfermedad, ya que el diagnóstico es el elemento central para magnificar y relacionar los problemas en salud.

En la mayoría de los estudios que analizan riesgo de la obesidad, el  diagnóstico  se  basa  en  el  IMC  mayor  o  igual  a  30  Kg/m 2 . El  IMC  relaciona  el  peso  con  la  estatura,  pero  no  discrimina  la composición corporal y la proporción de grasa. Por tanto, puede existir  una persona con obesidad diagnosticada por IMC quien, al  estudiarlo  con  algún  método  de  composición  corporal,  por ejemplo, densitometría de cuerpo completo, no tenga exceso de grasa en su cuerpo o enfermedades relacionadas con el sobrepeso.

---

Fragmento 4 [Doc: 03_La-ciencia-de-la-obesidad.pdf, chunk: 43, dist: 0.417]:
## BENEFICIOS DE UNA PÉRDIDA DE PESO LEVE

El  control  del  peso  corporal  resulta  de  vital  importancia  para mejorar  la  salud  cardiovascular  general  de  las  personas  con sobrepeso y obesidad. De hecho, el tratamiento de la obesidad beneficia  a  todos  los  pacientes  con  exceso  de  adiposidad, independientemente del grado de pérdida de peso.

Los pacientes que consigan una pérdida de peso del 5-10% de su peso inicial experimentarán una reducción de sus factores de riesgo de enfermedad cardiovascular, una mejora de los perfiles lipídicos, una reducción de la glucosa en sangre y de la hemoglobina glicada y una disminución del riesgo de desarrollar diabetes tipo 2 y otras complicaciones  relacionadas  con  la  obesidad.  Merece  la  pena destacar los beneficios de una pérdida discreta de peso (5-10%) con respecto a la prevención y el control de la diabetes de tipo 2.

---

Fragmento 5 [Doc: 06_Evaluacion-del-paciente-que-vive-con-obesidad.pdf, chunk: 41, dist: 0.418]:
## EVALUAR EL IMPACTO EN LA SALUD DEL EXCESO DE ADIPOSIDAD

La asociación entre el diagnóstico de la obesidad y el desarrollo de complicaciones relacionadas con la obesidad es estrecha, pero no siempre lineal; por lo tanto, excesos de adiposidad similares pueden impactar de manera diferente en la salud y la calidad de vida de diferentes  pacientes.  Del  mismo  modo,  existen  múltiples  estudios que han documentado un subgrupo de pacientes 'metabólicamente sanos' con obesidad que se caracterizan por la ausencia de cualquier evidencia objetiva de mayor riesgo cardiometabólico a pesar de tener un IMC y una circunferencia de cintura elevados. 80,81"
75,"Si no se trata la obesidad, se puede agravar el riesgo de desarrollar diversas complicaciones médicas a largo plazo. La obesidad es una enfermedad crónica que no solo afecta el bienestar físico, sino que también puede deteriorar la salud mental y emocional. Las personas que viven con obesidad pueden experimentar un empeoramiento de enfermedades relacionadas, como hipertensión arterial, diabetes tipo 2 y problemas cardiovasculares, entre otros. 

Además, la ausencia de tratamiento puede llevar al deterioro del funcionamiento normal del cuerpo, a la disminución de la calidad de vida y a una menor esperanza de vida debido a las comorbilidades asociadas. Por lo tanto, es fundamental abordar la obesidad de manera precoz y adecuada para prevenir estas consecuencias, mejorar la salud general y fomentar un bienestar sostenido. 

Esta información está respaldada por la evaluación de la obesidad como una enfermedad crónica, que requiere un enfoque terapéutico sistemático (Fragmentos 2 y 7 del documento de evaluación del paciente que vive con obesidad).","Fragmento 1 [Doc: 06_Evaluacion-del-paciente-que-vive-con-obesidad.pdf, chunk: 47, dist: 0.409]:
|       2 | Presencia comprobada de una enfermedad crónica relacionada a la obesidad (por ejemplo, hipertensión arterial, diabetes tipo 2, apnea del sueño, artrosis, enfermedad por reflujo gastroesofágico, síndrome de ovario poliquístico, trastorno de ansiedad, etc.), restricciones moderadas en las actividades diarias y/o en el bienestar                                                             | Iniciar el tratamiento de la obesidad, considerar todas las opciones de intervención psicológica, farmacológica y quirúrgica. Vigilar y manejar de cerca las comorbilidades indicadas                                                                                                         |

---

Fragmento 2 [Doc: 06_Evaluacion-del-paciente-que-vive-con-obesidad.pdf, chunk: 5, dist: 0.415]:
## INTRODUCCIÓN

La  obesidad  es  una  enfermedad  crónica  que  requiere  una  evaluación diagnóstica y un enfoque terapéutico sistemático y completo. 20  El objetivo de la evaluación de una persona con obesidad es recopilar información que confirme el diagnóstico, determinar la gravedad de la enfermedad y las comorbilidades relacionadas, identificar los factores  desencadenantes, y mantenedores de la enfermedad y orientar el diálogo sobre el tratamiento adecuado en un entorno clínico  sin  prejuicios  y  libre  de  estigmas. 21 El  personal  de  salud debe iniciar una conversación con la persona sobre sus creencias con relación a la enfermedad y sobre sus objetivos terapéuticos, con el fin de facilitar la reflexión y fomentar la responsabilidad y la autogestión para promover mejoras de la salud a largo plazo. 15

---

Fragmento 3 [Doc: 06_Evaluacion-del-paciente-que-vive-con-obesidad.pdf, chunk: 48, dist: 0.418]:
|       3 | Daño establecido en órganos blanco, por ejemplo, infarto al miocardio, insuficiencia cardíaca, neuropatía diabética artrosis incapacitante, patología psiquiátrica significativa, restricciones funcionales considerables y/o deterioro del bienestar                                                                                                                                               | Realizar un tratamiento más intensivo de la obesidad que considere todas las opciones de intervención psicológica, farmacológica y quirúrgica. Tratar de manera agresiva las comorbilidades según se indique                                                                                  |

---

Fragmento 4 [Doc: 06_Evaluacion-del-paciente-que-vive-con-obesidad.pdf, chunk: 7, dist: 0.420]:
La obesidad es una enfermedad crónica compleja en la que el exceso de grasa corporal (adiposidad) perjudica la salud, aumenta el riesgo de complicaciones médicas a largo plazo y reduce la esperanza de vida. 22-27 La  obesidad  se  ha  considerado  tradicionalmente  como un factor de riesgo para una amplia gama de otros problemas de salud. Sin embargo, la Asociación Médica Canadiense, 20  considera actualmente  a    la  obesidad  como  una  enfermedad  crónica  por sí  misma,  similar  a  la  diabetes  de  tipo  2,  la  hipertensión  arterial crónica y la dislipidemia (en consonancia con otras organizaciones como  Obesity  Canada,  la  Asociación  Médica  Americana, 25   la Organización Mundial de la Salud 24 , la Federación Mundial de la Obesidad y otras. 25-27 ) Para que una enfermedad sea considerada como crónica, debe cumplir con tres criterios que son: 1) deterioro del funcionamiento normal del cuerpo, 2) debe presentar síntomas y signos, y 3) que produzca daño o morbilidad. 28-31

---

Fragmento 5 [Doc: 11_La-atencion-y-asistencia-primaria-en-el-manejo-de-la-obesidad.pdf, chunk: 130, dist: 0.423]:
La obesidad es una enfermedad crónica y recidivante cuyas causas son múltiples y tienen un impacto significativo en la vida y salud de las personas. La prevalencia de la obesidad sugiere que debe abordarse de forma temprana, eficaz y continua en la atención primaria  en  salud,  donde  existe  una  capacidad  potencial  para tratar  la  obesidad  a  mayor  escala.  Los  beneficios  de  hacerlo son  innumerables,  no  solamente  para  reducir  la  avalancha  de enfermedades crónicas en nuestros sistemas de salud, sino también para mejorar la vida de las personas al reducir el sufrimiento y mejorar  la  salud  mental,  física  y  emocional.  Para  empezar  a hacerlo, tenemos que cambiar los corazones y las mentes. Tenemos que respetar y tratar la obesidad como una enfermedad médica, educar al personal médico en su formación y apoyar su capacidad para realizar este trabajo en la práctica"
76,"Sí, la obesidad puede afectar la salud mental. Las personas que viven con obesidad enfrentan diversas consecuencias psicosociales debido al sesgo, estigma y discriminación por peso, lo que ha sido asociado con peores resultados en su salud mental. Experiencias de sesgo de peso pueden provocar estrés psicológico, ansiedad, aislamiento social y otros efectos negativos en la salud mental. Además, se ha observado que existe una mayor prevalencia de trastornos mentales en aquellas personas con obesidad y que buscan tratamiento, lo que indica una interrelación significativa entre ambas condiciones. Es crucial que los profesionales de la salud consideren estas necesidades de salud mental al tratar a personas con obesidad. Esta información proviene del Documento 07 y del Documento 01 sobre el rol de la salud mental en el tratamiento de la obesidad.","Fragmento 1 [Doc: 07_El-rol-de-la-salud-mental-en-el-tratamiento-de-la-obesidad.pdf, chunk: 28, dist: 0.254]:
Ser consciente de la asociación entre trastorno mental y obesidad no es un simple ejercicio académico. Las personas que padecen trastornos mentales presentan una mayor morbilidad y mortalidad, en algunos casos con un riesgo de muerte prematuramente de hasta 15 años, debido a las comorbilidades médicas, muchas de las  cuales  están  relacionadas  con  el  aumento  de  peso. 30   Puede ser  desafiante  abordar  tanto  necesidades  de  salud  física,  como mental en esta población, pero debido a la interacción de ambas condiciones,  debería  considerarse  una  prioridad,  tanto  a  nivel individual como de sistema de salud. La evidencia demuestra que las personas con problemas de salud mental a menudo no reciben atención;  esto  puede  evitarse  con  un  enfoque  de  detección estandarizado. 31

---

Fragmento 2 [Doc: 07_El-rol-de-la-salud-mental-en-el-tratamiento-de-la-obesidad.pdf, chunk: 24, dist: 0.269]:
## INTRODUCCIÓN

Al igual que el intentar desentrañar la etiología de la obesidad, actualmente el entender la asociación entre el aumento de peso y los trastornos mentales va más allá de nuestras capacidades. 21 Conocemos  las  vulnerabilidades  asociadas  a  un  mayor  riesgo, tanto  de  aumento  de  peso  en  quienes  padecen  un  trastorno mental, y a la inversa, de  problemas de salud mental en quienes viven con obesidad; y conocemos el resultado, la presencia de una enfermedad puede impactar a la otra. 22,23  También sabemos que el  sesgo  inconsciente,  un  factor  al  que  se  enfrentan  a  menudo aquellas personas con obesidad y enfermedades  mentales, se  agrava  cuando  las  enfermedades  concurren  y  puede  ser especialmente perjudicial en los escenarios médicos. 24

---

Fragmento 3 [Doc: 01_Practicas-y-politicas-para-reducir-los-sesgos-sobre-el-peso-en-el-manejo-de-la-obesidad-1.pdf, chunk: 30, dist: 0.288]:
## CONSECUENCIAS PARA LA SALUD MENTAL

Está  bien  demostrado  que  ser  víctima  de  sesgo,  estigma  y discriminación por peso se ha asociado a peores resultados en salud mental. Las personas que viven con obesidad pueden enfrentar impactos negativos en su salud mental, debido a su peso corporal, en múltiples niveles de su entorno. 59  Medidas globales de salud mental indican que experiencias de sesgo de peso están asociadas con estrés psicológico, tanto en personas que buscan tratamiento, como en muestras de población general. 53 Consecuencias psicosociales  de  sesgo  de  peso  incluyen  la  no  adherencia  a la  medicación,  ansiedad,  mayor  estrés  percibido,  aislamiento social,  consumo  de  sustancias,  estrategias  de  afrontamiento desadaptativas y menor apoyo social. 53   En personas adultas que viven con obesidad que buscan tratamiento se ha observado una mayor internalización de sesgo de peso asociada con un fuerte impacto negativo en la imagen corporal. 60

---

Fragmento 4 [Doc: 07_El-rol-de-la-salud-mental-en-el-tratamiento-de-la-obesidad.pdf, chunk: 27, dist: 0.296]:
Dada  la  alta  prevalencia  de  dificultades  en  salud  mental  en quienes  ya  están  con  la  obesidad,  no  es  sorprendente  que  los trastornos mentales sean más prevalentes en quienes presentan comorbilidades relacionadas con  el peso  y  quienes  buscan tratamiento  para  manejarlo.  Por  lo  tanto,  es  crucial  que  los profesionales de la salud que atienden a personas con obesidad prioricen también  las necesidades de salud mental de los pacientes. 29

---

Fragmento 5 [Doc: 09_La-actividad-fisica-en-el-tratamiento-de-la-obesidad.pdf, chunk: 53, dist: 0.331]:
## SALUD MENTAL Y CALIDAD DE VIDA

Las personas con sobrepeso u obesidad tienen un mayor riesgo de  desarrollar  depresión,  según  una  revisión  sistemática  y  un metaanálisis de estudios longitudinales. 104  Está documentado que la actividad física puede utilizarse para prevenir (o para tratar en el caso de la terapia) los trastornos del estado de ánimo (es decir, depresión, ansiedad), y para mejorar la calidad de vida y la imagen corporal en poblaciones no clínicas y clínicas. 18 Sin  embargo, la evidencia sobre la eficacia de la actividad física para mejorar los trastornos del estado de ánimo en personas adultas con sobrepeso u obesidad es menos concluyente."
77,"La evidencia sugiere que la obesidad está asociada con un mayor riesgo de desarrollar depresión. Esto se debe a una serie de factores, incluidos los problemas de salud física, la percepción de discriminación relacionada con el peso y otros determinantes sociales de la salud. En particular, las personas con obesidad tipo II y III tienen un riesgo más elevado de presentar síntomas depresivos (Doc: 01_Practicas-y-politicas-para-reducir-los-sesgos-sobre-el-peso-en-el-manejo-de-la-obesidad-1.pdf). Además, el estrés y otros factores como la falta de sueño pueden contribuir tanto al aumento de peso como a la disminución de la actividad física, complicando aún más la relación entre estas dos condiciones (Doc: 04_Prevencion-y-reduccion-de-danos-de-la-obesidad-en-personas-adultas.pdf).

Por lo tanto, aunque la obesidad puede estar relacionada con la depresión, también es importante considerar que ambos pueden influirse mutuamente en un ciclo difícil de romper (Doc: 07_El-rol-de-la-salud-mental-en-el-tratamiento-de-la-obesidad.pdf).","Fragmento 1 [Doc: 01_Practicas-y-politicas-para-reducir-los-sesgos-sobre-el-peso-en-el-manejo-de-la-obesidad-1.pdf, chunk: 33, dist: 0.221]:
La  depresión  está  asociada  con  el  aumento  de  peso  corporal,  y las  personas  que  viven  con  obesidad  tienen  un  mayor  riesgo  de depresión,  especialmente  aquellas  diagnosticadas  con  obesidad tipo  II  y  III. 62 La  evidencia  reciente  sugiere  que  la  percepción  de discriminación por el peso corporal puede ser una explicación para esta relación, con particular evidencia en adultos de edad media y  personas  mayores. 47,62,63 En  una  muestra  de  255  personas  con trastorno por atracón que buscaban tratamiento, la internalización del sesgo de peso se relacionó con peores puntuaciones generales en salud mental, y los síntomas depresivos mediaban esta relación. 16

---

Fragmento 2 [Doc: 09_La-actividad-fisica-en-el-tratamiento-de-la-obesidad.pdf, chunk: 53, dist: 0.299]:
## SALUD MENTAL Y CALIDAD DE VIDA

Las personas con sobrepeso u obesidad tienen un mayor riesgo de  desarrollar  depresión,  según  una  revisión  sistemática  y  un metaanálisis de estudios longitudinales. 104  Está documentado que la actividad física puede utilizarse para prevenir (o para tratar en el caso de la terapia) los trastornos del estado de ánimo (es decir, depresión, ansiedad), y para mejorar la calidad de vida y la imagen corporal en poblaciones no clínicas y clínicas. 18 Sin  embargo, la evidencia sobre la eficacia de la actividad física para mejorar los trastornos del estado de ánimo en personas adultas con sobrepeso u obesidad es menos concluyente.

---

Fragmento 3 [Doc: 04_Prevencion-y-reduccion-de-danos-de-la-obesidad-en-personas-adultas.pdf, chunk: 17, dist: 0.342]:
Por otra parte, aunque es indudable que una mala alimentación y  la  falta  de  actividad  física  son  importantes  factores  de  riesgo para  el  desarrollo  de  obesidad,  pueden  existir  otros  factores que también jueguen un rol muy importante. Es por esto que el personal médico deba considerar las posibles causas subyacentes del  aumento  de  peso,  y  no  solo  enfocarse  en  el  síntoma  del aumento de peso. Por ejemplo, el estrés, el trabajo por turnos o la falta de sueño podrían ser la causa principal del aumento de la ingesta alimentaria; y por otra parte la depresión y el cansancio pueden provocar una disminución de la actividad física. Además, dependiendo de la situación, el atenuar el aumento de peso en lugar de prevenirlo o bajar de peso puede ser un objetivo más razonable y posible de alcanzar. 13

---

Fragmento 4 [Doc: 07_El-rol-de-la-salud-mental-en-el-tratamiento-de-la-obesidad.pdf, chunk: 26, dist: 0.347]:
Los  mecanismos  subyacentes  a  la  asociación  entre  trastorno mental  y  el  aumento  de  peso  de  inicio  temprano  y  persistente son  múltiples,  e  involucran  tanto  a  factores  biológicos  como psicológicos que se superponen sobre un trasfondo de determinantes sociales de la salud, así como a la medicación y sus efectos metabólicos secundarios. Esta asociación está respaldada por investigaciones clínicas y epidemiológicas que reportan tasas de prevalencia de sobrepeso y obesidad del 25-60% en el caso del trastorno bipolar, del 30-70% en el caso de la esquizofrenia y del 20-50% en el caso de la depresión. 26,27  También se han establecido vínculos  entre  el  sobrepeso/obesidad  y  el  trastorno  por  atracón (TA), el trastorno por déficit de atención e hiperactividad (TDAH) y el trastorno por estrés postraumático (TEPT). 21,28

---

Fragmento 5 [Doc: 07_El-rol-de-la-salud-mental-en-el-tratamiento-de-la-obesidad.pdf, chunk: 28, dist: 0.351]:
Ser consciente de la asociación entre trastorno mental y obesidad no es un simple ejercicio académico. Las personas que padecen trastornos mentales presentan una mayor morbilidad y mortalidad, en algunos casos con un riesgo de muerte prematuramente de hasta 15 años, debido a las comorbilidades médicas, muchas de las  cuales  están  relacionadas  con  el  aumento  de  peso. 30   Puede ser  desafiante  abordar  tanto  necesidades  de  salud  física,  como mental en esta población, pero debido a la interacción de ambas condiciones,  debería  considerarse  una  prioridad,  tanto  a  nivel individual como de sistema de salud. La evidencia demuestra que las personas con problemas de salud mental a menudo no reciben atención;  esto  puede  evitarse  con  un  enfoque  de  detección estandarizado. 31"
78,"No dispongo de suficiente información en las guías oficiales para responder a tu pregunta. Sin embargo, es importante considerar que el cansancio puede ser provocado por varios factores, como una mala alimentación, la falta de actividad física, estrés, problemas de sueño, depresión, entre otros. Te recomendaría consultar con un profesional de salud para una evaluación más precisa de tus síntomas.","Fragmento 1 [Doc: 16_Cirugia-bariatrica-Tratamiento-postoperatorio.pdf, chunk: 168, dist: 0.586]:
| Anemia y fatiga                                                                          | Proteínas, zinc, cobre, selenio                                                 |
| Anemia Microcítica                                                                       | Hierro, cobre, piridoxina, vitamina E                                           |
| Anemia macrocítica                                                                       | B12, folato                                                                     |
| Neutropenia                                                                              | Cobre                                                                           |
| Sistema nervioso                                                                         |                                                                                 |

---

Fragmento 2 [Doc: 04_Prevencion-y-reduccion-de-danos-de-la-obesidad-en-personas-adultas.pdf, chunk: 17, dist: 0.621]:
Por otra parte, aunque es indudable que una mala alimentación y  la  falta  de  actividad  física  son  importantes  factores  de  riesgo para  el  desarrollo  de  obesidad,  pueden  existir  otros  factores que también jueguen un rol muy importante. Es por esto que el personal médico deba considerar las posibles causas subyacentes del  aumento  de  peso,  y  no  solo  enfocarse  en  el  síntoma  del aumento de peso. Por ejemplo, el estrés, el trabajo por turnos o la falta de sueño podrían ser la causa principal del aumento de la ingesta alimentaria; y por otra parte la depresión y el cansancio pueden provocar una disminución de la actividad física. Además, dependiendo de la situación, el atenuar el aumento de peso en lugar de prevenirlo o bajar de peso puede ser un objetivo más razonable y posible de alcanzar. 13

---

Fragmento 3 [Doc: 06_Evaluacion-del-paciente-que-vive-con-obesidad.pdf, chunk: 121, dist: 0.627]:
| Otros problemas de salud mental/ impulsores | Detectar trastornos por déficit de atención e hiperactividad, tras- torno por estrés postraumático y duelo crónico Impacto psicológico del peso anterior hasta el actual                                   | Considerar derivar a psiquiatría/psicología Revisar los desafíos respecto a la imagen corporal, la autoestima                                                                                                                                                                                                                                                                                                                                                                                                                                                                                |

---

Fragmento 4 [Doc: 08_Terapia-de-nutricion-medica-de-la-obesidad.pdf, chunk: 102, dist: 0.639]:
Los  patrones  de  alimentación  restrictiva,  los  tratamientos  de  la obesidad  (por  ejemplo,  medicamentos,  cirugía  bariátrica)  y  las interacciones  entre  fármacos  y  nutrientes  también  pueden  dar lugar a deficiencias de micronutrientes, en concreto, de vitamina B12 y de hierro. 165,174,175   T ambién hay cada vez más pruebas de deficiencias  de  tiamina  (vitamina  B1)  y  de  magnesio. 176 Se  ha demostrado que la deficiencia de vitamina B12 está asociada a categorías  de  IMC  más  altas; 177 sin  embargo,  se  advierte  de  la interpretación  de  los  estudios  observacionales  debido  a  la  gran heterogeneidad dentro de los estudios. El mal estado del hierro también se ha asociado a la obesidad, con un riesgo 1,31 veces mayor de padecer una deficiencia de hierro en las personas con obesidad

---

Fragmento 5 [Doc: 08_Terapia-de-nutricion-medica-de-la-obesidad.pdf, chunk: 124, dist: 0.643]:
|                                                     | Hambre, saciedad   | Presión arterial   | Lípidos en sangre   | Peso   | Circunferencia de la cintura   | Composición corporal   | Morbilidad y mortalidad por ECV, EAC   | Riesgo de ECV   | Control glicémico   | Riesgo de diabetes tipo 2   | Síndrome metabólico   | Calidad de vida   | Depresión   |
|-----------------------------------------------------|--------------------|--------------------|---------------------|--------|--------------------------------|------------------------|----------------------------------------|-----------------|---------------------|-----------------------------|-----------------------|-------------------|-------------|"
79,"Sí, la obesidad afecta las articulaciones. Existen evidencias de que hay una asociación significativa entre la grasa corporal y el dolor musculoesquelético, especialmente en articulaciones como la columna lumbar, las rodillas y los pies. La grasa corporal se considera un mejor indicador de riesgo para problemas en estas áreas que el peso corporal en sí.

Además, el exceso de peso desplaza el centro de gravedad y aumenta la tensión mecánica tanto en las articulaciones como en otros tejidos corporales, lo que puede inducir limitaciones físicas, discapacidades y alteraciones significativas en la calidad de vida debido al dolor. Se ha indicado que cada 10% de aumento en la grasa corporal incrementa el riesgo de dolor lumbar en un 23%. Esto resalta la importancia de abordar la obesidad no solo desde la perspectiva de la pérdida de peso, sino reconociendo el impacto que tiene en la salud de las articulaciones y el bienestar general de la persona. 

Esta información proviene del documento ""Facilitar la participación en las actividades de la vida diaria de las personas con obesidad"".","Fragmento 1 [Doc: 05_Facilitar-la-participacion-en-las-actividades-de-la-vida-diaria-de-las-personas-con-obesidad.pdf, chunk: 21, dist: 0.407]:
Aptitud física: La aptitud física es importante para las tareas de la vida y la salud cotidiana. En general, la aptitud física es menor en las personas con sobrepeso u obesidad y la pueden mejorar al participar en programas de entrenamiento físico sin centrarse en la pérdida de peso. Los profesionales de la salud deben considerar las  necesidades  y  preferencias  de  la  persona  con  obesidad  a  la hora de asesorar sobre el ejercicio físico. 22

## DOLOR

Existe  una  asociación  significativa  entre  la  grasa  corporal  y  el dolor  musculoesquelético,  particularmente  dolor  generalizado  y en articulaciones como columna lumbar, rodillas y pies, siendo la grasa corporal un mejor indicador de riesgo en comparación con el peso corporal. 23  Además, se ha reportado que el dolor crónico relacionado con la obesidad incluye dolores de cabeza, abdominal, pélvico y neuropático, entre otros. 24

---

Fragmento 2 [Doc: 05_Facilitar-la-participacion-en-las-actividades-de-la-vida-diaria-de-las-personas-con-obesidad.pdf, chunk: 15, dist: 0.427]:
## IMPACTO DE LA OBESIDAD EN EL DESEMPEÑO DE LAS AVD

Los  pacientes  en  tratamiento  para  la  obesidad  suelen  tener dificultades  para  participar  o  realizar  las  AVD  que  incluyen actividades necesarias para el control y el tratamiento satisfactorio de  la  obesidad,  como  el  ejercicio  físico  y  la  preparación  de  las comidas.  La  capacidad  de  hacer  actividades  de  forma  independiente (como bañarse, vestirse y acceder a los servicios sanitarios) también es necesaria para seguir un tratamiento de manejo de la obesidad. Cabe destacar que, el índice de masa corporal (IMC) no siempre es  un  factor  independiente  de  predicción  de  las  dificultades  de movilidad y aunque puede parecer lógico suponer que la forma del cuerpo o la distribución de la grasa corporal tienen un impacto en la movilidad (parte media o baja del cuerpo), no se ha reportado hasta la fecha ninguna asociación con la función o la discapacidad de las extremidades inferiores. 11

---

Fragmento 3 [Doc: 07_El-rol-de-la-salud-mental-en-el-tratamiento-de-la-obesidad.pdf, chunk: 64, dist: 0.444]:
## ¿CUÁL ES EL IMPACTO DE LA ADICCIÓN A LA COMIDA SOBRE LA OBESIDAD?

---

Fragmento 4 [Doc: 13_Farmacoterapia-en-el-tratamiento-de-la-obesidad.pdf, chunk: 70, dist: 0.447]:
El efecto de la farmacoterapia contra la obesidad en la osteoartritis no se ha estudiado adecuadamente.

## Salud mental y calidad de vida

La  elección  de  los  agentes  para  tratar  los  problemas  de  salud mental (por ejemplo, depresión, psicosis) debe tener en cuenta el efecto sobre el peso. La farmacoterapia para el trastorno por atracón  y  el  trastorno  por  déficit  de  atención  e  hiperactividad también debe tomar en consideración el efecto sobre el peso.

Aunque la relación entre la salud mental y la obesidad es compleja, la mayoría de los estudios demuestran que el éxito del tratamiento de la obesidad se asocia a una mejora de los parámetros de salud mental. La pérdida de peso se asocia con una mejor calidad de vida en algunos ensayos de pérdida de peso, pero no en todos. Como la mayoría de los medicamentos contra la obesidad actúan en el cerebro, es importante determinar su efecto y seguridad en los parámetros de salud mental.

---

Fragmento 5 [Doc: 05_Facilitar-la-participacion-en-las-actividades-de-la-vida-diaria-de-las-personas-con-obesidad.pdf, chunk: 22, dist: 0.458]:
Por otra parte, la evidencia muestra que una elevada circunferencia de  cintura  y  la  relación  cintura  cadera  se  asocian  a  un  mayor riesgo de dolor lumbar crónico; por cada 10% de aumento en la grasa corporal el riesgo de dolor lumbar aumenta en un 23%; y, por cada 10 kilos de aumento en la grasa corporal total, el riesgo aumenta en un 24%. 25  Junto a esto, se ha planteado que un bajo nivel de actividad física está asociado con la presencia de dolor lumbar en personas con obesidad. 24  Además, se ha documentado que el exceso de peso desplaza el centro de gravedad y aumenta la tensión mecánica, tanto de las articulaciones como de los tejidos corporales, lo que induce a limitaciones físicas, discapacidades y alteraciones significativas de la calidad de vida debido al dolor. 26"
80,"La ansiedad por la comida puede considerarse un fenómeno común y comprensible, especialmente en el contexto de la obesidad y las conductas alimentarias. Esta ansiedad puede manifestarse como un impulso fuerte de comer, a menudo relacionado con situaciones emocionales o estrés. El conocimiento de los fundamentos neurobiológicos que subyacen a estos impulsos es importante, ya que pueden influir en cómo las personas responden a los antojos (Fragmento 1).

Además, la autorregulación, una habilidad que puede modificarse, juega un papel clave en la gestión de la alimentación. Menores niveles de autorregulación pueden aumentar la vulnerabilidad ante estos impulsos y, por ende, ante la ingesta de alimentos con alto valor de refuerzo (Fragmento 2).

Se ha observado que la ansiedad por la comida puede compartir características con síntomas de adicción, lo que sugiere que algunas personas pueden experimentar una relación problemática con ciertos tipos de alimentos (Fragmento 3). La Escala de Adicción a la Comida de Yale se utiliza para evaluar esta condición, aunque no está reconocida como un diagnóstico oficial en el DSM-5 (Fragmento 4).

En resumen, si estás experimentando ansiedad por la comida, es un fenómeno que puede ser normal en determinadas circunstancias y puede ser abordado con intervenciones adecuadas que refuercen la autorregulación y el manejo emocional. Si sientes que esto te está afectando significativamente, considerar la orientación de un profesional de la salud puede ser beneficioso.","Fragmento 1 [Doc: 10_Intervenciones-psicologicas-y-conductuales-eficaces-en-el-tratamiento-de-la-obesidad.pdf, chunk: 34, dist: 0.448]:
| El personal de salud debe conocer la importancia de los fundamentos neurobiológicos que subyacen al impulso de comer (antojos de comida), así como el rol de la comida como refuerzo (aprendizaje asociativo). Esta información debe utilizarse                             | Las intervenciones conductuales que refuerzan la autorregulación alimentaria mejoran los resultados, sobre todo en aquellos que reportan fuertes ansias de comer. 32-34                                            | NIVEL 2, GRADO B     |

---

Fragmento 2 [Doc: 10_Intervenciones-psicologicas-y-conductuales-eficaces-en-el-tratamiento-de-la-obesidad.pdf, chunk: 118, dist: 0.449]:
Las  habilidades  de  autorregulación/contención  representan  una función  humana  clave,  regida  principalmente  por  la  corteza prefrontal,  y  que  tiene  el  potencial  de  modificarse. 109,110 La autorregulación se considera un rasgo variable, y se cree que los niveles más bajos de autorregulación aumentan la vulnerabilidad a  las  faltas  de  adherencia  cuando  se  exponen  a  alimentos  con alto valor de refuerzo. Los estudios de neuroimagen apoyan este concepto, ya que muestran que una mayor actividad del córtex prefrontal  tras  la  ingesta  de  alimentos  se  asocia  a  un  menor IMC, 111,112 disminución  de  la  ansiedad  por  la  comida 113 y  una pérdida de peso satisfactoria. 32

---

Fragmento 3 [Doc: 07_El-rol-de-la-salud-mental-en-el-tratamiento-de-la-obesidad.pdf, chunk: 65, dist: 0.454]:
La  evidencia  obtenida  de  modelos  animales  sugiere  que  los ingredientes  de  los  alimentos  altamente  procesados  pueden generar respuestas biológicas y conductuales similares a las de la adicción, 81-83  como el craving . 84,85  En los estudios en humanos, los síntomas de  la  adicción  a  la  comida  replican  los  criterios  diagnósticos para el trastorno por uso de sustancias del Manual Diagnóstico y Estadístico de los Trastornos Mentales 5ª edición (DSM-5), lo que ha llevado a utilizar la Escala de Adicción a la Comida de Yale para su evaluación. 84,86,87  Si bien el DSM-5 no reconoce oficialmente a la adicción a la comida como un diagnóstico, la Escala de Adicción a  la  Comida  de  Yale  se  ha  mantenido  como  una  herramienta primaria para definir este constructo

---

Fragmento 4 [Doc: 06_Evaluacion-del-paciente-que-vive-con-obesidad.pdf, chunk: 61, dist: 0.458]:
| Salud mental | Adicción                                                   | + + *        | Escala de adicción a la comida de Yale. 105                                                                                                                                                                                                                                                                                     | En caso de que se inicie farmacoterapia, considerar opciones que no provoquen un aumento del peso (véase el capítulo Prevención y reducción de daños de la obesidad en personas adultas)                                                                                                                                                                             |

---

Fragmento 5 [Doc: 06_Evaluacion-del-paciente-que-vive-con-obesidad.pdf, chunk: 113, dist: 0.458]:
.                                                                                                                                                                                                                                                                                                                         | ¿Hay preocupación por el hambre fisiológica, la alimentación emocional, la alimentación sin sentido, el déficit de conocimientos? 94 Para más detalles, véase el capítulo Terapia de nutrición médica para el tratamiento de la obesidad"
81,"No dispongo de suficiente información en las guías oficiales para responder a tu pregunta. Sin embargo, es importante reconocer que las emociones, como la tristeza, pueden influir en los hábitos alimenticios de las personas. Algunas personas pueden recurrir a la comida como una forma de consuelo o para enfrentar emociones difíciles. Esta relación entre estado de ánimo y comportamiento alimentario es un tema relevante en el manejo de la obesidad y la salud mental. Si necesitas ayuda para explorar esta relación, considera hablar con un profesional de salud mental.","Fragmento 1 [Doc: 06_Evaluacion-del-paciente-que-vive-con-obesidad.pdf, chunk: 60, dist: 0.601]:
| Salud mental | Estado de ánimo/ansiedad                                   | + + * (M>H)  | PHQ-9                                                                                                                                                                                                                                                                                                                           | En caso de que se inicie farmacoterapia, considerar opciones que no provoquen un aumento del peso (véase el capítulo Prevención y reducción de daños de la obesidad en personas adultas)                                                                                                                                                                             |

---

Fragmento 2 [Doc: 01_Practicas-y-politicas-para-reducir-los-sesgos-sobre-el-peso-en-el-manejo-de-la-obesidad-1.pdf, chunk: 33, dist: 0.605]:
La  depresión  está  asociada  con  el  aumento  de  peso  corporal,  y las  personas  que  viven  con  obesidad  tienen  un  mayor  riesgo  de depresión,  especialmente  aquellas  diagnosticadas  con  obesidad tipo  II  y  III. 62 La  evidencia  reciente  sugiere  que  la  percepción  de discriminación por el peso corporal puede ser una explicación para esta relación, con particular evidencia en adultos de edad media y  personas  mayores. 47,62,63 En  una  muestra  de  255  personas  con trastorno por atracón que buscaban tratamiento, la internalización del sesgo de peso se relacionó con peores puntuaciones generales en salud mental, y los síntomas depresivos mediaban esta relación. 16

---

Fragmento 3 [Doc: 06_Evaluacion-del-paciente-que-vive-con-obesidad.pdf, chunk: 121, dist: 0.617]:
| Otros problemas de salud mental/ impulsores | Detectar trastornos por déficit de atención e hiperactividad, tras- torno por estrés postraumático y duelo crónico Impacto psicológico del peso anterior hasta el actual                                   | Considerar derivar a psiquiatría/psicología Revisar los desafíos respecto a la imagen corporal, la autoestima                                                                                                                                                                                                                                                                                                                                                                                                                                                                                |

---

Fragmento 4 [Doc: 06_Evaluacion-del-paciente-que-vive-con-obesidad.pdf, chunk: 120, dist: 0.620]:
| Detección de depresión y ansiedad           | Detectar depresión y ansiedad. Trastornos de la conducta alimentaria                                                                                                                                       | Considerar derivación a psiquiatría/psicología                                                                                                                                                                                                                                                                                                                                                                                                                                                                                                                                               |

---

Fragmento 5 [Doc: 04_Prevencion-y-reduccion-de-danos-de-la-obesidad-en-personas-adultas.pdf, chunk: 39, dist: 0.626]:
## ANTIDEPRESIVOS

Los antidepresivos se asocian a un aumento de peso más moderado que los antipsicóticos.  Un  análisis  reciente  reportó  un  aumento de peso de 2-5 kg asociado a los antidepresivos tricíclicos, a los inhibidores de la monoaminooxidasa y a los inhibidores selectivos de la recaptación de serotonina. 62  Además, una revisión reciente, evidenció  una  gran  variación  en  el  incremento  de  peso  según el  tipo  de antidepresivo,  así por ejemplo  mirtazapina produce un aumento  significativo de peso y por el  contrario bupropión muestra  un  efecto  de  baja  de  peso. 69 Dada  la  alta  prevalencia actual  de  depresión,  los  antidepresivos  pueden  tener  un  mayor impacto global, en comparación a otras condiciones. 34"
82,"Controlar la ansiedad por comer puede requerir un enfoque multifacético que aborde tanto los aspectos psicológicos como los conductuales. Aquí hay algunas estrategias basadas en la información disponible:

1. **Autoregulación Alimentaria**: Desarrollar habilidades de autorregulación es crucial. Esto implica entender y aceptar la sensación de deseo de comer como parte normal del comportamiento humano. Aumentar la conciencia sobre cuándo y por qué se siente el deseo de comer puede ayudar a moderar estas ansias.

2. **Alimentación Basada en la Atención Plena**: Practicar la alimentación consciente puede ayudar a reducir la ansiedad relacionada con la comida. Este enfoque fomenta una relación más saludable con la comida, mejorando la conciencia sobre las sensaciones de hambre y saciedad, y puede disminuir la tendencia a comer en respuesta a recompensas emocionales.

3. **Identificación de Factores Desencadenantes**: Es útil identificar y aceptar los entornos y situaciones que desencadenan el deseo de comer, así como moduladores internos como el estrés, la fatiga y la ansiedad, que pueden influir en el apetito.

4. **Intervenciones Psicológicas**: Las intervenciones que refuercen la autorregulación alimentaria y aborden las emociones relacionada con la comida pueden ser beneficiosas, especialmente para quienes experimentan fuertes ansias de comer.

5. **Conocimiento de la Neurobiología del Apetito**: Entender los aspectos neurobiológicos que subyacen a los antojos de comida puede ayudar a desarrollar estrategias para manejar estos impulsos de manera más efectiva.

Recuerda que cada persona es única, por lo que puede ser útil consultar a un profesional de la salud que pueda ofrecerte un enfoque personalizado para manejar la ansiedad por comer.","Fragmento 1 [Doc: 10_Intervenciones-psicologicas-y-conductuales-eficaces-en-el-tratamiento-de-la-obesidad.pdf, chunk: 34, dist: 0.381]:
| El personal de salud debe conocer la importancia de los fundamentos neurobiológicos que subyacen al impulso de comer (antojos de comida), así como el rol de la comida como refuerzo (aprendizaje asociativo). Esta información debe utilizarse                             | Las intervenciones conductuales que refuerzan la autorregulación alimentaria mejoran los resultados, sobre todo en aquellos que reportan fuertes ansias de comer. 32-34                                            | NIVEL 2, GRADO B     |

---

Fragmento 2 [Doc: 10_Intervenciones-psicologicas-y-conductuales-eficaces-en-el-tratamiento-de-la-obesidad.pdf, chunk: 118, dist: 0.417]:
Las  habilidades  de  autorregulación/contención  representan  una función  humana  clave,  regida  principalmente  por  la  corteza prefrontal,  y  que  tiene  el  potencial  de  modificarse. 109,110 La autorregulación se considera un rasgo variable, y se cree que los niveles más bajos de autorregulación aumentan la vulnerabilidad a  las  faltas  de  adherencia  cuando  se  exponen  a  alimentos  con alto valor de refuerzo. Los estudios de neuroimagen apoyan este concepto, ya que muestran que una mayor actividad del córtex prefrontal  tras  la  ingesta  de  alimentos  se  asocia  a  un  menor IMC, 111,112 disminución  de  la  ansiedad  por  la  comida 113 y  una pérdida de peso satisfactoria. 32

---

Fragmento 3 [Doc: 08_Terapia-de-nutricion-medica-de-la-obesidad.pdf, chunk: 4, dist: 0.430]:
-  Las intervenciones nutricionales para el tratamiento de  la  obesidad  deben  hacer  hincapié  en  las  prácticas alimentarias individuales, la calidad de los alimentos y en una relación saludable con la comida. También se puede incluir  la  alimentación  basada  en  la  atención  plena,  lo que  puede  ayudar  a  reducir  la  ansiedad  por  la  comida, disminuir la alimentación basada en la recompensa, mejorar la satisfacción corporal y aumentar la conciencia de la sensación de hambre y saciedad.
-  La restricción calórica permite bajar de peso a corto plazo (&lt;12 meses) pero no ha demostrado ser sostenible a largo plazo (&gt;12 meses). La restricción calórica puede afectar a las vías neurobiológicas que controlan el apetito, el hambre, los antojos y la regulación del peso corporal, lo cual puede provocar  un  aumento  de  la  ingesta  de  alimentos  y  un aumento de peso.

---

Fragmento 4 [Doc: 10_Intervenciones-psicologicas-y-conductuales-eficaces-en-el-tratamiento-de-la-obesidad.pdf, chunk: 23, dist: 0.437]:
## Fomentar la conciencia del deseo de comer

Utilice la CM para:

-   Fomentar una comprensión del sistema motivacional del deseo como una función cerebral normal.
-   Animar a la PcO a identificar entornos de alto riesgo que generan deseo de comer (condicionamiento pavloviano).
- Fomentar en la PcO la posibilidad de aceptar el deseo de comer como un proceso biológico normal, considerando que la moderación de este puede generar malestar. Sin embargo es de gran utilidad si es en apoyo de los objetivos y valores

## Moduladores

Utilice la CM para:

- Fomentar la identificación y la aceptación de una delimitada lista de moduladores internos que afectan el apetito y que tienen efecto en la capacidad de desear y restringir.
- Revisar y atender problemas como estrés, fatiga, depresión o ansiedad.

## Tabla 1: Revisión de las evidencias

---

Fragmento 5 [Doc: 06_Evaluacion-del-paciente-que-vive-con-obesidad.pdf, chunk: 61, dist: 0.448]:
| Salud mental | Adicción                                                   | + + *        | Escala de adicción a la comida de Yale. 105                                                                                                                                                                                                                                                                                     | En caso de que se inicie farmacoterapia, considerar opciones que no provoquen un aumento del peso (véase el capítulo Prevención y reducción de daños de la obesidad en personas adultas)                                                                                                                                                                             |"
83,No dispongo de suficiente información en las guías oficiales para responder a tu pregunta.,"Fragmento 1 [Doc: 06_Evaluacion-del-paciente-que-vive-con-obesidad.pdf, chunk: 113, dist: 0.460]:
.                                                                                                                                                                                                                                                                                                                         | ¿Hay preocupación por el hambre fisiológica, la alimentación emocional, la alimentación sin sentido, el déficit de conocimientos? 94 Para más detalles, véase el capítulo Terapia de nutrición médica para el tratamiento de la obesidad

---

Fragmento 2 [Doc: 08_Terapia-de-nutricion-medica-de-la-obesidad.pdf, chunk: 176, dist: 0.469]:
| Mejora relacionada al apetito     | Hambre, saciedad, antojos, ganas de comer, palatabilidad de los alimentos Salud Estado Relación                          | intestinal de con                                                                                                                     |
| Salud mental                      | Conductas alimentarias trastornadas, autoestima, autoeficacia, regulación emocional, estado de ánimo/ ansiedad, adicción | Hambre Ansiedad Salud general                                                                                                         |

---

Fragmento 3 [Doc: 10_Intervenciones-psicologicas-y-conductuales-eficaces-en-el-tratamiento-de-la-obesidad.pdf, chunk: 112, dist: 0.478]:
La ingesta de energía que supera las necesidades fisiológicas es un factor,  de  los  varios  existentes,  que  provoca  la  obesidad.  La ingesta  de  calorías  por  encima  de  las  necesidades  energéticas suele producirse en ausencia de una verdadera hambre fisiológica. Se ha sugerido que las propiedades sensoriales de los alimentos apetecibles promueven el deseo de comer, independientemente de las necesidades energéticas reales. 28,31  No es de extrañar que el valor de refuerzo de los alimentos se asocie con el IMC 83,84  y prevé el aumento de peso en la niñez y adultez. 85,86 Las evidencias sugieren que el sistema del apetito es muy sensible a las señales de alimentos apetecibles disponibles en el entorno, y que las señales de  alimentos  apetecibles  pueden  sobrepasar  los  mecanismos homeostáticos  de  saciedad  del  organismo

---

Fragmento 4 [Doc: 03_La-ciencia-de-la-obesidad.pdf, chunk: 11, dist: 0.524]:
## NEUROBIOLOGÍA DE LA INGESTA HEDÓNICA

El  control  homeostático  de  la  ingesta  en  el  hipotálamo  está influido por factores tales como el estado nutricional, la detección y disponibilidad de nutrientes, gusto, olfato y preferencias alimentarias. Además del control hipotalámico de la ingesta, hay otros  sistemas  neuronales  que  intervienen  y  que  proporcionan los aspectos emocionales, placenteros y gratificantes de la alimentación,  también  conocidos  como  ingesta  hedónica.  La ingesta  hedónica  se  basa  en  las  sensaciones  de  gratificación  y placer  que  se  asocian  a  ver,  oler  o  comer  alimentos. 16 Esta  vía significa que el cerebro puede desear la comida, o incluso disfrutar de ella, incluso cuando la persona está completamente saciada. Las señales se transmiten por las vías dopaminérgica, opioide y endocanabinoide  a  través  de  los  respectivos  receptores  en  los blancos descendentes. 17

---

Fragmento 5 [Doc: 03_La-ciencia-de-la-obesidad.pdf, chunk: 19, dist: 0.527]:
. El nivel de grelina aumenta en estado de ayuno y desciende rápidamente tras  la  ingesta  de  una  comida.  Tras  la  ingesta  de  alimentos,  la información sensorial sobre el volumen y la composición de las comidas,  y  sobre  todo  la  saciedad,  se  transmite  al  núcleo  del tracto solitario (NTS) en el tronco del encéfalo a través de las fibras aferentes vagales. El NTS, a su vez, integra y transmite las señales a  las  vías  de  control  homeostático  del  hipotálamo,  influyendo principalmente en la saciedad. 10"
84,"Para dejar de comer en exceso, es fundamental adoptar un enfoque integral que vaya más allá de la simple restricción calórica. Aquí algunos consejos basados en la información disponible:

1. **Desarrolla una relación saludable con la comida**: Es crucial trabajar en cómo percibes y te relacionas con la comida. Practicar la atención plena puede ayudarte a ser más consciente de tus hábitos alimentarios y reducir la ansiedad relacionada con la comida.

2. **Escucha a tu cuerpo**: Aumenta tu conciencia sobre las señales de hambre y saciedad. Aprende a identificar cuándo realmente estás hambriento y cuándo estás satisfecho.

3. **Evita dietas restrictivas**: Las restricciones drásticas pueden llevar a cambios en tu cuerpo que, con el tiempo, pueden resultar en un aumento de peso. En lugar de ""hacer dieta"", busca comer de manera equilibrada y variada, incluyendo una amplia gama de alimentos saludables cada día.

4. **Consultación con un profesional**: Trabaja con un nutricionista certificado que pueda ofrecerte un plan personalizado y asesoramiento continuo sobre cómo ajustar tu ingesta alimentaria de manera que sea sostenible y adecuada a tus necesidades personales.

5. **Practica comer de manera consciente**: Come despacio, disfruta de tus alimentos y evita distracciones mientras comes, lo que puede ayudar a reducir la ingesta excesiva.

6. **Informate sobre la alimentación**: Aprende a leer las etiquetas de los alimentos y limita el consumo de aquellos con alto contenido de sodio, azúcares o grasas saturadas.

Recuerda que el cambio de hábitos alimenticios puede requerir tiempo y paciencia. Es importante ser amable contigo mismo durante este proceso de ajuste.","Fragmento 1 [Doc: 08_Terapia-de-nutricion-medica-de-la-obesidad.pdf, chunk: 4, dist: 0.445]:
-  Las intervenciones nutricionales para el tratamiento de  la  obesidad  deben  hacer  hincapié  en  las  prácticas alimentarias individuales, la calidad de los alimentos y en una relación saludable con la comida. También se puede incluir  la  alimentación  basada  en  la  atención  plena,  lo que  puede  ayudar  a  reducir  la  ansiedad  por  la  comida, disminuir la alimentación basada en la recompensa, mejorar la satisfacción corporal y aumentar la conciencia de la sensación de hambre y saciedad.
-  La restricción calórica permite bajar de peso a corto plazo (&lt;12 meses) pero no ha demostrado ser sostenible a largo plazo (&gt;12 meses). La restricción calórica puede afectar a las vías neurobiológicas que controlan el apetito, el hambre, los antojos y la regulación del peso corporal, lo cual puede provocar  un  aumento  de  la  ingesta  de  alimentos  y  un aumento de peso.

---

Fragmento 2 [Doc: 08_Terapia-de-nutricion-medica-de-la-obesidad.pdf, chunk: 11, dist: 0.468]:
su  nutricionista  para  discutir  las  ventajas  y  desventajas  de los diferentes patrones de alimentación en cuanto le ayuden a  lograr  sus  objetivos  de  salud.  La  forma  de  comer  es  tan importante como cuánto y qué se come. Intente comer de manera consciente y tener una relación sana con la comida.

Hacer 'dieta' o restringir drásticamente la ingesta de alimentos puede provocar cambios en su cuerpo que, con el tiempo, podrían hacerle recuperar el peso.

Acuda a un nutricionista certificado que le ofrezca un plan personalizado  y  le  brinde  asesoramiento  continuo  sobre  su estado de salud y sus requerimientos nutricionales.

---

Fragmento 3 [Doc: 08_Terapia-de-nutricion-medica-de-la-obesidad.pdf, chunk: 118, dist: 0.483]:
SI

## ACONSEJAR: Proporcionar/reforzar los mensajes nutricionales clave para todos los adultos

- Satisfacer los valores, preferencias y objetivos individuales que sean culturalmente aceptables, asequibles y sostenibles
- Utilizar un lenguaje centrado en la persona y enfocado en el paciente que no excluya a la persona por su peso y que excluya dietas.
- Seguir las recomendaciones de la Guía alimentaria para una alimentación saludable (según corresponda a la persona)

## Comer sanamente no solo se limita a los alimentos que consumimos

- Sea consciente de sus hábitos alimentarios
- Cocine más a menudo
- Saboree sus alimentos
- Consuma sus comidas en buena compañía
- Utilice la información contenida en las etiquetas de los alimentos
- Limite el consume de alimentos con alto contenido de sodio, azúcares o grasas saturadas
- Sea consciente de que la publicidad sobre alimentos puede influir en sus decisiones alimentarias

## Acostúmbrese a comer variedad de alimentos saludables cada día

---

Fragmento 4 [Doc: 08_Terapia-de-nutricion-medica-de-la-obesidad.pdf, chunk: 24, dist: 0.485]:
## INTRODUCCIÓN

Generalmente,  se  suele  estigmatizar  a  las  personas  que  viven con  obesidad 61   y  a  las  personas  con  cuerpos  más  grandes. También se les crítica por los alimentos y porciones que escogen y  sus  comportamientos  alimentarios. 61-63   Muchos  esfuerzos  de mercadotecnia social, salud pública y mensajes clínicos sobre comida se han centrado en comer menos o elegir alimentos buenos. Como consecuencia de estos mensajes, las dietas y los objetivos centrados en la pérdida de peso perpetúan la noción de que la pérdida de peso y/o la salud pueden alcanzarse únicamente mediante la restricción calórica, la privación de alimentos y/o las prácticas de dieta. Estos relatos simplistas a menudo ignoran que la pérdida de peso podría ser insostenible, no debido a las elecciones personales o a la falta de voluntad, sino debido a fuertes mecanismos biológicos y fisiológicos que protegen al cuerpo contra la pérdida de peso.

---

Fragmento 5 [Doc: 08_Terapia-de-nutricion-medica-de-la-obesidad.pdf, chunk: 42, dist: 0.487]:
Aunque  el  TMN  que  consigue  un  déficit  calórico  puede  dar lugar a una pérdida de peso a corto plazo (de seis a 12 meses), el cambio de peso no suele mantenerse en el tiempo. Además, la recomendación común de que un déficit calórico de 500 kcal/día o 3500 kcal/semana produciría una pérdida de peso de 0,45 kg no es válida, ya que la pérdida de peso no es lineal. 73,74 Polidori et al. cuantificaron por primera vez la cantidad de ingesta calórica compensada por los cambios de pérdida de peso en seres humanos de vida libre y estimaron que el apetito aumentaba en ~100 kcal/día por cada kilogramo de peso perdido, lo que contribuía al aumento de peso con el tiempo. 75  La restricción calórica puede, en algunas personas, conducir a impulsos fisiopatológicos que promueven el aumento de peso a través del aumento del hambre, el apetito y la disminución de la saciedad. 66 Además, las restricciones calóricas pueden tener consecuencias negativas para la salud del esqueleto"
85,"La dificultad para mantener una dieta puede deberse a múltiples factores relacionados tanto con aspectos fisiológicos como psicológicos. Según la información disponible en el contexto proporcionado, algunas razones incluyen:

1. **Mecanismos biológicos y fisiológicos:** El cuerpo tiene fuertes mecanismos que protegen contra la pérdida de peso, haciéndola insostenible a largo plazo. Estos mecanismos incluyen un aumento del apetito y de la ingesta calórica por cada kilogramo de peso perdido, lo que puede contribuir a recuperar el peso con el tiempo (Fragmento 4).

2. **Cambios en la saciedad:** La restricción calórica puede llevar a una disminución de la saciedad, lo que significa que te sentirás menos lleno a pesar de haber comido, lo que a largo plazo puede provocar un aumento en la ingesta de alimentos (Fragmento 4).

3. **Relación con la comida:** Hacer ""dieta"" o tener una relación poco saludable con la comida puede causar que la restricción drástica de la ingesta de alimentos no sea sostenible y que se produzcan impulsos hacia comportamientos alimentarios menos saludables (Fragmento 2).

4. **Intervenciones no individualizadas:** Muchas de las dietas y programas de restricción calórica no están adaptados a las necesidades y circunstancias individuales, lo que las hace más difíciles de seguir y mantener (Fragmento 5).

5. **Percepción cultural y estigmatización:** La presión social y las expectativas sobre la alimentación y el peso pueden afectar tu comportamiento alimentario y tu autoestima, complicando aún más la adherencia a una dieta (Fragmento 1).

En resumen, mantener una dieta es un desafío complejo que involucra tanto el cuerpo como la mente, y es fundamental buscar un enfoque personalizado y un asesoramiento continuo, como el que ofrece un nutricionista certificado, para mejorar las posibilidades de éxito a largo plazo.","Fragmento 1 [Doc: 08_Terapia-de-nutricion-medica-de-la-obesidad.pdf, chunk: 24, dist: 0.492]:
## INTRODUCCIÓN

Generalmente,  se  suele  estigmatizar  a  las  personas  que  viven con  obesidad 61   y  a  las  personas  con  cuerpos  más  grandes. También se les crítica por los alimentos y porciones que escogen y  sus  comportamientos  alimentarios. 61-63   Muchos  esfuerzos  de mercadotecnia social, salud pública y mensajes clínicos sobre comida se han centrado en comer menos o elegir alimentos buenos. Como consecuencia de estos mensajes, las dietas y los objetivos centrados en la pérdida de peso perpetúan la noción de que la pérdida de peso y/o la salud pueden alcanzarse únicamente mediante la restricción calórica, la privación de alimentos y/o las prácticas de dieta. Estos relatos simplistas a menudo ignoran que la pérdida de peso podría ser insostenible, no debido a las elecciones personales o a la falta de voluntad, sino debido a fuertes mecanismos biológicos y fisiológicos que protegen al cuerpo contra la pérdida de peso.

---

Fragmento 2 [Doc: 08_Terapia-de-nutricion-medica-de-la-obesidad.pdf, chunk: 11, dist: 0.494]:
su  nutricionista  para  discutir  las  ventajas  y  desventajas  de los diferentes patrones de alimentación en cuanto le ayuden a  lograr  sus  objetivos  de  salud.  La  forma  de  comer  es  tan importante como cuánto y qué se come. Intente comer de manera consciente y tener una relación sana con la comida.

Hacer 'dieta' o restringir drásticamente la ingesta de alimentos puede provocar cambios en su cuerpo que, con el tiempo, podrían hacerle recuperar el peso.

Acuda a un nutricionista certificado que le ofrezca un plan personalizado  y  le  brinde  asesoramiento  continuo  sobre  su estado de salud y sus requerimientos nutricionales.

---

Fragmento 3 [Doc: 08_Terapia-de-nutricion-medica-de-la-obesidad.pdf, chunk: 145, dist: 0.504]:
| Restricción* calórica                                                                                                | i Presión arterial, lípidos, glucosa 70,190,191 i Densidad ósea 76 i Fuerza muscular 192 i TMB 193                                                                                                                                                                                                                                                          |                                                                                                                                                                                                               | Gran pérdida de peso inicial 70,72,135,194                                                                                                                                  | Difícil de sostener, recuperación de peso pérdida de peso a largo plazo <5% 70,72,135,194                              |

---

Fragmento 4 [Doc: 08_Terapia-de-nutricion-medica-de-la-obesidad.pdf, chunk: 42, dist: 0.508]:
Aunque  el  TMN  que  consigue  un  déficit  calórico  puede  dar lugar a una pérdida de peso a corto plazo (de seis a 12 meses), el cambio de peso no suele mantenerse en el tiempo. Además, la recomendación común de que un déficit calórico de 500 kcal/día o 3500 kcal/semana produciría una pérdida de peso de 0,45 kg no es válida, ya que la pérdida de peso no es lineal. 73,74 Polidori et al. cuantificaron por primera vez la cantidad de ingesta calórica compensada por los cambios de pérdida de peso en seres humanos de vida libre y estimaron que el apetito aumentaba en ~100 kcal/día por cada kilogramo de peso perdido, lo que contribuía al aumento de peso con el tiempo. 75  La restricción calórica puede, en algunas personas, conducir a impulsos fisiopatológicos que promueven el aumento de peso a través del aumento del hambre, el apetito y la disminución de la saciedad. 66 Además, las restricciones calóricas pueden tener consecuencias negativas para la salud del esqueleto

---

Fragmento 5 [Doc: 11_La-atencion-y-asistencia-primaria-en-el-manejo-de-la-obesidad.pdf, chunk: 124, dist: 0.511]:
. Esto podría deberse a que la intervención dietética era más indicativa y no individualizada; y, por lo tanto, insostenible. El uso de intervenciones basadas en la web puede seguir siendo una opción rentable en la comunidad para lograr una pérdida de peso  relevante,  especialmente  en  aquellas  comunidades  donde los recursos son escasos. Para mitigar la recuperación de peso, lo ideal es que el asesoramiento sobre la dieta y la actividad física se adapte a cada persona."
86,"Para cambiar tus hábitos alimenticios de manera saludable y sostenible, te sugiero seguir estos pasos basados en la información de las guías de nutrición:

1. **Satisfacer tus valores y preferencias**: Asegúrate de que los cambios que realices sean culturalmente aceptables y sostenibles para ti. Esto te ayudará a mantener el compromiso con los nuevos hábitos.

2. **Cocina más a menudo**: Preparar tus propias comidas te permite tener un mayor control sobre los ingredientes y las porciones, lo que puede contribuir a una alimentación más saludable.

3. **Comer de manera consciente**: Saborea tus alimentos y come en buena compañía. Esto no solo mejora tu experiencia alimentaria, sino que también puede ayudarte a ser más consciente de lo que consumes.

4. **Variedad de alimentos**: Acostúmbrate a incluir una amplia gama de alimentos saludables en tu dieta diaria. Esto incluye consumir abundantes vegetales y frutas, alimentos ricos en proteínas (especialmente de origen vegetal), y elegir granos integrales.

5. **Mantén una hidratación adecuada**: Hacer del agua tu bebida habitual puede reducir la ingesta de calorías vacías provenientes de bebidas azucaradas.

6. **Limita los alimentos poco saludables**: Reduce la ingesta de alimentos altos en sodio, azúcares y grasas saturadas. También debes ser consciente de cómo la publicidad puede influir en tus elecciones alimentarias.

7. **Considera el asesoramiento profesional**: Si estás interesado en hacer cambios significativos en tu dieta, podría ser útil acudir a un nutricionista para obtener un plan personalizado y apoyo continuo.

Recuerda que cambiar los hábitos alimenticios es un proceso y puede llevar tiempo. La clave es ser paciente y reconocer que los pequeños cambios sostenidos pueden resultar en grandes beneficios a largo plazo.","Fragmento 1 [Doc: 08_Terapia-de-nutricion-medica-de-la-obesidad.pdf, chunk: 118, dist: 0.384]:
SI

## ACONSEJAR: Proporcionar/reforzar los mensajes nutricionales clave para todos los adultos

- Satisfacer los valores, preferencias y objetivos individuales que sean culturalmente aceptables, asequibles y sostenibles
- Utilizar un lenguaje centrado en la persona y enfocado en el paciente que no excluya a la persona por su peso y que excluya dietas.
- Seguir las recomendaciones de la Guía alimentaria para una alimentación saludable (según corresponda a la persona)

## Comer sanamente no solo se limita a los alimentos que consumimos

- Sea consciente de sus hábitos alimentarios
- Cocine más a menudo
- Saboree sus alimentos
- Consuma sus comidas en buena compañía
- Utilice la información contenida en las etiquetas de los alimentos
- Limite el consume de alimentos con alto contenido de sodio, azúcares o grasas saturadas
- Sea consciente de que la publicidad sobre alimentos puede influir en sus decisiones alimentarias

## Acostúmbrese a comer variedad de alimentos saludables cada día

---

Fragmento 2 [Doc: 08_Terapia-de-nutricion-medica-de-la-obesidad.pdf, chunk: 119, dist: 0.405]:
## Acostúmbrese a comer variedad de alimentos saludables cada día

- Consuma vegetales y frutas en abundancia
- Consuma alimentos ricos en proteína y elija con mayor frecuencia las proteínas vegetales
- Haga del agua su bebida favorita
- Elija alimentos integrales

## PREGUNTE/EVALUAR

¿Está el paciente interesado en llevar a cabo más cambios nutricionales o está pidiendo apoyo adicional para hacer/mantener los cambios?

SI

## ESTAR DE ACUERDO Y AYUDAR: Explorar opciones, colaborar en la atención

Derivar a un nutricionista

---

Fragmento 3 [Doc: 08_Terapia-de-nutricion-medica-de-la-obesidad.pdf, chunk: 11, dist: 0.416]:
su  nutricionista  para  discutir  las  ventajas  y  desventajas  de los diferentes patrones de alimentación en cuanto le ayuden a  lograr  sus  objetivos  de  salud.  La  forma  de  comer  es  tan importante como cuánto y qué se come. Intente comer de manera consciente y tener una relación sana con la comida.

Hacer 'dieta' o restringir drásticamente la ingesta de alimentos puede provocar cambios en su cuerpo que, con el tiempo, podrían hacerle recuperar el peso.

Acuda a un nutricionista certificado que le ofrezca un plan personalizado  y  le  brinde  asesoramiento  continuo  sobre  su estado de salud y sus requerimientos nutricionales.

---

Fragmento 4 [Doc: 08_Terapia-de-nutricion-medica-de-la-obesidad.pdf, chunk: 120, dist: 0.428]:
| Enfoques alimentarios • Legumbres • Frutas y verduras • Frutos secos • Cereales integrales • Lácteos   | Patrones dietéticos • Patrones de restricción calórica con variación de macronutrientes • Mediterránea • Vegetariana • Portfolio • Bajo índice glicémico • DASH • Nórdica • Suplementos alimenticios • Ayuno intermitente   | Intervenciones conductuales intensivas con equipo multidisciplinario • Modificación del comportamiento • Nutrición • Suplementos alimenticios • Actividad física • Educación • Autocontrol/autocuidado • Medicamentos • Visitas de seguimiento frecuentes   |

---

Fragmento 5 [Doc: 03_La-ciencia-de-la-obesidad.pdf, chunk: 48, dist: 0.431]:
La actividad física regular aumenta el gasto energético y mejora la salud cardiovascular. Los cambios de comportamiento son, con mucho, el  componente  más  importante  para  integrar  patrones de alimentación y actividad que sean satisfactorios a largo plazo. Pueden incluir el autocontrol o el registro de un diario de alimentos y ejercicios, el apoyo de familiares o amistades o el asesoramiento individual o en grupo. Los cambios de comportamiento a corto plazo conducen a una pérdida de peso discreta del 3-5%, pero suele ser difícil de mantener. Las tasas de reincidencia en la pérdida de  peso  son  altas  porque  nuestro  cuerpo  está  diseñado  para resistirse a la pérdida de peso. La reducción del gasto energético y las respuestas hormonales adaptativas tras la pérdida de peso pueden favorecer la recuperación de peso.

Una revisión sistemática descubrió que la tasa promedio de gasto energético  en  reposo  disminuía  en  aproximadamente  15  kcal/kg"
87,"Es importante reconocer que las recaídas son una parte común y normal del proceso de manejo de la obesidad. El tratamiento de la obesidad involucra cambios significativos en el comportamiento y el estilo de vida, lo cual puede ser desafiante. Las recaídas pueden ser vistas como oportunidades para aprender y ajustar las estrategias utilizadas. 

En el contexto de las intervenciones psicológicas y conductuales, se menciona la ""prevención de recaídas"" como un componente esencial. Esto indica que se debe tener un plan en su lugar para afrontar las recaídas cuando ocurran, lo que puede incluir la identificación de desencadenantes y la aplicación de estrategias como la reestructuración cognitiva y el autorrefuerzo para volver a encaminarse (Doc: 10_Intervenciones-psicologicas-y-conductuales-eficaces-en-el-tratamiento-de-la-obesidad.pdf).

La comprensión de que las recaídas son parte del proceso puede contribuir a mantener una mentalidad positiva y resiliente en el camino hacia un peso saludable.","Fragmento 1 [Doc: 10_Intervenciones-psicologicas-y-conductuales-eficaces-en-el-tratamiento-de-la-obesidad.pdf, chunk: 85, dist: 0.543]:
. En su revisión sistemática, Burgess  et  al. 5 informaron  que  la  asistencia  a  las  sesiones  y el  aumento de la actividad física se asociaban con el uso de la entrevista motivacional, establecimiento de objetivos,  resolución de  problemas,  control  de  estímulos,  prevención  de  recaídas, gestión de conductas, reestructuración cognitiva y autorrefuerzo.

---

Fragmento 2 [Doc: 04_Prevencion-y-reduccion-de-danos-de-la-obesidad-en-personas-adultas.pdf, chunk: 36, dist: 0.577]:
También  puede  ser  importante  considerar  si  los  medicamentos son necesarios para el control a largo plazo, y si corresponde; el cambio a un medicamento con un mejor perfil de aumento de peso para la terapia de mantención. 66  Si se toma la decisión de cambiar los medicamentos, se debe monitorizar posibles efectos secundarios, tales como el insomnio de rebote, y para asegurar que no se produzcan recaídas.

---

Fragmento 3 [Doc: 06_Evaluacion-del-paciente-que-vive-con-obesidad.pdf, chunk: 122, dist: 0.581]:
| Adicción dependencia                        | Condición de fumador Consumo de alcohol Consumo de cannabinoides y otras sustancias psicoactivas Abuso de drogas actual o previo Consumo excesivo de bebidas con cafeína (por ejemplo, bebidas azucaradas) | Considerar derivación a psiquiatría/psicología                                                                                                                                                                                                                                                                                                                                                                                                                                                                                                                                               |

---

Fragmento 4 [Doc: 06_Evaluacion-del-paciente-que-vive-con-obesidad.pdf, chunk: 121, dist: 0.596]:
| Otros problemas de salud mental/ impulsores | Detectar trastornos por déficit de atención e hiperactividad, tras- torno por estrés postraumático y duelo crónico Impacto psicológico del peso anterior hasta el actual                                   | Considerar derivar a psiquiatría/psicología Revisar los desafíos respecto a la imagen corporal, la autoestima                                                                                                                                                                                                                                                                                                                                                                                                                                                                                |

---

Fragmento 5 [Doc: 06_Evaluacion-del-paciente-que-vive-con-obesidad.pdf, chunk: 61, dist: 0.607]:
| Salud mental | Adicción                                                   | + + *        | Escala de adicción a la comida de Yale. 105                                                                                                                                                                                                                                                                                     | En caso de que se inicie farmacoterapia, considerar opciones que no provoquen un aumento del peso (véase el capítulo Prevención y reducción de daños de la obesidad en personas adultas)                                                                                                                                                                             |"
88,"La motivación para bajar de peso es un factor crucial en el proceso de cambio y puede lograr resultados más exitosos si se enfoca en aspectos que van más allá del número en la balanza. Aquí hay algunas estrategias basadas en los documentos revisados:

1. **Establece objetivos alcanzables**: En lugar de centrarte únicamente en la pérdida de peso, considera establecer metas de conductas o hábitos que sean realistas y específicos. Esto puede incluir, por ejemplo, aumentar tu actividad física o mejorar tus hábitos alimentarios.

2. **Fomenta la motivación intrínseca**: La motivación que proviene de tus propios deseos y necesidades, en lugar de presiones externas, tiende a ser más efectiva. Reflexiona sobre las razones personales para querer mejorar tu salud y bienestar, como aumentar tu energía, mejorar tu calidad de vida o sentirte mejor contigo mismo.

3. **Registra tu progreso**: Llevar un diario donde anotes tus alimentos y ejercicios puede ser útil. Esto no solo te ayudará a ser más consciente de tus hábitos, sino que también puede ofrecerte una sensación de logro.

4. **Busca apoyo social**: Contar con el respaldo de familiares, amigos o grupos de apoyo puede ser muy motivador. Compartir tus experiencias y desafíos puede aliviar la carga emocional y mantenerte enfocado en tus objetivos.

5. **Conciencia sobre la salud y no solo sobre el peso**: Cambia el enfoque del peso hacia la mejora de la salud y la calidad de vida. Establecer objetivos que reflejen valores personales y que no se centren exclusivamente en la pérdida de peso puede llevar a cambios más sostenibles.

Recuerda que el proceso de bajar de peso puede ser complicado y es importante ser amable contigo mismo. La mejora de la calidad de vida es un resultado fundamental de abordar la obesidad, así que asegúrate de celebrar cualquier progreso que logres y busca obtener satisfacción en el proceso.","Fragmento 1 [Doc: 04_Prevencion-y-reduccion-de-danos-de-la-obesidad-en-personas-adultas.pdf, chunk: 61, dist: 0.447]:
Es necesario que evitemos la sobre preocupación por el peso por ser un indicador poco confiable del estado de salud. Pesarse es una conducta que puede considerarse iatrogénica si la persona no tiene una comprensión integral de los factores que lo llevan a estar en determinado estado, incluyendo su propia biología-genética, al estar en una sociedad que venera la delgadez, que favorece los ciclos  de  dietas  y  que  estigmatiza  el  sobrepeso  y  obesidad.  Por su parte, buscar una forma de bajar peso también puede seguir patrones ilusorios y sesgados de las reales causas: dietas restrictivas o más ejercicio, etc. Por todo esto, se debe generar conciencia de la  dinámica  personal  de  salud  y  factores  que  afectan  el  estado corporal individual (el estrés, la falta de sueño) para favorecer una baja o mantenimiento del peso acorde a un criterio de realidad para cada persona.

## Referencias

---

Fragmento 2 [Doc: 10_Intervenciones-psicologicas-y-conductuales-eficaces-en-el-tratamiento-de-la-obesidad.pdf, chunk: 39, dist: 0.458]:
| para establecer una comprensión que no enjuicie las barreras al cambio que presentan las personas con obesidad (reduciendo el estigma) y ayudando a identificar aquellos objetivos comportamentales que son alcanzables, en el contexto de la fuerza de este impulso. 28-31 | Sentir satisfacción en la forma de manejo de la obesidad está asociado con mejores resultados y puede fomentarse como un objetivo alternativo para la consecución de un peso específico. 42,43                     | NIVEL 1B, GRADO A    |

---

Fragmento 3 [Doc: 10_Intervenciones-psicologicas-y-conductuales-eficaces-en-el-tratamiento-de-la-obesidad.pdf, chunk: 95, dist: 0.475]:
. Sin embargo, la motivación intrínseca y la autoeficacia parecen ser mediadores centrales del cambio de comportamiento sostenido. Además, la mejora de la calidad de vida es un resultado fundamental de las intervenciones de control de la obesidad. Por lo tanto, es lógico que las intervenciones conductuales eficaces deban contribuir a reducir  el  prejuicio  internalizado  sobre  la  obesidad  para  que  se logren estos resultados.

---

Fragmento 4 [Doc: 03_La-ciencia-de-la-obesidad.pdf, chunk: 48, dist: 0.477]:
La actividad física regular aumenta el gasto energético y mejora la salud cardiovascular. Los cambios de comportamiento son, con mucho, el  componente  más  importante  para  integrar  patrones de alimentación y actividad que sean satisfactorios a largo plazo. Pueden incluir el autocontrol o el registro de un diario de alimentos y ejercicios, el apoyo de familiares o amistades o el asesoramiento individual o en grupo. Los cambios de comportamiento a corto plazo conducen a una pérdida de peso discreta del 3-5%, pero suele ser difícil de mantener. Las tasas de reincidencia en la pérdida de  peso  son  altas  porque  nuestro  cuerpo  está  diseñado  para resistirse a la pérdida de peso. La reducción del gasto energético y las respuestas hormonales adaptativas tras la pérdida de peso pueden favorecer la recuperación de peso.

Una revisión sistemática descubrió que la tasa promedio de gasto energético  en  reposo  disminuía  en  aproximadamente  15  kcal/kg

---

Fragmento 5 [Doc: 11_La-atencion-y-asistencia-primaria-en-el-manejo-de-la-obesidad.pdf, chunk: 2, dist: 0.487]:
## MENSAJES CLAVE PARA LAS PERSONAS CON OBESIDAD

<!-- image -->

-  La  prevención  del  aumento  de  peso  es  importante  y relevante, la pérdida de peso es potencialmente muy difícil dependiendo de los impulsores del aumento de peso de la persona. Establecer un objetivo funcional basado en el valor cambia el enfoque del peso a la salud y la calidad de vida, lo cual puede ayudar a realizar cambios sostenibles.

## Cómo citar este documento"
89,"Entiendo que sentir frustración durante el proceso de manejo de la obesidad es completamente normal. Aquí hay algunas estrategias que pueden ser útiles:

1. **Replantea la frustración**: Considera la forma en que estás interpretando tu situación actual. Intenta cambiar el enfoque de ver la frustración como un fracaso a uno que puede proporcionar oportunidades de aprendizaje. La idea es ver las mesetas en el peso como momentos de reflexión (Doc: 10).

2. **Establecer metas realistas**: Asegúrate de que tus objetivos sean alcanzables y sostenibles. Esto puede reducir la sensación de frustración al brindarte logros que celebrar a lo largo del camino (Doc: 10).

3. **Automonitoreo del comportamiento**: Llevar un registro de tus hábitos puede ayudarte a identificar patrones que ocasionen frustración y, a su vez, permitirte abordarlos con más eficacia (Doc: 10).

4. **Resolución de problemas**: Analiza las barreras que sientes y piensa en estrategias para superarlas. Esto puede incluir la reestructuración cognitiva, donde reflexionas sobre tus comportamientos y los alineas con tus valores (Doc: 10).

5. **Comunicación motivacional**: Hablar sobre tus sentimientos de frustración con alguien en quien confíes puede ser un paso importante. La comunicación efectiva puede ayudarte a reflexionar sobre tu situación (Doc: 10).

6. **Fomenta la motivación intrínseca**: Intenta enfocarte en los aspectos positivos de tu viaje hacia la salud, como el impacto en tu bienestar general y calidad de vida. Esto puede ayudarte a mantener la motivación a largo plazo (Doc: 10).

Recuerda que es un proceso y cada paso que das cuenta. No estás solo en esto, y buscar apoyo también puede ser muy beneficioso.","Fragmento 1 [Doc: 10_Intervenciones-psicologicas-y-conductuales-eficaces-en-el-tratamiento-de-la-obesidad.pdf, chunk: 125, dist: 0.627]:
| 6 - Establecer objetivos de resultados                               | 16 - Fomentar el automonitoreo del comportamiento             | 26 - Fomentar la práctica                                | 36 - Formación en manejo del estrés/control de las emociones |
| 7 - Planificación de la acción                                       | 17 - Fomentar el automonitoreo del resultado                  | 27 - Utilización de estímulos de seguimiento             | 37 - Entrevista motivacional                                 |
| 8 - Identificación de barreras/resolución de problemas               | 18 - Fomentar centrarse en éxitos pasados                     | 28 - Facilitar la comparación social                     | 38 - Gestión del tiempo                                      |

---

Fragmento 2 [Doc: 10_Intervenciones-psicologicas-y-conductuales-eficaces-en-el-tratamiento-de-la-obesidad.pdf, chunk: 56, dist: 0.629]:
Consideremos,  por  ejemplo,  la  experiencia  de  la  meseta  en  el peso. Cuando una persona se esfuerza mucho por perder peso y luego alcanza una meseta, ¿continuará con los comportamientos asociados a los resultados positivos o dejará de hacerlo? Si perciben la  meseta  como  un  fracaso,  es  probable  que  dejen  de  hacerlo (porque el refuerzo cesó, es decir, un castigo). Si comprendieran el  concepto  de  'mejor  peso'  y  vieran  la  meseta  como  un éxito  (refuerzo),  probablemente  continuarían.  Muchas  de  las intervenciones cognitivas en el tratamiento de la obesidad están diseñadas  para  ayudar  al  paciente  a  replantear  las  experiencias desde  un  contexto  interpretativo  negativo  (castigo)  a  uno  más positivo (refuerzo). Aquí se puede ver que el comportamiento y la psicología están fuertemente entrelazados.

---

Fragmento 3 [Doc: 10_Intervenciones-psicologicas-y-conductuales-eficaces-en-el-tratamiento-de-la-obesidad.pdf, chunk: 20, dist: 0.637]:
Establecer y secuenciar objetivos que sean realistas y alcanzables.

Promover que la PcO analice su propio comportamiento y sus obstáculos, utilizando la resolución de problemas y el reencuadre cognitivo, mediante la clarificación y reflexión de los comportamientos basados en valores. (Use la tabla siguiente, pida permiso para educar y apoyar la gestión de los problemas previsibles que afectan al éxito).

## Abordar los prejuicios internalizados

Utilice la comunicación motivacional (CM; preguntar, escuchar, resumir, invitar) para favorecer la reflexión de la obesidad como una condición médica crónica y progresiva.

Considere describir: aspectos genéticos, la respuesta neurohormonal a la pérdida de peso que favorece la recuperación del mismo, detalles sobre los tratamientos eficaces y los posibles resultados adversos del prejuicio internalizado (baja autoestima, indefensión aprendida, depresión).

## Fomentar un comportamiento orientado a los valores

---

Fragmento 4 [Doc: 10_Intervenciones-psicologicas-y-conductuales-eficaces-en-el-tratamiento-de-la-obesidad.pdf, chunk: 10, dist: 0.638]:
-  Eduque al paciente en una visión de éxito que se relacione con el establecimiento de metas alcanzables y sostenibles a las que pueda adherirse, mientras desarrolla la confianza para superar ciertos obstáculos y favorece una motivación intrínseca para mantener el plan. Las metas deben tener un impacto positivo en la salud, el funcionamiento y la calidad de vida.
-  Promover que el paciente:
-  Establezca y ordene  objetivos que  sean  realistas y alcanzables.
-  Comience a automonitorear su comportamiento.
-  Analice las barreras y los contratiempos utilizando la resolución de problemas y la reestructuración cognitiva,  incluyendo  aclarar  y  reflexionar  sobre  los comportamientos  basados  en  valores.  En  la  figura  1 se ilustra cómo apoyar al paciente en su camino hacia restablecer un equilibrio en su estado de salud y calidad de vida.

---

Fragmento 5 [Doc: 11_La-atencion-y-asistencia-primaria-en-el-manejo-de-la-obesidad.pdf, chunk: 61, dist: 0.639]:
. Se cree que este enfoque del tratamiento reduce la sensación de privación y aumenta la autoeficacia y el empoderamiento, todo lo cual puede repercutir positivamente en la adherencia y el éxito a largo plazo."
90,"Sí, la obesidad tiene componentes psicológicos significativos. Existen múltiples factores que contribuyen a la relación entre la obesidad y los trastornos mentales. Por ejemplo, la depresión está asociada con el aumento de peso corporal, y las personas con obesidad tienen un mayor riesgo de desarrollar depresión. Esta relación puede verse influenciada por la percepción de discriminación por el peso, lo que también afecta la salud mental.

Además, las personas que viven con obesidad pueden experimentar sesgo, estigma y discriminación relacionados con su peso, lo que se ha vinculado a peores resultados en la salud mental, incluyendo mayor estrés, ansiedad, y problemas de imagen corporal. Estas consecuencias psicosociales pueden causar que las personas adopten estrategias de afrontamiento desadaptativas, afectando su bienestar general y su capacidad de adherirse a tratamientos.

La investigación también sugiere que los mecanismos que subyacen a la obesidad incluyen factores biológicos y psicológicos, además de determinantes sociales de salud. Con todo, es importante reconocer que el manejo de la obesidad debe considerar la salud mental de los individuos, ya que ambas condiciones pueden influenciarse mutuamente (información extraída de ""El rol de la salud mental en el tratamiento de la obesidad"" y ""Prácticas y políticas para reducir los sesgos sobre el peso en el manejo de la obesidad"").","Fragmento 1 [Doc: 07_El-rol-de-la-salud-mental-en-el-tratamiento-de-la-obesidad.pdf, chunk: 24, dist: 0.326]:
## INTRODUCCIÓN

Al igual que el intentar desentrañar la etiología de la obesidad, actualmente el entender la asociación entre el aumento de peso y los trastornos mentales va más allá de nuestras capacidades. 21 Conocemos  las  vulnerabilidades  asociadas  a  un  mayor  riesgo, tanto  de  aumento  de  peso  en  quienes  padecen  un  trastorno mental, y a la inversa, de  problemas de salud mental en quienes viven con obesidad; y conocemos el resultado, la presencia de una enfermedad puede impactar a la otra. 22,23  También sabemos que el  sesgo  inconsciente,  un  factor  al  que  se  enfrentan  a  menudo aquellas personas con obesidad y enfermedades  mentales, se  agrava  cuando  las  enfermedades  concurren  y  puede  ser especialmente perjudicial en los escenarios médicos. 24

---

Fragmento 2 [Doc: 01_Practicas-y-politicas-para-reducir-los-sesgos-sobre-el-peso-en-el-manejo-de-la-obesidad-1.pdf, chunk: 33, dist: 0.343]:
La  depresión  está  asociada  con  el  aumento  de  peso  corporal,  y las  personas  que  viven  con  obesidad  tienen  un  mayor  riesgo  de depresión,  especialmente  aquellas  diagnosticadas  con  obesidad tipo  II  y  III. 62 La  evidencia  reciente  sugiere  que  la  percepción  de discriminación por el peso corporal puede ser una explicación para esta relación, con particular evidencia en adultos de edad media y  personas  mayores. 47,62,63 En  una  muestra  de  255  personas  con trastorno por atracón que buscaban tratamiento, la internalización del sesgo de peso se relacionó con peores puntuaciones generales en salud mental, y los síntomas depresivos mediaban esta relación. 16

---

Fragmento 3 [Doc: 01_Practicas-y-politicas-para-reducir-los-sesgos-sobre-el-peso-en-el-manejo-de-la-obesidad-1.pdf, chunk: 30, dist: 0.346]:
## CONSECUENCIAS PARA LA SALUD MENTAL

Está  bien  demostrado  que  ser  víctima  de  sesgo,  estigma  y discriminación por peso se ha asociado a peores resultados en salud mental. Las personas que viven con obesidad pueden enfrentar impactos negativos en su salud mental, debido a su peso corporal, en múltiples niveles de su entorno. 59  Medidas globales de salud mental indican que experiencias de sesgo de peso están asociadas con estrés psicológico, tanto en personas que buscan tratamiento, como en muestras de población general. 53 Consecuencias psicosociales  de  sesgo  de  peso  incluyen  la  no  adherencia  a la  medicación,  ansiedad,  mayor  estrés  percibido,  aislamiento social,  consumo  de  sustancias,  estrategias  de  afrontamiento desadaptativas y menor apoyo social. 53   En personas adultas que viven con obesidad que buscan tratamiento se ha observado una mayor internalización de sesgo de peso asociada con un fuerte impacto negativo en la imagen corporal. 60

---

Fragmento 4 [Doc: 10_Intervenciones-psicologicas-y-conductuales-eficaces-en-el-tratamiento-de-la-obesidad.pdf, chunk: 49, dist: 0.350]:
Por otra parte, ¿existe evidencia científica que determine que  las  intervenciones  psicológicas  y  conductuales  impactan positivamente en la vida de las personas con obesidad?, y ¿cuál es su impacto en la salud, funcionalidad, calidad de vida y peso de ellas? Examinaremos la literatura desde dos perspectivas: En primer lugar, se revisará la bibliografía que determina una relación positiva entre las intervenciones conductuales multicomponentes y el peso, así como sus resultados de salud asociados. Debido a lo extenso de esta literatura, también es posible identificar cuáles son  los  cambios  asociados  al  éxito,  tanto  conductuales  (por ejemplo, pesarse regularmente) como psicológicos (por ejemplo, la  motivación  intrínseca).  En  segundo  lugar,  examinaremos  los factores  que  facilitan  el  componente  'hacer'  en  las  personas. Hay importantes factores contextuales que influyen en el cambio sostenido  del  comportamiento

---

Fragmento 5 [Doc: 07_El-rol-de-la-salud-mental-en-el-tratamiento-de-la-obesidad.pdf, chunk: 26, dist: 0.351]:
Los  mecanismos  subyacentes  a  la  asociación  entre  trastorno mental  y  el  aumento  de  peso  de  inicio  temprano  y  persistente son  múltiples,  e  involucran  tanto  a  factores  biológicos  como psicológicos que se superponen sobre un trasfondo de determinantes sociales de la salud, así como a la medicación y sus efectos metabólicos secundarios. Esta asociación está respaldada por investigaciones clínicas y epidemiológicas que reportan tasas de prevalencia de sobrepeso y obesidad del 25-60% en el caso del trastorno bipolar, del 30-70% en el caso de la esquizofrenia y del 20-50% en el caso de la depresión. 26,27  También se han establecido vínculos  entre  el  sobrepeso/obesidad  y  el  trastorno  por  atracón (TA), el trastorno por déficit de atención e hiperactividad (TDAH) y el trastorno por estrés postraumático (TEPT). 21,28"
91,"Es comprensible que te sientas frustrado tras haber intentado varias dietas sin éxito. Es importante recordar que la forma de comer es tan relevante como la cantidad y el tipo de alimentos que consumes. Hacer una dieta estricta o restringir drásticamente la ingesta de alimentos puede dificultar la sostenibilidad a largo plazo y provocar la recuperación del peso (Fragmento 1).

Te recomendaría acudir a un nutricionista certificado. Este profesional puede ofrecerte un plan personalizado, ajustándose a tus necesidades y objetivos de salud, y brindarte apoyo continuo en tu proceso. Es fundamental tener una relación saludable con la comida y considerar estrategias que promuevan cambios a largo plazo en lugar de enfoques restrictivos (Fragmento 1 y 5).

Además, es importante reconocer que las intervenciones nutricionales afectan a cada persona de forma diferente y que no existe un único enfoque que funcione para todos (Fragmento 3). Esto sugiere que podrías explorar diferentes patrones de alimentación que se adapten mejor a tu estilo de vida y preferencias.

Recuerda que la pérdida de peso puede verse afectada por varios factores, y a veces, se puede necesitar ajustar el enfoque o incluso considerar terapias médicas adicionales bajo la supervisión de un profesional (Fragmento 2). Este proceso puede llevar tiempo y paciencia, pero cada paso que tomes hacia una mejor salud es valioso.","Fragmento 1 [Doc: 08_Terapia-de-nutricion-medica-de-la-obesidad.pdf, chunk: 11, dist: 0.446]:
su  nutricionista  para  discutir  las  ventajas  y  desventajas  de los diferentes patrones de alimentación en cuanto le ayuden a  lograr  sus  objetivos  de  salud.  La  forma  de  comer  es  tan importante como cuánto y qué se come. Intente comer de manera consciente y tener una relación sana con la comida.

Hacer 'dieta' o restringir drásticamente la ingesta de alimentos puede provocar cambios en su cuerpo que, con el tiempo, podrían hacerle recuperar el peso.

Acuda a un nutricionista certificado que le ofrezca un plan personalizado  y  le  brinde  asesoramiento  continuo  sobre  su estado de salud y sus requerimientos nutricionales.

---

Fragmento 2 [Doc: 13_Farmacoterapia-en-el-tratamiento-de-la-obesidad.pdf, chunk: 14, dist: 0.508]:
Si no se consigue una pérdida de peso clínicamente significativa con  la farmacoterapia, deben  evaluarse  otros factores  que contribuyan  a  la  percepción  del  fracaso  de  la  misma,  como  la dosificación  o  el  cumplimiento  inadecuado,  las  barreras  para el  cambio  conductual  y  los  problemas  psicosociales  o  médicos. También hay que reconocer que existe una considerable heterogeneidad en la respuesta a la farmacoterapia con cualquier agente farmacoterapéutico. Debe considerarse la posibilidad de probar otra medicación para la obesidad si no se ha conseguido un éxito clínicamente significativo en su control después de tres meses  con  la  dosis  completa/máxima  tolerada  y  no  hay  otras etiologías  evidentes  de  su  causa.  En  la  actualidad,  no  tenemos capacidad  para  predecir  qué  medicación  beneficiará  más  a  un paciente

---

Fragmento 3 [Doc: 08_Terapia-de-nutricion-medica-de-la-obesidad.pdf, chunk: 29, dist: 0.513]:
Las intervenciones nutricionales tradicionales para tratar la obesidad  se  han  concentrado  en  estrategias  que  promueven la  pérdida  de  peso  mediante  una  dieta  restrictiva.  Aunque es  necesario  un  déficit  calórico  para  empezar  a  perder  peso, mantenerlo puede ser difícil a largo plazo debido a los mecanismos de  compensación  que  estimulan  la  ingesta  de  calorías  a  través del aumento del hambre y el deseo de comer. 64-66  El personal de salud, los formuladores de políticas, los pacientes y el público en general han de saber que las intervenciones nutricionales afectan a  cada  persona  de  forma  diferente  y  que,  por  tanto,  no  existe un enfoque o una intervención nutricional único que sea el más adecuado. 67

---

Fragmento 4 [Doc: 08_Terapia-de-nutricion-medica-de-la-obesidad.pdf, chunk: 24, dist: 0.521]:
## INTRODUCCIÓN

Generalmente,  se  suele  estigmatizar  a  las  personas  que  viven con  obesidad 61   y  a  las  personas  con  cuerpos  más  grandes. También se les crítica por los alimentos y porciones que escogen y  sus  comportamientos  alimentarios. 61-63   Muchos  esfuerzos  de mercadotecnia social, salud pública y mensajes clínicos sobre comida se han centrado en comer menos o elegir alimentos buenos. Como consecuencia de estos mensajes, las dietas y los objetivos centrados en la pérdida de peso perpetúan la noción de que la pérdida de peso y/o la salud pueden alcanzarse únicamente mediante la restricción calórica, la privación de alimentos y/o las prácticas de dieta. Estos relatos simplistas a menudo ignoran que la pérdida de peso podría ser insostenible, no debido a las elecciones personales o a la falta de voluntad, sino debido a fuertes mecanismos biológicos y fisiológicos que protegen al cuerpo contra la pérdida de peso.

---

Fragmento 5 [Doc: 08_Terapia-de-nutricion-medica-de-la-obesidad.pdf, chunk: 12, dist: 0.526]:
4. Las  personas  adultas  con  obesidad  pueden  considerar cualquiera de las múltiples terapias médicas nutricionales que  mejoran  la  salud,  y  pueden  elegir  los  regímenes alimentarios y los enfoques centrados en la alimentación que mejor se adapten a ellos a largo plazo:
- a. Regímenes dietéticos con restricción calórica  que  hagan  hincapié en rangos variables de distribución de macronutrientes (baja, moderada o alta en hidratos de carbono con una proporción variable de proteínas y grasas) que permitan lograr una pérdida de peso similar durante seis a 12 meses (Nivel 2a, Grado B). 6,7"
92,"Sí, es normal que la pérdida de peso sea lenta. Según la información disponible, los cambios de comportamiento que conducen a la pérdida de peso suelen resultar en una reducción del 3-5% del peso corporal, pero mantener esta pérdida puede ser difícil debido a la resistencia natural del cuerpo a la pérdida de peso. Además, la recuperación de peso tras una pérdida inicial es común, ya que el cuerpo tiende a ajustarse y puede disminuir su gasto energético. 

Es fundamental tener en cuenta que la variabilidad en las tasas de pérdida de peso es normal y que el proceso de cambio de hábitos requiere tiempo y paciencia. Enfocarse en cambios sostenibles en la alimentación y la actividad física, en lugar de en la velocidad de pérdida de peso, puede ser más beneficioso a largo plazo. Recuerda también que la comprensión integral de tu salud, considerando factores como el estrés y el sueño, es igualmente importante en este proceso.","Fragmento 1 [Doc: 04_Prevencion-y-reduccion-de-danos-de-la-obesidad-en-personas-adultas.pdf, chunk: 61, dist: 0.459]:
Es necesario que evitemos la sobre preocupación por el peso por ser un indicador poco confiable del estado de salud. Pesarse es una conducta que puede considerarse iatrogénica si la persona no tiene una comprensión integral de los factores que lo llevan a estar en determinado estado, incluyendo su propia biología-genética, al estar en una sociedad que venera la delgadez, que favorece los ciclos  de  dietas  y  que  estigmatiza  el  sobrepeso  y  obesidad.  Por su parte, buscar una forma de bajar peso también puede seguir patrones ilusorios y sesgados de las reales causas: dietas restrictivas o más ejercicio, etc. Por todo esto, se debe generar conciencia de la  dinámica  personal  de  salud  y  factores  que  afectan  el  estado corporal individual (el estrés, la falta de sueño) para favorecer una baja o mantenimiento del peso acorde a un criterio de realidad para cada persona.

## Referencias

---

Fragmento 2 [Doc: 03_La-ciencia-de-la-obesidad.pdf, chunk: 48, dist: 0.473]:
La actividad física regular aumenta el gasto energético y mejora la salud cardiovascular. Los cambios de comportamiento son, con mucho, el  componente  más  importante  para  integrar  patrones de alimentación y actividad que sean satisfactorios a largo plazo. Pueden incluir el autocontrol o el registro de un diario de alimentos y ejercicios, el apoyo de familiares o amistades o el asesoramiento individual o en grupo. Los cambios de comportamiento a corto plazo conducen a una pérdida de peso discreta del 3-5%, pero suele ser difícil de mantener. Las tasas de reincidencia en la pérdida de  peso  son  altas  porque  nuestro  cuerpo  está  diseñado  para resistirse a la pérdida de peso. La reducción del gasto energético y las respuestas hormonales adaptativas tras la pérdida de peso pueden favorecer la recuperación de peso.

Una revisión sistemática descubrió que la tasa promedio de gasto energético  en  reposo  disminuía  en  aproximadamente  15  kcal/kg

---

Fragmento 3 [Doc: 08_Terapia-de-nutricion-medica-de-la-obesidad.pdf, chunk: 145, dist: 0.476]:
| Restricción* calórica                                                                                                | i Presión arterial, lípidos, glucosa 70,190,191 i Densidad ósea 76 i Fuerza muscular 192 i TMB 193                                                                                                                                                                                                                                                          |                                                                                                                                                                                                               | Gran pérdida de peso inicial 70,72,135,194                                                                                                                                  | Difícil de sostener, recuperación de peso pérdida de peso a largo plazo <5% 70,72,135,194                              |

---

Fragmento 4 [Doc: 16_Cirugia-bariatrica-Tratamiento-postoperatorio.pdf, chunk: 5, dist: 0.480]:
4. Recuerde que su peso más bajo después de la cirugía se producirá entre los 12 y los 18 meses. Después de esto, se produce un aumento natural de peso. Si está subiendo una cantidad excesiva de peso, coméntelo con su equipo bariátrico o con su médico de atención primaria.

## RECOMENDACIONES ADOPTADAS

<!-- image -->

---

Fragmento 5 [Doc: 04_Prevencion-y-reduccion-de-danos-de-la-obesidad-en-personas-adultas.pdf, chunk: 45, dist: 0.489]:
. La reducción inicial es mayor y se hace evidente después de aproximadamente seis semanas de uso con una baja de 2,2 a 3,4 Kg. 75"
93,"Es comprensible que te sientas frustrado por la situación. Existen diversas razones que podrían explicar por qué, a pesar de sentir que comes poco, no logras bajar de peso.

1. **Adaptaciones fisiológicas**: Cuando se pierde peso, el cuerpo experimenta una disminución en el gasto energético en reposo, aproximadamente 15 kcal/kg de peso perdido. Esto significa que, a medida que bajas de peso, tu cuerpo quema menos calorías en reposo, lo que puede hacer más difícil continuar perdiendo peso.

2. **Hormonas**: La pérdida de peso también afecta los niveles hormonales. Hormonas como la leptina (que disminuye) y la grelina (que aumenta) pueden causar un aumento del apetito y una disminución de la saciedad, lo que puede hacer que sientas más hambre incluso si estás comiendo menos.

3. **Efecto de la restricción calórica**: La restricción calórica puede llevar a un aumento del apetito y a cambios en la saciedad, lo que puede dificultar el mantenimiento de la pérdida de peso.

4. **Comportamientos de salud**: Para lograr cambios sostenibles en lo que respecta a la alimentación y el ejercicio, es importante incorporar cambios de comportamiento, como el autocontrol, el registro de alimentos y el apoyo social.

Es fundamental comprender que la pérdida de peso no siempre es lineal y que es normal enfrentar desafíos en el camino. Te recomendaría visitar a un profesional de la salud que pueda proporcionarte orientación personalizada y apoyo en tu proceso.","Fragmento 1 [Doc: 04_Prevencion-y-reduccion-de-danos-de-la-obesidad-en-personas-adultas.pdf, chunk: 61, dist: 0.441]:
Es necesario que evitemos la sobre preocupación por el peso por ser un indicador poco confiable del estado de salud. Pesarse es una conducta que puede considerarse iatrogénica si la persona no tiene una comprensión integral de los factores que lo llevan a estar en determinado estado, incluyendo su propia biología-genética, al estar en una sociedad que venera la delgadez, que favorece los ciclos  de  dietas  y  que  estigmatiza  el  sobrepeso  y  obesidad.  Por su parte, buscar una forma de bajar peso también puede seguir patrones ilusorios y sesgados de las reales causas: dietas restrictivas o más ejercicio, etc. Por todo esto, se debe generar conciencia de la  dinámica  personal  de  salud  y  factores  que  afectan  el  estado corporal individual (el estrés, la falta de sueño) para favorecer una baja o mantenimiento del peso acorde a un criterio de realidad para cada persona.

## Referencias

---

Fragmento 2 [Doc: 03_La-ciencia-de-la-obesidad.pdf, chunk: 49, dist: 0.455]:
Una revisión sistemática descubrió que la tasa promedio de gasto energético  en  reposo  disminuía  en  aproximadamente  15  kcal/kg

Más información: info@ifsochile.cl

<!-- image -->

<!-- image -->

<!-- image -->

<!-- image -->

de  peso  perdido,  como  se  observó  en  2997  personas;  esta disminución  puede  estar  asociada  a  la  reincidencia  en  el  peso corporal. 70  Además, después de la pérdida de peso inducida por una dieta a largo plazo, los niveles de hormonas circulantes, como la  leptina,  la  insulina,  la  GLP-1,  la  CCK,  el  PYY  y  la  grelina,  no vuelven a los niveles registrados antes de la pérdida de peso y, en cambio, actúan favoreciendo la recuperación del peso. 71  Las hormonas  anorexigénicas  (leptina,  insulina,  GLP-1)  se  reducen, mientras  que  los  niveles  de  la  hormona  orexigénica  grelina aumentan. Se ha demostrado que la actividad  física  regular  es un componente integral del mantenimiento del peso corporal a largo plazo. 72,73

---

Fragmento 3 [Doc: 08_Terapia-de-nutricion-medica-de-la-obesidad.pdf, chunk: 42, dist: 0.474]:
Aunque  el  TMN  que  consigue  un  déficit  calórico  puede  dar lugar a una pérdida de peso a corto plazo (de seis a 12 meses), el cambio de peso no suele mantenerse en el tiempo. Además, la recomendación común de que un déficit calórico de 500 kcal/día o 3500 kcal/semana produciría una pérdida de peso de 0,45 kg no es válida, ya que la pérdida de peso no es lineal. 73,74 Polidori et al. cuantificaron por primera vez la cantidad de ingesta calórica compensada por los cambios de pérdida de peso en seres humanos de vida libre y estimaron que el apetito aumentaba en ~100 kcal/día por cada kilogramo de peso perdido, lo que contribuía al aumento de peso con el tiempo. 75  La restricción calórica puede, en algunas personas, conducir a impulsos fisiopatológicos que promueven el aumento de peso a través del aumento del hambre, el apetito y la disminución de la saciedad. 66 Además, las restricciones calóricas pueden tener consecuencias negativas para la salud del esqueleto

---

Fragmento 4 [Doc: 08_Terapia-de-nutricion-medica-de-la-obesidad.pdf, chunk: 145, dist: 0.487]:
| Restricción* calórica                                                                                                | i Presión arterial, lípidos, glucosa 70,190,191 i Densidad ósea 76 i Fuerza muscular 192 i TMB 193                                                                                                                                                                                                                                                          |                                                                                                                                                                                                               | Gran pérdida de peso inicial 70,72,135,194                                                                                                                                  | Difícil de sostener, recuperación de peso pérdida de peso a largo plazo <5% 70,72,135,194                              |

---

Fragmento 5 [Doc: 03_La-ciencia-de-la-obesidad.pdf, chunk: 48, dist: 0.489]:
La actividad física regular aumenta el gasto energético y mejora la salud cardiovascular. Los cambios de comportamiento son, con mucho, el  componente  más  importante  para  integrar  patrones de alimentación y actividad que sean satisfactorios a largo plazo. Pueden incluir el autocontrol o el registro de un diario de alimentos y ejercicios, el apoyo de familiares o amistades o el asesoramiento individual o en grupo. Los cambios de comportamiento a corto plazo conducen a una pérdida de peso discreta del 3-5%, pero suele ser difícil de mantener. Las tasas de reincidencia en la pérdida de  peso  son  altas  porque  nuestro  cuerpo  está  diseñado  para resistirse a la pérdida de peso. La reducción del gasto energético y las respuestas hormonales adaptativas tras la pérdida de peso pueden favorecer la recuperación de peso.

Una revisión sistemática descubrió que la tasa promedio de gasto energético  en  reposo  disminuía  en  aproximadamente  15  kcal/kg"
94,No dispongo de suficiente información en las guías oficiales para responder a tu pregunta.,"Fragmento 1 [Doc: 08_Terapia-de-nutricion-medica-de-la-obesidad.pdf, chunk: 24, dist: 0.469]:
## INTRODUCCIÓN

Generalmente,  se  suele  estigmatizar  a  las  personas  que  viven con  obesidad 61   y  a  las  personas  con  cuerpos  más  grandes. También se les crítica por los alimentos y porciones que escogen y  sus  comportamientos  alimentarios. 61-63   Muchos  esfuerzos  de mercadotecnia social, salud pública y mensajes clínicos sobre comida se han centrado en comer menos o elegir alimentos buenos. Como consecuencia de estos mensajes, las dietas y los objetivos centrados en la pérdida de peso perpetúan la noción de que la pérdida de peso y/o la salud pueden alcanzarse únicamente mediante la restricción calórica, la privación de alimentos y/o las prácticas de dieta. Estos relatos simplistas a menudo ignoran que la pérdida de peso podría ser insostenible, no debido a las elecciones personales o a la falta de voluntad, sino debido a fuertes mecanismos biológicos y fisiológicos que protegen al cuerpo contra la pérdida de peso.

---

Fragmento 2 [Doc: 03_La-ciencia-de-la-obesidad.pdf, chunk: 48, dist: 0.486]:
La actividad física regular aumenta el gasto energético y mejora la salud cardiovascular. Los cambios de comportamiento son, con mucho, el  componente  más  importante  para  integrar  patrones de alimentación y actividad que sean satisfactorios a largo plazo. Pueden incluir el autocontrol o el registro de un diario de alimentos y ejercicios, el apoyo de familiares o amistades o el asesoramiento individual o en grupo. Los cambios de comportamiento a corto plazo conducen a una pérdida de peso discreta del 3-5%, pero suele ser difícil de mantener. Las tasas de reincidencia en la pérdida de  peso  son  altas  porque  nuestro  cuerpo  está  diseñado  para resistirse a la pérdida de peso. La reducción del gasto energético y las respuestas hormonales adaptativas tras la pérdida de peso pueden favorecer la recuperación de peso.

Una revisión sistemática descubrió que la tasa promedio de gasto energético  en  reposo  disminuía  en  aproximadamente  15  kcal/kg

---

Fragmento 3 [Doc: 17_Productos-y-programas-comerciales-para-el-control-de-la-obesidad.pdf, chunk: 5, dist: 0.490]:
mantenimiento del peso a largo plazo; un buen perfil de seguridad; y costos razonables.

-  Las  personas  con  sobrepeso  u  obesidad  deben  desconfiar de  los  programas  de  adelgazamiento  que:  i)  prometen  la pérdida de peso sin dieta ni ejercicio; ii) prometen la pérdida de peso comiendo todo lo que se quiera; iii) prometen la reducción  de  peso  en  lugares  concretos  del  cuerpo; iv)  prometen una pérdida demasiado rápida (por ejemplo, perder 13 kilos en 30 días); o v) incluyen fotos del antes y el después, y testimonios personales que parecen demasiado buenos para ser verdad.

## MENSAJES CLAVE PARA LAS PERSONAS CON OBESIDAD continuación

-  Existen muchos productos naturales para la pérdida de peso sin receta médica, pero ninguno de ellos ha demostrado proporcionar una pérdida de peso clínicamente significativa en estudios científicos de alta calidad.

## RECOMENDACIONES ADOPTADAS

<!-- image -->

---

Fragmento 4 [Doc: articulo.pdf, chunk: 5, dist: 0.490]:
mantenimiento del peso a largo plazo; un buen perfil de seguridad; y costos razonables.

-  Las  personas  con  sobrepeso  u  obesidad  deben  desconfiar de  los  programas  de  adelgazamiento  que:  i)  prometen  la pérdida de peso sin dieta ni ejercicio; ii) prometen la pérdida de peso comiendo todo lo que se quiera; iii) prometen la reducción  de  peso  en  lugares  concretos  del  cuerpo; iv)  prometen una pérdida demasiado rápida (por ejemplo, perder 13 kilos en 30 días); o v) incluyen fotos del antes y el después, y testimonios personales que parecen demasiado buenos para ser verdad.

## MENSAJES CLAVE PARA LAS PERSONAS CON OBESIDAD continuación

-  Existen muchos productos naturales para la pérdida de peso sin receta médica, pero ninguno de ellos ha demostrado proporcionar una pérdida de peso clínicamente significativa en estudios científicos de alta calidad.

## RECOMENDACIONES ADOPTADAS

<!-- image -->

---

Fragmento 5 [Doc: 04_Prevencion-y-reduccion-de-danos-de-la-obesidad-en-personas-adultas.pdf, chunk: 6, dist: 0.493]:
## MENSAJES CLAVE PARA PERSONAS QUE VIVEN CON OBESIDAD

<!-- image -->

-  Prevenir o retardar la aparición de obesidad es probablemente de menor dificultad en comparación a lograr la pérdida de peso y el no subir de peso a largo plazo.
-  Las causas y los factores de riesgo del aumento de peso son muy variados, y van más allá de las preferencias personales en  el  estilo  de  vida,  tales  como  la  ingesta  de  alimentos y  el  ejercicio,  e  incluyen  factores  que  pueden  o  no  ser controlados o tratados (ej. factores genéticos)
-  La obesidad puede desarrollarse por un aumento gradual de  peso  durante  un  largo  periodo  de  tiempo  o  por incrementos de menor duración pero de mayor intensidad en un corto periodo de tiempo.

## INTRODUCCIÓN"
95,No dispongo de suficiente información en las guías oficiales para responder a tu pregunta.,"Fragmento 1 [Doc: 13_Farmacoterapia-en-el-tratamiento-de-la-obesidad.pdf, chunk: 13, dist: 0.507]:
.  Es  importante  evaluar  los  medicamentos concomitantes  que  su  paciente  está  tomando  como  posibles factores contribuyentes al aumento de peso y considerar alternativas cuando sea apropiado.

---

Fragmento 2 [Doc: 16_Cirugia-bariatrica-Tratamiento-postoperatorio.pdf, chunk: 47, dist: 0.508]:
Deben evitarse los anticoagulantes orales directos (DOAC) debido a  la  posibilidad  de  que  disminuya  la  absorción  del  fármaco.  Si se  necesita  un  betabloqueador después de la cirugía bariátrica, puede ser preferible un compuesto hidrofílico como el atenolol. La  biodisponibilidad  de  los  anticonceptivos  orales  puede  verse reducida  tras  la  cirugía  bariátrica,  por  lo  que  es  necesario considerar métodos alternativos como anticonceptivos en parches, inyectables o dispositivos hormonales. Los medicamentos antidiabéticos con riesgo de hipoglucemia (como las sulfonilureas) deben suspenderse y  se  deben  ajustar  las  dosis  de  insulina.  La metformina puede continuar, pero es posible que sea necesario reducir la dosis debido  al aumento  de  la  absorción. 52 Los profesionales  del  equipo  multidisciplinario  pueden  beneficiarse de  la  colaboración  con  el  farmacéutico  para  los  ajustes  de  la medicación.

---

Fragmento 3 [Doc: 08_Terapia-de-nutricion-medica-de-la-obesidad.pdf, chunk: 73, dist: 0.520]:
Las  revisiones  sistemáticas  y  los  metaanálisis  han  demostrado  que estos diferentes patrones dietéticos ayudaron a mejorar los factores de  riesgo cardiometabólico  en  ensayos  controlados  aleatorios. Además, hay evidencias en grandes estudios prospectivos de cohortes que logra una reducción de la aparición de diabetes y enfermedades cardiovasculares en personas con un IMC ≥ 25 kg/m 2 . 6,131

## SUSTITUTOS DE COMIDAS

---

Fragmento 4 [Doc: 13_Farmacoterapia-en-el-tratamiento-de-la-obesidad.pdf, chunk: 57, dist: 0.522]:
## Otros factores de riesgo cardiovascular

La  pérdida  de  peso  inducida  por  la  farmacoterapia  puede  ser beneficiosa  para  mejorar  los  factores  de  riesgo  cardiovascular, además del control glicémico. Un metaanálisis demostró que el orlistat producía una mejora discreta del perfil lipídico y pequeñas reducciones de la presión arterial (véase la tabla 1). 54

---

Fragmento 5 [Doc: 13_Farmacoterapia-en-el-tratamiento-de-la-obesidad.pdf, chunk: 8, dist: 0.523]:
4. Para las personas con prediabetes y sobrepeso u obesidad (IMC  &gt;  27kg/m 2 ),  los  fármacos  pueden  ser  utilizados  en conjunto con la implementación de medidas de cambios del  estilo  de  vida  saludable  para  retardar  o  prevenir  la diabetes  tipo  2:  liraglutida  3.0  mg  (Nivel  2a,  Grado  B),1 orlistat (Nivel 2a, Grado B). 11
5. En  aquellas  personas  con  obesidad  o  sobrepeso  que requieren el uso de medicamentos para otras patologías, sugerimos  la  elección  de  drogas  que  no  se  asocian  a aumento del peso (Nivel 4, Grado D, Consenso).

Certeza de la evidencia: Moderada

Fuerza de la recomendación: Condicional

Certeza de la evidencia: Baja

Fuerza de la recomendación: Condicional

## INTRODUCCIÓN"
96,"Si vives con obesidad y diabetes tipo 2, es fundamental priorizar un enfoque integral que combine la reducción de peso con el control de la diabetes. Aquí te detallo algunas recomendaciones basadas en la evidencia:

1. **Intervenciones conductuales intensivas**: Considera someterte a intervenciones conductuales que te ayuden a reducir tu peso entre un 7-15%. Esto puede potenciar la remisión de la diabetes tipo 2 y mejorar otros aspectos de tu salud, como la nefropatía, la apnea del sueño obstructiva y la depresión (Doc: 08_Terapia-de-nutricion-medica-de-la-obesidad.pdf, fragmento 1).

2. **Terapia médica nutricional**: Te beneficiaría recibir asesoramiento de un nutricionista que puede ayudarte a diseñar un plan de alimentación adecuado para reducir el peso corporal, mejorar la circunferencia de la cintura y lograr un mejor control glicémico y de la presión arterial (Doc: 08_Terapia-de-nutricion-medica-de-la-obesidad.pdf, fragmento 4).

3. **Programas multidisciplinarios**: Participa en programas de atención primaria que ofrezcan un enfoque multidisciplinario, incluyendo estrategias personalizadas que integren nutrición y actividad física (Doc: 11_La-atencion-y-asistencia-primaria-en-el-manejo-de-la-obesidad.pdf, fragmento 8).

4. **Consideración de la farmacoterapia**: Valora con tu médico la posibilidad de utilizar farmacoterapia antidiabética que no solo controle la glucosa, sino que también te ayude a perder peso. Algunos medicamentos como los agonistas del receptor GLP1 y los inhibidores del cotransportador 2 de sodio/glucosa pueden ser útiles en este sentido (Doc: 13_Farmacoterapia-en-el-tratamiento-de-la-obesidad.pdf, fragmento 2).

Es importante que todas estas decisiones sean tomadas en consulta con tu equipo de salud, que puede adaptar las recomendaciones a tu situación particular y asegurarse de que recibes el apoyo necesario en tu proceso de tratamiento y manejo de ambas condiciones.","Fragmento 1 [Doc: 08_Terapia-de-nutricion-medica-de-la-obesidad.pdf, chunk: 22, dist: 0.370]:
6. Las  personas  adultas  que  viven  con  obesidad  y  diabetes tipo  2  deben  contemplar  la  posibilidad  de  someterse  a intervenciones conductuales intensivas orientadas a reducir su peso un 7-15% con el fin de potenciar la remisión de la diabetes tipo 2 (nivel 1a, grado A), 56 reducir la incidencia de  nefropatía  (Nivel  1a,  Grado  A), 57   apnea  del  sueño obstructiva  (Nivel  1a,  Grado  A) 58 y  depresión  (Nivel  1a, Grado A). 59
7. Recomendamos  un  enfoque  no  centrado  en  la  dieta que  mejore  la  calidad  de  vida,  los  aspectos  psicológicos (bienestar general, percepción de la imagen corporal), los parámetros  cardiovasculares,  el  peso,  la  actividad  física, el  déficit  cognitivo  y  las  conductas  alimentarias  (Nivel  3, Grado C). 60

---

Fragmento 2 [Doc: 13_Farmacoterapia-en-el-tratamiento-de-la-obesidad.pdf, chunk: 50, dist: 0.385]:
## Diabetes tipo 2

La obesidad en la diabetes tipo 2 se asocia a un peor control glicémico, de la presión arterial y de los perfiles lipídicos, y a un mayor uso de fármacos hipolipemiantes y antihipertensivos, en comparación con las personas con diabetes que no tienen obesidad. 52

El  efecto de la farmacoterapia antidiabética sobre el peso debe tenerse en cuenta a la hora de elegir la medicación o medicaciones más  adecuadas  para  el  control  glicémico.  Los  agonistas  del receptor GLP1 y los inhibidores del cotransportador 2 de sodio/ glucosa se asocian a la pérdida de peso, además de mejorar el control glicémico. La metformina, los inhibidores de la dipeptidil peptidasa-4 y la acarbosa suelen tener un peso neutro. La insulina, los secretagogos de la insulina y las tiazolidinedionas se asocian al aumento de peso. 53  La farmacoterapia para la obesidad puede ser beneficiosa para la pérdida de peso y la mejora del control de la diabetes.

---

Fragmento 3 [Doc: 15_Cirugia-bariatrica-Opciones-quirurgicas-y-resultados.pdf, chunk: 8, dist: 0.407]:
## RECOMENDACIÓN NUEVA

1. En personas adultas que viven con obesidad clase I con otras comorbilidades diferentes a la diabetes tipo 2, recomendamos el tratamiento quirúrgico como opción de tratamiento (Ver aquí el resumen de la metodología).

Certeza de la evidencia: Moderada Fuerza de la recomendación: Condicional

enfermedades  comúnmente  asociadas  con  la  obesidad, como la diabetes de tipo 2, la apnea del sueño, el hígado graso,  colesterol  elevado  y  la  hipertensión  arterial,  entre muchas otras.

---

Fragmento 4 [Doc: 08_Terapia-de-nutricion-medica-de-la-obesidad.pdf, chunk: 9, dist: 0.408]:
3. Las personas adultas con obesidad y problemas de tolerancia a la glucosa (prediabetes) o diabetes tipo 2 también pueden recibir una terapia médica nutricional a cargo de un nutricionista para reducir el peso corporal, la circunferencia de la cintura y mejorar el control glicémico y la presión arterial. (Nivel 2a, Grado B). 3-5

---

Fragmento 5 [Doc: 11_La-atencion-y-asistencia-primaria-en-el-manejo-de-la-obesidad.pdf, chunk: 10, dist: 0.410]:
8. Los  programas  multidisciplinarios  de  atención  primaria deben considerar estrategias personalizadas de tratamiento de la obesidad como una forma efectiva de apoyo (Nivel 1b, Grado B). 7,8,12
9. Las  intervenciones  de  atención  primaria  basadas  en el  comportamiento  (nutrición,  ejercicio,  intervenciones conductuales), solas o en combinación con la farmacoterapia, deberían utilizarse para controlar el sobrepeso y la obesidad (Nivel 1a, Grado A). 13,14,15
10.  Las sesiones grupales de nutrición y actividad física como las  informadas  por  el  Programa  de  Prevención  de  la Diabetes y en los programas Look AHEAD (Acción para la Salud en la Diabetes) deberían utilizarse como una opción para  el  tratamiento  eficaz  de  adultos  con  sobrepeso  y obesidad (Nivel 1b, Grado A). 16,17,18"
97,"Dejar el tratamiento a medias puede tener varias consecuencias. En el contexto del manejo de la obesidad, es común que las intervenciones generen una pérdida de peso, pero muchas veces esta pérdida es de baja magnitud y de corta duración. La recuperación del peso perdido es un fenómeno frecuente una vez que se interrumpe el tratamiento (Doc: 15_Cirugia-bariatrica-Opciones-quirurgicas-y-resultados.pdf).

Además, si has empezado un tratamiento farmacológico, es recomendable monitorear el peso a intervalos regulares y considerar si es necesario hacer ajustes en la medicación si se experimentan efectos secundarios, como el aumento de peso (Doc: 11_La-atencion-y-asistencia-primaria-en-el-manejo-de-la-obesidad.pdf). 

Dejar el tratamiento de manera abrupta también puede aumentar el riesgo de recaídas en los hábitos alimentarios y de actividad física establecidos durante el tratamiento. Por tanto, es fundamental mantener un seguimiento adecuado y, si decides interrumpir el tratamiento, hacerlo bajo la guía de un profesional de la salud para minimizar posibles efectos negativos.","Fragmento 1 [Doc: 04_Prevencion-y-reduccion-de-danos-de-la-obesidad-en-personas-adultas.pdf, chunk: 36, dist: 0.519]:
También  puede  ser  importante  considerar  si  los  medicamentos son necesarios para el control a largo plazo, y si corresponde; el cambio a un medicamento con un mejor perfil de aumento de peso para la terapia de mantención. 66  Si se toma la decisión de cambiar los medicamentos, se debe monitorizar posibles efectos secundarios, tales como el insomnio de rebote, y para asegurar que no se produzcan recaídas.

---

Fragmento 2 [Doc: 01_Practicas-y-politicas-para-reducir-los-sesgos-sobre-el-peso-en-el-manejo-de-la-obesidad-1.pdf, chunk: 20, dist: 0.532]:
.  En  ciertos  casos, puede ocurrir  que  los  mismos  pacientes  eviten  buscar  ayuda  o abandonen los tratamientos en el sistema de salud. 41-45

---

Fragmento 3 [Doc: 16_Cirugia-bariatrica-Tratamiento-postoperatorio.pdf, chunk: 34, dist: 0.555]:
## Complicaciones psicológicas y tratamientos postoperatorios

---

Fragmento 4 [Doc: 15_Cirugia-bariatrica-Opciones-quirurgicas-y-resultados.pdf, chunk: 12, dist: 0.561]:
Para la mayoría de las personas que viven con obesidad severa, las intervenciones destinadas a establecer hábitos saludables pueden inducir pérdidas de peso de baja magnitud y de corta duración, siendo la recuperación del peso perdido un fenómeno frecuente una  vez  terminado  el  tratamiento.  Adicionalmente,  el  impacto de estas intervenciones en  conseguir  un  adecuado  control de  las  enfermedades  o  trastornos  metabólicos  asociados  es limitado. Por ejemplo, la gran mayoría (74%) de las personas con obesidad severa y diabetes que se sometieron a una intervención conductual  intensiva  en  el  estudio  Look  AHEAD  (Action  for Health in Diabetes) no mantuvieron una pérdida de peso mayor o igual al 10% del peso corporal inicial luego de cuatro años

---

Fragmento 5 [Doc: 11_La-atencion-y-asistencia-primaria-en-el-manejo-de-la-obesidad.pdf, chunk: 42, dist: 0.564]:
Los autores recomiendan que, siempre que sea posible, el personal médico  se  esfuerce  por  seleccionar  aquellos  medicamentos  que se  asocian  con  una  respuesta  más  favorable  al  peso  corporal,  o que realice cambios de medicación en caso de que los pacientes experimenten  efectos  secundarios  de  aumento  de  peso.  El  peso inicial debe medirse antes de iniciar el tratamiento farmacológico, y  el  peso  debe  monitorearse  a  intervalos  regulares.  Un  aumento de  peso  &gt;2,0  kg  en  cuatro  semanas,  en  ausencia  de  cambios de comportamiento, justificaría la intervención. Cuando los medicamentos que favorecen el peso no son una opción, se podrían considerar las intervenciones en el comportamiento de la salud, con o sin terapia adyuvante, para mitigar el aumento de peso. 34

## APOYAR LA CAPACIDAD DE LAS PERSONAS PARA PARTICIPAR EN SU CUIDADO"
98,"Para determinar si tu plan de pérdida de peso está funcionando, puedes considerar varios aspectos clave basados en orientaciones de los documentos relevantes:

1. **Pérdida de peso gradual**: Un objetivo adecuado es una pérdida de peso de entre 0,5 y 1,0 kg por semana. Este es un indicador de que tu plan puede estar funcionando correctamente.

2. **Satisfacción con la pérdida de peso**: Evalúa tu satisfacción con los cambios que estás experimentando. La satisfacción está relacionada con la capacidad de mantener la pérdida de peso y puede influir en tu motivación para continuar con el plan. 

3. **Auto-monitoreo**: Lleva un registro de tus alimentos y actividades. Este comportamiento puede ayudarte no solo a controlar lo que comes, sino también a observar tus patrones y hacer ajustes si es necesario.

4. **Soporte continuo**: Es fundamental recibir retroalimentación y apoyo a lo largo del programa. Esto puede incluir asesoramiento sobre el comportamiento que refuerce tus esfuerzos.

5. **Objetivos realistas**: Evalúa si tus expectativas son realistas y si estás logrando los objetivos establecidos. Esto puede incluir la estabilización del peso si has estado ganando, o el avance hacia una meta de pérdida de peso.

Estos elementos son parte de un programa de control de la obesidad seguro y satisfactorio, y su atención puede brindarte una mejor perspectiva sobre la eficacia de tu plan de pérdida de peso. 

Recuerda que cada persona es diferente y lo que funciona para uno puede no ser lo mismo para otro. Siempre es recomendable consultar con un profesional de la salud para una evaluación más profunda y personalizada.","Fragmento 1 [Doc: 17_Productos-y-programas-comerciales-para-el-control-de-la-obesidad.pdf, chunk: 10, dist: 0.399]:
salud, en la que se detalla lo que se debe buscar en un programa de control de la obesidad seguro y satisfactorio, entre otras cosas:

-  Asesoramiento  sobre  el  comportamiento,  incluido  el  uso  de registros de alimentos y actividades;
-  Debate sobre los determinantes sociales de la salud y su impacto en el peso;
-  Debate sobre los riesgos y beneficios de los medicamentos para el tratamiento de la obesidad;
-  Retroalimentación, control y apoyo continuos por parte del programa;
-  Objetivos de pérdida de peso de 0,5-1,0 kg semanales;
-  Un  componente  específicamente  diseñado  para  tratar  de mantener el peso perdido;
-  Larga duración de los programas. 8

La gente debería desconfiar de los programas de pérdida de peso que:

---

Fragmento 2 [Doc: articulo.pdf, chunk: 10, dist: 0.399]:
salud, en la que se detalla lo que se debe buscar en un programa de control de la obesidad seguro y satisfactorio, entre otras cosas:

-  Asesoramiento  sobre  el  comportamiento,  incluido  el  uso  de registros de alimentos y actividades;
-  Debate sobre los determinantes sociales de la salud y su impacto en el peso;
-  Debate sobre los riesgos y beneficios de los medicamentos para el tratamiento de la obesidad;
-  Retroalimentación, control y apoyo continuos por parte del programa;
-  Objetivos de pérdida de peso de 0,5-1,0 kg semanales;
-  Un  componente  específicamente  diseñado  para  tratar  de mantener el peso perdido;
-  Larga duración de los programas. 8

La gente debería desconfiar de los programas de pérdida de peso que:

---

Fragmento 3 [Doc: 10_Intervenciones-psicologicas-y-conductuales-eficaces-en-el-tratamiento-de-la-obesidad.pdf, chunk: 108, dist: 0.419]:
A diferencia de las expectativas de pérdida de peso, que pueden reconocerse como un problema, pero no considerarse una barrera importante para el éxito, la satisfacción con la pérdida de peso puede ser un constructo más relevante a evaluar. Baldwin et al. 78 llevaron a cabo un estudio longitudinal en el que se examinaron las  relaciones  entre  la  satisfacción  con  la  pérdida  de  peso  (y los  cambios  de  peso  a  lo  largo  del  tiempo)  y  los  resultados  y experiencias de la pérdida de peso, entre personas y dentro de ellas. Estos datos mostraron que la satisfacción estaba relacionada con la pérdida de peso a lo largo del ensayo, así como con variables como automonitoreo, atractivo percibido, retroalimentación positiva y mejora en el ajuste de la ropa (variables de resultado). El nivel de esfuerzo y pensar en las pérdidas de peso exitosas se asociaron positivamente con la satisfacción, mientras que el nivel de frustración se asoció negativamente con la satisfacción.

---

Fragmento 4 [Doc: 06_Evaluacion-del-paciente-que-vive-con-obesidad.pdf, chunk: 110, dist: 0.425]:
. Intentos previos de pérdida de peso y respuesta a las intervenciones (incluyendo intervenciones conductuales, medicamentos, intervenciones endoscópicas y quirúrgicas) Peso más alto y más bajo (en edad adulta, no embarazada en mujeres) Acontecimiento(s) vital(es) importante(s) asociado(s) al cambio de peso Tendencia actual del peso (por ejemplo, ganando, perdiendo, estable) | Puede ayudar a comprender la trayectoria del paciente respecto a los intentos exitosos/fracasados anteriores y las causas del aumento/pérdida de peso en el pasado, la obesidad infantil frente a la adulta Puede ayudar a establecer expectativas realistas Puede ayudar a prevenir un futuro aumento de peso y a orientar el tratamiento conductual y psicológico Puede ayudar a establecer objetivos adecuados (por ejemplo, estabilizar el peso si se está ganando peso) Procesos clave 15,24 • Mostrar compasión • Escuchar de verdad (parafrasear y resumir para asegurarse de entender y validar los pensamientos del paciente) •

---

Fragmento 5 [Doc: 10_Intervenciones-psicologicas-y-conductuales-eficaces-en-el-tratamiento-de-la-obesidad.pdf, chunk: 109, dist: 0.432]:
Ames  et  al. 79 encontraron  de  manera  similar  que  los  niveles más bajos de satisfacción con la pérdida de peso al final de una intervención de sustitución de comidas bajas en calorías se asociaron con el abandono de una intervención de seguimiento conductual. Finch  et  al. 42 sugirieron  que  las  expectativas  de  pérdida  de  peso podrían facilitar el inicio del cambio de conducta, mientras que la satisfacción por la pérdida de peso podría mantener las conductas asociadas al control de la obesidad. En un estudio prospectivo se pudo demostrar la relación entre la satisfacción con la pérdida de peso y el peso posterior. Foster et al. 80  también informaron en un pequeño estudio que la satisfacción con la pérdida de peso en la semana 40 predecía el mantenimiento de la pérdida de peso en la semana 92. Calugi et al. 43  informaron que la satisfacción con la pérdida de peso predecía el mantenimiento del peso en las personas con obesidad severa (IMC ≥ 40 o ≥ 35 con comorbilidades)"
99,"Es posible bajar de peso sin pasar hambre, pero esto requiere un enfoque integral y personalizado. Las intervenciones nutricionales deben centrarse en prácticas alimentarias individuales, la calidad de los alimentos y en desarrollar una relación saludable con la comida. La alimentación basada en la atención plena puede ser especialmente útil porque ayuda a reducir la ansiedad relacionada con la comida, mejora la conciencia de las sensaciones de hambre y saciedad, y promueve la satisfacción corporal.

Es importante tener en cuenta que las dietas restrictivas pueden llevar a un aumento del hambre y el apetito, lo cual puede dificultar la pérdida de peso a largo plazo. De hecho, la restricción calórica tradicional no suele ser sostenible y puede resultar en mecanismos biológicos que favorecen la recuperación de peso. Por lo tanto, una estrategia que incluya alimentos de alta calidad, una atención consciente a las señales de hambre y saciedad, y un enfoque en la salud general, en lugar de solo centrarse en la pérdida de peso, puede ser más efectiva y evitar la sensación de hambre.

Esta información se fundamenta en el documento ""Terapia de nutrición médica de la obesidad"".","Fragmento 1 [Doc: 08_Terapia-de-nutricion-medica-de-la-obesidad.pdf, chunk: 4, dist: 0.427]:
-  Las intervenciones nutricionales para el tratamiento de  la  obesidad  deben  hacer  hincapié  en  las  prácticas alimentarias individuales, la calidad de los alimentos y en una relación saludable con la comida. También se puede incluir  la  alimentación  basada  en  la  atención  plena,  lo que  puede  ayudar  a  reducir  la  ansiedad  por  la  comida, disminuir la alimentación basada en la recompensa, mejorar la satisfacción corporal y aumentar la conciencia de la sensación de hambre y saciedad.
-  La restricción calórica permite bajar de peso a corto plazo (&lt;12 meses) pero no ha demostrado ser sostenible a largo plazo (&gt;12 meses). La restricción calórica puede afectar a las vías neurobiológicas que controlan el apetito, el hambre, los antojos y la regulación del peso corporal, lo cual puede provocar  un  aumento  de  la  ingesta  de  alimentos  y  un aumento de peso.

---

Fragmento 2 [Doc: 08_Terapia-de-nutricion-medica-de-la-obesidad.pdf, chunk: 42, dist: 0.462]:
Aunque  el  TMN  que  consigue  un  déficit  calórico  puede  dar lugar a una pérdida de peso a corto plazo (de seis a 12 meses), el cambio de peso no suele mantenerse en el tiempo. Además, la recomendación común de que un déficit calórico de 500 kcal/día o 3500 kcal/semana produciría una pérdida de peso de 0,45 kg no es válida, ya que la pérdida de peso no es lineal. 73,74 Polidori et al. cuantificaron por primera vez la cantidad de ingesta calórica compensada por los cambios de pérdida de peso en seres humanos de vida libre y estimaron que el apetito aumentaba en ~100 kcal/día por cada kilogramo de peso perdido, lo que contribuía al aumento de peso con el tiempo. 75  La restricción calórica puede, en algunas personas, conducir a impulsos fisiopatológicos que promueven el aumento de peso a través del aumento del hambre, el apetito y la disminución de la saciedad. 66 Además, las restricciones calóricas pueden tener consecuencias negativas para la salud del esqueleto

---

Fragmento 3 [Doc: 04_Prevencion-y-reduccion-de-danos-de-la-obesidad-en-personas-adultas.pdf, chunk: 61, dist: 0.477]:
Es necesario que evitemos la sobre preocupación por el peso por ser un indicador poco confiable del estado de salud. Pesarse es una conducta que puede considerarse iatrogénica si la persona no tiene una comprensión integral de los factores que lo llevan a estar en determinado estado, incluyendo su propia biología-genética, al estar en una sociedad que venera la delgadez, que favorece los ciclos  de  dietas  y  que  estigmatiza  el  sobrepeso  y  obesidad.  Por su parte, buscar una forma de bajar peso también puede seguir patrones ilusorios y sesgados de las reales causas: dietas restrictivas o más ejercicio, etc. Por todo esto, se debe generar conciencia de la  dinámica  personal  de  salud  y  factores  que  afectan  el  estado corporal individual (el estrés, la falta de sueño) para favorecer una baja o mantenimiento del peso acorde a un criterio de realidad para cada persona.

## Referencias

---

Fragmento 4 [Doc: 03_La-ciencia-de-la-obesidad.pdf, chunk: 49, dist: 0.478]:
Una revisión sistemática descubrió que la tasa promedio de gasto energético  en  reposo  disminuía  en  aproximadamente  15  kcal/kg

Más información: info@ifsochile.cl

<!-- image -->

<!-- image -->

<!-- image -->

<!-- image -->

de  peso  perdido,  como  se  observó  en  2997  personas;  esta disminución  puede  estar  asociada  a  la  reincidencia  en  el  peso corporal. 70  Además, después de la pérdida de peso inducida por una dieta a largo plazo, los niveles de hormonas circulantes, como la  leptina,  la  insulina,  la  GLP-1,  la  CCK,  el  PYY  y  la  grelina,  no vuelven a los niveles registrados antes de la pérdida de peso y, en cambio, actúan favoreciendo la recuperación del peso. 71  Las hormonas  anorexigénicas  (leptina,  insulina,  GLP-1)  se  reducen, mientras  que  los  niveles  de  la  hormona  orexigénica  grelina aumentan. Se ha demostrado que la actividad  física  regular  es un componente integral del mantenimiento del peso corporal a largo plazo. 72,73

---

Fragmento 5 [Doc: 08_Terapia-de-nutricion-medica-de-la-obesidad.pdf, chunk: 29, dist: 0.481]:
Las intervenciones nutricionales tradicionales para tratar la obesidad  se  han  concentrado  en  estrategias  que  promueven la  pérdida  de  peso  mediante  una  dieta  restrictiva.  Aunque es  necesario  un  déficit  calórico  para  empezar  a  perder  peso, mantenerlo puede ser difícil a largo plazo debido a los mecanismos de  compensación  que  estimulan  la  ingesta  de  calorías  a  través del aumento del hambre y el deseo de comer. 64-66  El personal de salud, los formuladores de políticas, los pacientes y el público en general han de saber que las intervenciones nutricionales afectan a  cada  persona  de  forma  diferente  y  que,  por  tanto,  no  existe un enfoque o una intervención nutricional único que sea el más adecuado. 67"
100,"El primer paso que deberías considerar para tratar tu obesidad es iniciar una conversación con un profesional de salud. Es fundamental recopilar información sobre tu situación para confirmar el diagnóstico, determinar la gravedad de la enfermedad y las posibles comorbilidades. Esto debe hacerse en un entorno clínico libre de prejuicios y estigmas, donde puedas expresar tus creencias y objetivos terapéuticos. Facilitar esta reflexión te ayudará a fomentar la responsabilidad y la autogestión, promoviendo mejoras en tu salud a largo plazo.

Recuerda que el manejo de la obesidad es un proceso que requiere un enfoque sistemático y completo, y es importante que tu atención sea continua y adaptada a tus necesidades individuales. El personal de salud desempeñará un papel clave en tu proceso de tratamiento, por lo que una buena comunicación y una actitud positiva en la consulta son determinantes para el éxito y la adherencia al manejo de la obesidad. (Fuente: Doc: 06_Evaluacion-del-paciente-que-vive-con-obesidad.pdf).","Fragmento 1 [Doc: 06_Evaluacion-del-paciente-que-vive-con-obesidad.pdf, chunk: 5, dist: 0.378]:
## INTRODUCCIÓN

La  obesidad  es  una  enfermedad  crónica  que  requiere  una  evaluación diagnóstica y un enfoque terapéutico sistemático y completo. 20  El objetivo de la evaluación de una persona con obesidad es recopilar información que confirme el diagnóstico, determinar la gravedad de la enfermedad y las comorbilidades relacionadas, identificar los factores  desencadenantes, y mantenedores de la enfermedad y orientar el diálogo sobre el tratamiento adecuado en un entorno clínico  sin  prejuicios  y  libre  de  estigmas. 21 El  personal  de  salud debe iniciar una conversación con la persona sobre sus creencias con relación a la enfermedad y sobre sus objetivos terapéuticos, con el fin de facilitar la reflexión y fomentar la responsabilidad y la autogestión para promover mejoras de la salud a largo plazo. 15

---

Fragmento 2 [Doc: 11_La-atencion-y-asistencia-primaria-en-el-manejo-de-la-obesidad.pdf, chunk: 130, dist: 0.381]:
La obesidad es una enfermedad crónica y recidivante cuyas causas son múltiples y tienen un impacto significativo en la vida y salud de las personas. La prevalencia de la obesidad sugiere que debe abordarse de forma temprana, eficaz y continua en la atención primaria  en  salud,  donde  existe  una  capacidad  potencial  para tratar  la  obesidad  a  mayor  escala.  Los  beneficios  de  hacerlo son  innumerables,  no  solamente  para  reducir  la  avalancha  de enfermedades crónicas en nuestros sistemas de salud, sino también para mejorar la vida de las personas al reducir el sufrimiento y mejorar  la  salud  mental,  física  y  emocional.  Para  empezar  a hacerlo, tenemos que cambiar los corazones y las mentes. Tenemos que respetar y tratar la obesidad como una enfermedad médica, educar al personal médico en su formación y apoyar su capacidad para realizar este trabajo en la práctica

---

Fragmento 3 [Doc: 06_Evaluacion-del-paciente-que-vive-con-obesidad.pdf, chunk: 9, dist: 0.389]:
## INICIAR LA CONVERSACIÓN SOBRE EL ABORDAJE DE LA OBESIDAD

El personal de salud en atención primaria desempeñan un papel importante  en  el  control  y  tratamiento  de  la  mayoría  de  las enfermedades crónicas no transmisibles. Sin embargo, debido a la alta demanda en la atención primaria y a la falta de capacitación de los equipos de salud, no es fácil llevar a cabo la evaluación y el manejo de la obesidad en forma adecuada. El contacto inicial, la  comunicación  y  la  actitud  del  personal  de  salud  durante  la evaluación  son  determinantes  para  el  éxito  y  la  adherencia  del paciente. 32,33

---

Fragmento 4 [Doc: 10_Intervenciones-psicologicas-y-conductuales-eficaces-en-el-tratamiento-de-la-obesidad.pdf, chunk: 44, dist: 0.391]:
Al igual que lo que ocurre con otras enfermedades crónicas, se espera que los resultados de las intervenciones para el control de la obesidad estén principalmente determinadas por las elecciones que hace la persona fuera de la consulta, en su vida cotidiana, y no por lo que indica el médico. 45,46  Por lo tanto, como primer punto debemos establecer que en el caso de las intervenciones psicológicas  y  conductuales  los  resultados  dependen  de  lo que  la  persona  con  obesidad  sea  capaz  de  hacer  (adherencia conductual). Los primeros trabajos sobre tratamientos conductuales no hacían esta distinción, y las intervenciones se caracterizaban  por  indicaciones  de  conductas  específicas  (en alimentación y ejercicios) de acuerdo a los cambios deseados por el médico.

---

Fragmento 5 [Doc: 02_Epidemiologia-de-la-obesidad-en-adultos-en-Chile.pdf, chunk: 4, dist: 0.400]:
-  El  éxito  del  manejo  (es  decir ,  la  prevención,  el  control,  y  el tratamiento) de la obesidad requiere un esfuerzo colectivo y estructural a nivel de políticas, sistema de salud, comunidad y personas.
-  La prevención y manejo del sobrepeso y la obesidad debe tener un enfoque de curso de vida, lo que implica considerar estrategias  de  intervención  desde  los  primeros  1000  días (desde la gestación). 1-4
- Se recomienda aumentar la inversión en medidas estructurales basadas  en  evidencia,  para  contrarrestar  el  alto  costo  de  la obesidad para las personas, la sociedad, el sistema de salud y el país. 5-9"
