"id","answer","context"
"1","Si tienes obesidad y presión alta, deberías evitar los siguientes tipos de alimentos:

1. **Alimentos de alto índice glicémico**: Estos incluyen azúcares refinados y carbohidratos simples que pueden provocar picos en los niveles de glucosa en sangre. Se sugiere optar por alimentos de bajo índice glicémico, como frutas de temporada, legumbres y granos integrales.

2. **Carne roja y procesada**: Un alto consumo de estos tipos de carne puede contribuir a problemas de salud, incluyendo la hipertensión. Se recomienda un bajo consumo de estos alimentos.

3. **Dulces y alimentos azucarados**: Estos pueden aumentar el riesgo de obesidad y afectar negativamente la presión arterial.

4. **Alimentos altos en sodio**: Aunque no se menciona explícitamente en el contexto, es razonable inferir que los alimentos procesados y enlatados, que suelen ser altos en sodio, deben ser evitados, ya que el sodio puede contribuir a la hipertensión.

5. **Grasas saturadas y trans**: Aunque no se menciona directamente en el contexto, se puede inferir que estos tipos de grasas, presentes en alimentos fritos y procesados, deben ser limitados para mejorar la salud cardiovascular.

Además, seguir un patrón dietético como la dieta DASH, que promueve un alto consumo de frutas, verduras, lácteos bajos en grasa y legumbres, y un bajo consumo de carne roja y dulces, puede ser beneficioso para controlar tanto la obesidad como la presión arterial.","[Fuente: 08_Terapia-de-nutricion-medica-de-la-obesidad.pdf]
2. En personas que viven con sobrepeso u obesidad, la Coalición Chilena para el Estudio de la Obesidad sugiere el uso de dieta vegetariana,  como  intervención  no  farmacológica  para  el control glucémico y manejo de la presión arterial   (Ver aquí el resumen de la metodología).

Certeza de la evidencia: Baja Fuerza de la recomendación: Condicional

---

[Fuente: 17_Productos-y-programas-comerciales-para-el-control-de-la-obesidad.pdf]
## RECOMENDACIONES ADOPTADAS

<!-- image -->

1. No  recomendamos  el  uso  de  productos  comerciales  de venta libre para el control de la obesidad debido a la falta de evidencia (Nivel 4, Grado D). 1
2. No  sugerimos  que  se  utilicen  programas  comerciales  de pérdida de peso para mejorar el control de la presión arterial y los lípidos en adultos con obesidad (Nivel 4, Grado D). 2

## INTRODUCCIÓN

«Un estudio exhaustivo de los fraudes y modas médicas realizado a lo largo de casi veinte años me ha convencido de que en todo el ámbito de la charlatanería no hay un campo que se trabaje con más facilidad  ni  que  ofrezca  mayores  beneficios  económicos  al estafador médico que el dedicado a la explotación de las 'curas de la obesidad» (Arthur J Cramp, MD, 1929). 6

---

[Fuente: articulo.pdf]
## RECOMENDACIONES ADOPTADAS

<!-- image -->

1. No  recomendamos  el  uso  de  productos  comerciales  de venta libre para el control de la obesidad debido a la falta de evidencia (Nivel 4, Grado D). 1
2. No  sugerimos  que  se  utilicen  programas  comerciales  de pérdida de peso para mejorar el control de la presión arterial y los lípidos en adultos con obesidad (Nivel 4, Grado D). 2

## INTRODUCCIÓN

«Un estudio exhaustivo de los fraudes y modas médicas realizado a lo largo de casi veinte años me ha convencido de que en todo el ámbito de la charlatanería no hay un campo que se trabaje con más facilidad  ni  que  ofrezca  mayores  beneficios  económicos  al estafador médico que el dedicado a la explotación de las 'curas de la obesidad» (Arthur J Cramp, MD, 1929). 6

---

[Fuente: 08_Terapia-de-nutricion-medica-de-la-obesidad.pdf]
- Bajo  índice  glicémico: Un  patrón  dietético  que  propone cambiar los  alimentos  de  alto  índice  glicémico  por  alimentos de bajo índice glicémico (frutas de temporada, legumbres, pan integral, pasta, leche, yogur, etc.). 22,24-28,127-129
- Enfoques dietéticos para detener la hipertensión (DASH): Un patrón dietético  que  propone  un  alto  consumo  de  fruta, lácteos  bajos  en  grasa,  verduras,  cereales,  frutos  secos  y legumbres, y un bajo consumo de carne roja, carne procesada y dulces. 30,31

---

[Fuente: 06_Evaluacion-del-paciente-que-vive-con-obesidad.pdf]
| Metabolismo             | Hipertensión arterial                                                                                                                                            | + +                | Asegurarse de que el tamaño del esfigmomanómetro sea el adecuado (anchura del brazalete del 40% de la circunferencia del brazo, longitud del 80- 100% de la circunferencia del brazo). 54 | Dieta DASH, considerar las causas secundar- ias (por ejemplo, apnea del sueño, dolor). Priorizar los medicamentos que afectan al sistema renina-angiotensina, evitar los betabloqueantes como primera medida.                                                                         |

---

[Fuente: 06_Evaluacion-del-paciente-que-vive-con-obesidad.pdf]
3. Se recomienda la medición de la presión arterial en ambos brazos,  la  medición  de  la  glucosa  en  ayunas  y  el  perfil lipídico para determinar el riesgo cardiovascular y el estudio de pruebas hepáticas para la detección de la enfermedad de hígado graso no alcohólico (Nivel 3, Grado D). 16,17
4. Sugerimos  a  los  profesionales  de  la  salud  considerar  el uso del Sistema de clasificación de la obesidad Edmonton para guiar la toma de decisiones clínicas y determinar la gravedad de la obesidad (Nivel 4, Grado D). 18,19

## INICIAR LA CONVERSACIÓN SOBRE EL ABORDAJE DE LA OBESIDAD

---

[Fuente: 06_Evaluacion-del-paciente-que-vive-con-obesidad.pdf]
Un  examen  físico  centrado  en  la  obesidad  debe  centrarse  en determinar el fenotipo, los factores que impulsan el aumento de peso y las barreras del tratamiento para todos los pacientes. En la T abla 6 se describen los componentes clave de un examen físico centrado en  la  obesidad.  Las  mediciones  antropométricas  rutinarias  deben incluir la altura, el peso, el IMC y la circunferencia de la cintura. La presión arterial debe medirse con un esfingomanómetro de tamaño adecuado para la circunferencia del brazo del paciente. Si el tamaño de la parte superior del brazo tiene un tamaño aumentado, se puede medir  la  presión  arterial  sistólica  en  el  antebrazo  con  el  tamaño del  esfigmomanómetro  (esfingomanómetro  pequeño  [20,0-  26,0 cm],  esfingomanómetro  estándar  [25,4-40,6  y  25,0-34,0  cm]  y esfingomanómetro grande [&gt; 32,0 cm]) adecuado a la circunferencia del antebrazo del paciente

---

[Fuente: 12_Control-del-peso-durante-la-edad-reproductiva-de-las-mujeres-adultas-con-obesidad.pdf]
3. Solo asesoramiento sobre la nutrición: Recomendamos que  los  profesionales  de  atención  primaria  animen  y apoyen  a  las  mujeres  embarazadas  con  obesidad  a consumir  alimentos  coherentes  con  un  patrón  dietético saludable para alcanzar su objetivo de aumento de peso gestacional (Nivel 3, Grado C). 17
4. Solo asesoramiento sobre la actividad física: Recomendamos que los prestadores de atención primaria animen y apoyen a las mujeres embarazadas con obesidad que no tengan contraindicaciones a hacer ejercicio durante el embarazo, al menos 150 minutos semanales de actividad física de intensidad moderada, con el fin de ayudar a controlar el aumento de peso gestacional. (Nivel 3, Grado C). 18-21

---

[Fuente: 04_Prevencion-y-reduccion-de-danos-de-la-obesidad-en-personas-adultas.pdf]
Por otra parte, aunque es indudable que una mala alimentación y  la  falta  de  actividad  física  son  importantes  factores  de  riesgo para  el  desarrollo  de  obesidad,  pueden  existir  otros  factores que también jueguen un rol muy importante. Es por esto que el personal médico deba considerar las posibles causas subyacentes del  aumento  de  peso,  y  no  solo  enfocarse  en  el  síntoma  del aumento de peso. Por ejemplo, el estrés, el trabajo por turnos o la falta de sueño podrían ser la causa principal del aumento de la ingesta alimentaria; y por otra parte la depresión y el cansancio pueden provocar una disminución de la actividad física. Además, dependiendo de la situación, el atenuar el aumento de peso en lugar de prevenirlo o bajar de peso puede ser un objetivo más razonable y posible de alcanzar. 13

---

[Fuente: 05_Facilitar-la-participacion-en-las-actividades-de-la-vida-diaria-de-las-personas-con-obesidad.pdf]
## MENSAJES CLAVE PARA PERSONAS QUE VIVEN CON OBESIDAD

<!-- image -->

-  Algunas  personas  con  obesidad  tienen  problemas  de movilidad y corren el riesgo de sufrir resbalones, tropiezos o caídas. Esto podría interferir con su capacidad e interés en participar en la actividad física. Informe al personal de salud que lo atiende si ha tenido una caída o tiene miedo a caerse mientras realiza sus actividades cotidianas. 6
-  Las  consultas  de  atención  de  sus  médicos  y  los  espacios de atención clínica deben ser físicamente accesibles y estar equipados para que todos los pacientes puedan acceder a toda la gama de servicios de atención clínica, incluida la evaluación y el tratamiento. Comunique al personal de salud si existen barreras que le impiden participar plenamente y tener acceso a la atención médica. Esto incluye el acceso a estacionamiento, transporte público, ascensores, escaleras, asientos, puertas, accesibilidad a los baños, etc.

## RECOMENDACIONES ADOPTADAS"
"2","El contexto proporcionado no menciona específicamente si es recomendable o no saltarse el desayuno para bajar de peso. Sin embargo, se puede inferir que la restricción calórica, como la que podría implicar saltarse comidas, puede llevar a cambios fisiológicos que aumentan el hambre y el apetito, lo que podría dificultar el mantenimiento de la pérdida de peso a largo plazo. Además, se enfatiza la importancia de tener una relación sana con la comida y de seguir un plan personalizado con el apoyo de un nutricionista.

Por lo tanto, aunque no hay una respuesta directa en el contexto, se sugiere que saltarse el desayuno no es una estrategia recomendada para la pérdida de peso efectiva y sostenible. Es preferible adoptar un enfoque equilibrado y consciente hacia la alimentación.","[Fuente: 17_Productos-y-programas-comerciales-para-el-control-de-la-obesidad.pdf]
La gente debería desconfiar de los programas de pérdida de peso que:

-  Prometen la pérdida de peso sin dieta ni ejercicio;
-  Promete perder peso comiendo todo lo que quiera;
-  Prometen una reducción puntual del peso de determinados lugares;
-  Prometer una pérdida demasiado rápida (por ejemplo, perder 13 kilos en 30 días);
-  Incluye fotos del antes y el después y testimonios personales que parezcan demasiado buenos para ser verdad.

## PRODUCTOS COMERCIALES

---

[Fuente: articulo.pdf]
La gente debería desconfiar de los programas de pérdida de peso que:

-  Prometen la pérdida de peso sin dieta ni ejercicio;
-  Promete perder peso comiendo todo lo que quiera;
-  Prometen una reducción puntual del peso de determinados lugares;
-  Prometer una pérdida demasiado rápida (por ejemplo, perder 13 kilos en 30 días);
-  Incluye fotos del antes y el después y testimonios personales que parezcan demasiado buenos para ser verdad.

## PRODUCTOS COMERCIALES

---

[Fuente: 08_Terapia-de-nutricion-medica-de-la-obesidad.pdf]
Aunque  el  TMN  que  consigue  un  déficit  calórico  puede  dar lugar a una pérdida de peso a corto plazo (de seis a 12 meses), el cambio de peso no suele mantenerse en el tiempo. Además, la recomendación común de que un déficit calórico de 500 kcal/día o 3500 kcal/semana produciría una pérdida de peso de 0,45 kg no es válida, ya que la pérdida de peso no es lineal. 73,74 Polidori et al. cuantificaron por primera vez la cantidad de ingesta calórica compensada por los cambios de pérdida de peso en seres humanos de vida libre y estimaron que el apetito aumentaba en ~100 kcal/día por cada kilogramo de peso perdido, lo que contribuía al aumento de peso con el tiempo. 75  La restricción calórica puede, en algunas personas, conducir a impulsos fisiopatológicos que promueven el aumento de peso a través del aumento del hambre, el apetito y la disminución de la saciedad. 66 Además, las restricciones calóricas pueden tener consecuencias negativas para la salud del esqueleto

---

[Fuente: 08_Terapia-de-nutricion-medica-de-la-obesidad.pdf]
Los  sustitutos  parciales  de  las  comidas  se  utilizan  para  sustituir una o dos comidas al día como parte de una intervención con restricción  calórica.  Estas  intervenciones  con  restricción  calórica han demostrado reducir el peso corporal, la circunferencia de la cintura, la presión arterial y el control glicémico en comparación con las dietas convencionales de pérdida de peso con restricción calórica.  Esto  se  evidenció  en  una  revisión  sistemática  y  un metaanálisis de nueve ensayos de control aleatorio en personas con un IMC ≥ 25 kg/m 2  y diabetes tipo 2 durante una mediana de  seguimiento  de  seis  meses. 37 Otra  revisión  sistemática  y  un metaanálisis de 23 ensayos de control aleatorio informaron que los  programas  que  incluyen  sustituciones  parciales  de  comidas lograron una mayor pérdida de peso al año, en comparación con los programas de pérdida de peso sin uso de sustituciones parciales de comidas, con o sin apoyo de cambio de comportamiento

---

[Fuente: 17_Productos-y-programas-comerciales-para-el-control-de-la-obesidad.pdf]
mantenimiento del peso a largo plazo; un buen perfil de seguridad; y costos razonables.

-  Las  personas  con  sobrepeso  u  obesidad  deben  desconfiar de  los  programas  de  adelgazamiento  que:  i)  prometen  la pérdida de peso sin dieta ni ejercicio; ii) prometen la pérdida de peso comiendo todo lo que se quiera; iii) prometen la reducción  de  peso  en  lugares  concretos  del  cuerpo; iv)  prometen una pérdida demasiado rápida (por ejemplo, perder 13 kilos en 30 días); o v) incluyen fotos del antes y el después, y testimonios personales que parecen demasiado buenos para ser verdad.

## MENSAJES CLAVE PARA LAS PERSONAS CON OBESIDAD continuación

-  Existen muchos productos naturales para la pérdida de peso sin receta médica, pero ninguno de ellos ha demostrado proporcionar una pérdida de peso clínicamente significativa en estudios científicos de alta calidad.

## RECOMENDACIONES ADOPTADAS

<!-- image -->

---

[Fuente: articulo.pdf]
mantenimiento del peso a largo plazo; un buen perfil de seguridad; y costos razonables.

-  Las  personas  con  sobrepeso  u  obesidad  deben  desconfiar de  los  programas  de  adelgazamiento  que:  i)  prometen  la pérdida de peso sin dieta ni ejercicio; ii) prometen la pérdida de peso comiendo todo lo que se quiera; iii) prometen la reducción  de  peso  en  lugares  concretos  del  cuerpo; iv)  prometen una pérdida demasiado rápida (por ejemplo, perder 13 kilos en 30 días); o v) incluyen fotos del antes y el después, y testimonios personales que parecen demasiado buenos para ser verdad.

## MENSAJES CLAVE PARA LAS PERSONAS CON OBESIDAD continuación

-  Existen muchos productos naturales para la pérdida de peso sin receta médica, pero ninguno de ellos ha demostrado proporcionar una pérdida de peso clínicamente significativa en estudios científicos de alta calidad.

## RECOMENDACIONES ADOPTADAS

<!-- image -->

---

[Fuente: 08_Terapia-de-nutricion-medica-de-la-obesidad.pdf]
su  nutricionista  para  discutir  las  ventajas  y  desventajas  de los diferentes patrones de alimentación en cuanto le ayuden a  lograr  sus  objetivos  de  salud.  La  forma  de  comer  es  tan importante como cuánto y qué se come. Intente comer de manera consciente y tener una relación sana con la comida.

Hacer 'dieta' o restringir drásticamente la ingesta de alimentos puede provocar cambios en su cuerpo que, con el tiempo, podrían hacerle recuperar el peso.

Acuda a un nutricionista certificado que le ofrezca un plan personalizado  y  le  brinde  asesoramiento  continuo  sobre  su estado de salud y sus requerimientos nutricionales.

---

[Fuente: 08_Terapia-de-nutricion-medica-de-la-obesidad.pdf]
## RECOMENDACIÓN NUEVA

1. En  personas  adultas  que  viven  con  sobrepeso  u  obesidad, la Coalición Chilena para el Estudio de la Obesidad recomienda el uso de dieta vegetariana como intervención no farmacológica para disminuir el peso y el índice de masa corporal  (Ver aquí el resumen de la metodología).

Certeza de la evidencia: Moderada Fuerza de la recomendación: Fuerte

## INTRODUCCIÓN

---

[Fuente: 08_Terapia-de-nutricion-medica-de-la-obesidad.pdf]
Un ensayo clínico aleatorizado con personas mayores (≥ 65 años) a los que se les aconsejó que disminuyeran su ingesta calórica en 500 kcal/día por debajo de su necesidad calórica estimada, con un mínimo de 1000 kcal/día, registró una disminución significativa del  peso  corporal  (4%)  durante  12  meses,  así  como  mejoras significativas en la glicemia y el colesterol HDL. 71

En una revisión sistemática y metaanálisis de los ensayos de control aleatorizados que utilizaron dietas muy bajas en calorías (DMBC), con o sin sustitutos alimentarios para la pérdida de peso, se concluyó que el uso de una DMBC dentro de un programa conductual de pérdida de peso se tradujo en una mayor pérdida de peso en 12 meses (-3,9 kg) y 24 meses (1,4 kg) que en un programa conductual aislado. 72  No se encontraron evidencias de que las intervenciones de DMBC sean efectivas sin apoyo conductual. 72

---

[Fuente: 04_Prevencion-y-reduccion-de-danos-de-la-obesidad-en-personas-adultas.pdf]
El  aumento de peso asociado al dejar de fumar se atribuye en gran medida al incremento de la ingesta calórica y la reducción del  gasto  energético. 49   Varios  estudios  que  compararon  una combinación de suspensión del tabaquismo y restricción calórica (utilizando planes alimentarios de sustitución de comidas o bajos en calorías) reportan resultados contradictorios. 50  Además, existe la  preocupación  de  que  una  restricción  calórica  estricta  pueda impedir los intentos para dejar de fumar tabaco. 49,51,52  No todos están  de  acuerdo  en  este  punto,  ya  que  algunos  sugieren  que los  programas  combinados  de  suspensión  tabáquica  y  manejo de peso pueden incluso mejorar la abstinencia a corto plazo (&lt;3 meses). 50   Lamentablemente,  pareciera  que  las  intervenciones conductuales no son beneficiosas en la prevención del aumento de peso a largo plazo. 50"
"3","Durante un tratamiento para la obesidad, se considera saludable perder entre 0,5 y 1,0 kg por semana. Esta cifra se menciona directamente en el contexto y se establece como un objetivo realista para las personas que viven con obesidad y para los programas de control de peso. Además, se puede inferir que este enfoque gradual es importante para asegurar la sostenibilidad de la pérdida de peso y la mejora en la salud general.","[Fuente: 17_Productos-y-programas-comerciales-para-el-control-de-la-obesidad.pdf]
## MENSAJES CLAVE PARA PERSONAS QUE VIVEN CON OBESIDAD

<!-- image -->

-  La industria comercial de la pérdida de peso es floreciente y  se  caracteriza  a  menudo  por  una  publicidad  poco realista. Antes de adherirse a un programa o de utilizar un producto comercial para la pérdida de peso, las personas con  obesidad  deben  asegurarse  de  que  el  enfoque  es seguro y potencialmente eficaz. Esto significa que tenga una  combinación  de  nutrición,  actividad  física  y  apoyo al cambio  de  comportamiento;  objetivos  realistas de pérdida de peso de 0,5-1,0 kg por semana; un enfoque de

## Cómo citar este documento

---

[Fuente: articulo.pdf]
## MENSAJES CLAVE PARA PERSONAS QUE VIVEN CON OBESIDAD

<!-- image -->

-  La industria comercial de la pérdida de peso es floreciente y  se  caracteriza  a  menudo  por  una  publicidad  poco realista. Antes de adherirse a un programa o de utilizar un producto comercial para la pérdida de peso, las personas con  obesidad  deben  asegurarse  de  que  el  enfoque  es seguro y potencialmente eficaz. Esto significa que tenga una  combinación  de  nutrición,  actividad  física  y  apoyo al cambio  de  comportamiento;  objetivos  realistas de pérdida de peso de 0,5-1,0 kg por semana; un enfoque de

## Cómo citar este documento

---

[Fuente: 17_Productos-y-programas-comerciales-para-el-control-de-la-obesidad.pdf]
## MENSAJES CLAVE PARA EL PERSONAL DE SALUD

<!-- image -->

- La industria comercial para la pérdida de peso es enorme. Los médicos deben familiarizarse con las ofertas comerciales para el manejo de la obesidad que existen en su entorno. Se han publicado criterios para evaluar si un programa comercial es seguro y potencialmente exitoso. Es decir, que ofrezca una combinación de nutrición, actividad física, y apoyo al cambio de comportamiento; con objetivos realistas  de  pérdida  de  peso  de  0,5-1,0  kg  por  semana; un enfoque de mantenimiento del peso a largo plazo; un buen perfil de seguridad; y costos razonables.

## MENSAJES CLAVE PARA PERSONAS QUE VIVEN CON OBESIDAD

<!-- image -->

---

[Fuente: articulo.pdf]
## MENSAJES CLAVE PARA EL PERSONAL DE SALUD

<!-- image -->

- La industria comercial para la pérdida de peso es enorme. Los médicos deben familiarizarse con las ofertas comerciales para el manejo de la obesidad que existen en su entorno. Se han publicado criterios para evaluar si un programa comercial es seguro y potencialmente exitoso. Es decir, que ofrezca una combinación de nutrición, actividad física, y apoyo al cambio de comportamiento; con objetivos realistas  de  pérdida  de  peso  de  0,5-1,0  kg  por  semana; un enfoque de mantenimiento del peso a largo plazo; un buen perfil de seguridad; y costos razonables.

## MENSAJES CLAVE PARA PERSONAS QUE VIVEN CON OBESIDAD

<!-- image -->

---

[Fuente: 17_Productos-y-programas-comerciales-para-el-control-de-la-obesidad.pdf]
salud, en la que se detalla lo que se debe buscar en un programa de control de la obesidad seguro y satisfactorio, entre otras cosas:

-  Asesoramiento  sobre  el  comportamiento,  incluido  el  uso  de registros de alimentos y actividades;
-  Debate sobre los determinantes sociales de la salud y su impacto en el peso;
-  Debate sobre los riesgos y beneficios de los medicamentos para el tratamiento de la obesidad;
-  Retroalimentación, control y apoyo continuos por parte del programa;
-  Objetivos de pérdida de peso de 0,5-1,0 kg semanales;
-  Un  componente  específicamente  diseñado  para  tratar  de mantener el peso perdido;
-  Larga duración de los programas. 8

La gente debería desconfiar de los programas de pérdida de peso que:

---

[Fuente: articulo.pdf]
salud, en la que se detalla lo que se debe buscar en un programa de control de la obesidad seguro y satisfactorio, entre otras cosas:

-  Asesoramiento  sobre  el  comportamiento,  incluido  el  uso  de registros de alimentos y actividades;
-  Debate sobre los determinantes sociales de la salud y su impacto en el peso;
-  Debate sobre los riesgos y beneficios de los medicamentos para el tratamiento de la obesidad;
-  Retroalimentación, control y apoyo continuos por parte del programa;
-  Objetivos de pérdida de peso de 0,5-1,0 kg semanales;
-  Un  componente  específicamente  diseñado  para  tratar  de mantener el peso perdido;
-  Larga duración de los programas. 8

La gente debería desconfiar de los programas de pérdida de peso que:

---

[Fuente: 10_Intervenciones-psicologicas-y-conductuales-eficaces-en-el-tratamiento-de-la-obesidad.pdf]
3. Los profesionales de la salud deberían preguntar y esperar a  averiguar  por  el  consentimiento  de  las  personas  con obesidad para mostrar que el éxito en el tratamiento de la obesidad apunta a la mejoría del estado de salud general, la  funcionalidad  corporal  y  la  calidad  de  vida,  y  no  a  la cantidad de kilos perdidos (Nivel 1a, Grado A). 8,9

---

[Fuente: 18_Tecnologias-emergentes-y-medicina-virtual-para-el-tratamiento-de-la-obesidad.pdf]
## INTRODUCCIÓN

Los programas convencionales para el tratamiento de la obesidad han  demostrado  ser  eficaces  en  la  reducción  del  peso  a  corto plazo  de  pacientes  que  viven  con  obesidad. 5,6 Muchos  de  los programas  convencionales  para  el  tratamiento  de  la  obesidad también  han  resultado  ser  costosos,  laboriosos  y  exigentes  en cuanto a tiempo. 5,7   Los intentos de reducir la frecuencia de los encuentros  o  las  interacciones  no  han  dado  buenos  resultados en  cuanto  al  tratamiento  de  la  obesidad  y  otros  indicadores secundarios, como los factores de riesgo cardiometabólico. 8   El desafío en el tratamiento de la obesidad es mantener o mejorar los programas ya probados manteniendo aspectos esenciales que incluyen el soporte social y clínico, como el apoyo social y clínico, la responsabilidad y la retroalimentación personal.

---

[Fuente: 10_Intervenciones-psicologicas-y-conductuales-eficaces-en-el-tratamiento-de-la-obesidad.pdf]
## EXPECTATIVAS/EVALUACIONES DE PÉRDIDA DE PESO

En general, se ha establecido que las personas con obesidad que siguen  un  tratamiento  tienen  expectativas  de  pérdida  de  peso que superan lo que las intervenciones de control de la obesidad son  capaces  de  lograr.  Foster  et  al. 73 informaron  en  un  ensayo conductual que la pérdida de peso objetivo en su muestra era del 32% del peso inicial. Wadden et al. 74 evaluaron las expectativas de pérdida de peso de un grupo de mujeres que participaban en un ensayo de medicación e informaron que, al inicio, estas mujeres esperaban perder aproximadamente el 25% de su peso. A pesar de estas elevadas expectativas, cuando se evaluó la satisfacción con la pérdida de peso, los integrantes de los grupos en fármacos más conducta, y los combinados, manifestaron altos niveles de satisfacción.

---

[Fuente: 08_Terapia-de-nutricion-medica-de-la-obesidad.pdf]
Tratamiento  de  la  obesidad: Utilizamos  este  término  para describir  las  mejoras  en  la  salud  que  exceden  los  resultados en  materia  de  peso.  La  pérdida  de  peso  como  resultado  del tratamiento no debería estar por encima de las mejoras en salud y calidad de vida (CdV).

Terapia  médico  nutricional: La  terapia  médica  de  nutrición (TMN)  es  un  enfoque  con  base  empírica  que  se  utiliza  en  el tratamiento  nutricional  y/o  en  la  gestión  de  las  enfermedades crónicas, a menudo en entornos clínicos y comunitarios, y que se centra en la evaluación, diagnóstico, terapia y asesoramiento en materia de nutrición. La TMN suele ser aplicada y monitoreada por un nutricionista y/o en colaboración con médicos y profesionales de la nutrición debidamente regulados. En estas guías, se utilizará la TMN como lenguaje estándar para los enfoques terapéuticos nutricionales aplicables a las intervenciones contra la obesidad."
"4","Los medicamentos para bajar de peso pueden tener diversos efectos secundarios. Según el contexto proporcionado, algunos de los efectos adversos más comunes incluyen:

1. **Fentermina**: Boca seca, insomnio, estimulación del sistema nervioso central, y hay precauciones relacionadas con el abuso y la dependencia.

2. **Liraglutida**: Náuseas (debido a una disminución transitoria del vaciado gástrico), estreñimiento, diarrea, acidez, vómitos, y un riesgo incrementado de cálculos biliares.

3. **Combinación de naltrexona/bupropión**: Náuseas, estreñimiento, dolor de cabeza, vómitos, insomnio, sequedad de boca, mareos y diarrea. Las náuseas suelen ser transitorias y ocurren durante el aumento de la dosis.

4. **Orlistat**: Efectos gastrointestinales adversos significativos, como manchado aceitoso de las heces, flatos con secreción, urgencia fecal y aumento de la defecación.

Se puede inferir que la naturaleza de estos efectos secundarios varía según el medicamento, y algunos pueden ser más tolerables que otros dependiendo de la respuesta individual del paciente. Además, la combinación de ciertos medicamentos con cambios en el estilo de vida puede influir en la aparición y severidad de estos efectos.","[Fuente: 13_Farmacoterapia-en-el-tratamiento-de-la-obesidad.pdf]
Los  efectos  adversos  más  comunes  son:  boca  seca,  insomnio  y estimulación del sistema nervioso central. 45 La principal precaución y advertencia se relaciona con abuso y dependencia. 48

## Otros tratamientos:

La combinación  de  fentermina  y  topiramato  (de  liberación controlada) está aprobada para la obesidad en algunos países. El mecanismo por el cual el topiramato induce la pérdida de peso no está claro y puede implicar múltiples vías. Al año, se observó una pérdida de peso del -6,6% restado el efecto placebo con la dosis más baja de 7,5 mg/46 mg, y del -8,6% con la dosis más alta de 15 mg/92 mg. 49  El topiramato de liberación prolongada no se encuentra disponible en Chile ni tampoco la combinación de este fármaco con fentermina.

## EFICACIA DE LA FARMACOTERAPIA EN LOS PARÁMETROS DE SALUD

## Prevención de la diabetes tipo 2

---

[Fuente: 13_Farmacoterapia-en-el-tratamiento-de-la-obesidad.pdf]
El efecto secundario más común de la liraglutida son las náuseas, lo cual se debe a una disminución transitoria del vaciado gástrico. Los pacientes también pueden experimentar estreñimiento, diarrea,  acidez  y/o  vómitos.  Una  titulación  más  gradual  puede ayudar a mitigar los efectos secundarios gastrointestinales, en caso de que se produzcan. El uso de liraglutida se asocia con un riesgo 1,4% mayor de cálculos biliares en comparación con el placebo. 25 El hecho de que la pérdida importante de peso puede aumentar el riesgo de colelitiasis y, por consiguiente, de colecistitis, solo explica parcialmente la mayor tasa con liraglutida. 26

---

[Fuente: 13_Farmacoterapia-en-el-tratamiento-de-la-obesidad.pdf]
42.   Steidl KE, Darko W, Probst LA, Noviasky JA, Samer N. Rhabdomyolysis associated with phentermine. American Journal of Health-System Pharmacy. 2010;67(22). doi:10.2146/ajhp090395
43.   Wong  VSS,  Singh  H,  Verro  P .  Posterior  reversible  encephalopathy  syndrome in  the  context  of  phentermine  use  resulting  in  intracranial  hemorrhage. Neurologist. 2011;17(2). doi:10.1097/NRL.0b013e31820a9ddc
44.   In  brief:  Phentermine  (Lomaira)  for  weight  loss.  Med  Lett  Drugs  Ther. 2016;58(1509):158.
45.   Arias HR, Santamaría A, Ali SF. Pharmacological and Neurotoxicological Actions Mediated  By  Bupropion  and  Diethylpropion.  Int  Rev  Neurobiol.  2009;88(C). doi:10.1016/S0074-7742(09)88009-4
46.   ISP . Registro Ficha ISP SUPRIM (ANFEPRAMONA CLORHIDRATO). Accessed August 17, 2022. https://registrosanitario.ispch.gob.cl/Ficha. aspx?RegistroISP=F-25111/19

---

[Fuente: 11_La-atencion-y-asistencia-primaria-en-el-manejo-de-la-obesidad.pdf]
Estos son solamente algunos de los medicamentos implicados en el aumento de peso. Wharton et al. proporcionaron una visión más completa de los medicamentos disponibles que tienen una mayor propensión a causar un aumento de peso, con estimaciones de su efecto sobre el mismo, y alternativas que, en cambio, promueven resultados más favorables. 34  Las clases de medicamentos en este estudio  incluyen  antipsicóticos,  estabilizadores  del  estado  de ánimo,  antidepresivos,  antihiperglucémicos,  antihipertensivos  y corticosteroides. Los autores animan a los médicos a discutir con los  pacientes  los  efectos  secundarios  relacionados  con  el  peso de  las  distintas  opciones  de  medicación  para  ayudar  a  facilitar las  decisiones  terapéuticas  centradas  en  el  paciente  (toma  de decisiones  compartida),  así  como  a  manejar  las  expectativas relacionadas con el peso. 34

---

[Fuente: 13_Farmacoterapia-en-el-tratamiento-de-la-obesidad.pdf]
El  tratamiento con orlistat se asocia a efectos gastrointestinales adversos  significativos,  entre  los  que  se  incluyen  el  manchado aceitoso y las heces, flatos con secreción, la urgencia fecal y el aumento de la defecación. 6  Estos efectos adversos pueden hacer que  los  pacientes  que  no  reduzcan  la  ingesta  de  grasas  en  la dieta interrumpan el tratamiento. Un análisis a largo plazo de los medicamentos  para  la  obesidad  en  Canadá  demostró  tasas  de persistencia a los seis meses, al año y a los dos años del 18%, 6% y 2% con orlistat, respectivamente. 18

---

[Fuente: 07_El-rol-de-la-salud-mental-en-el-tratamiento-de-la-obesidad.pdf]
-  Si ha aumentado de peso con un medicamento antipsicótico, puede preguntarle a su médico si hay algún otro antipsicótico con menor riesgo de aumento de peso. Esta decisión debe ser tomada en conjunto con su médico, teniendo muy en cuenta otros probables efectos secundarios, la tolerabilidad, y el riesgo de empeorar su salud mental.
-  Si sufre de un trastorno por atracón debe saber que existen dos  medicamentos  (la  lisdexanfetamina  y  el  topiramato) que  pueden  ser  útiles  para  reducir  tanto  los  atracones como el peso.
3. Se  debe  considerar  la  indicación  de  metformina  y  el tratamiento psicológico, como la terapia cognitivoconductual,  con  la  finalidad  de  prevenir  el  aumento  de peso  en  personas  con  trastornos  mentales  severos  que estén  en  tratamiento  con  medicamentos  antipsicóticos asociados con aumento de peso (Nivel 1a, Grado A). 16,17

---

[Fuente: 04_Prevencion-y-reduccion-de-danos-de-la-obesidad-en-personas-adultas.pdf]
## USO DE MEDICAMENTOS

El uso de varias clases de medicamentos, como los antipsicóticos, los  antidepresivos,  los  antihiperglicémicos  y  los  corticoesteroides,  se asocia con incremento de peso. 33,34  La magnitud de este aumento de  peso  es  variable,  pero  algunos  pueden  contribuir  en  forma importante al desarrollo de obesidad. Por lo tanto, desde el punto de vista de la prevención primaria, es importante que los médicos consideren el efecto del aumento de peso, al iniciar la medicación. En general, no hay pruebas suficientes para sugerir la prescripción rutinaria  de  medicamentos  complementarios  para  prevenir  el aumento  de  peso,  y  es  probablemente  inapropiado  desde  una perspectiva  de  prevención  primaria.  Sin  embargo,  la  magnitud del  aumento  de  peso  asociado  y  las  posibles  consecuencias cardiometabólicas pueden justificar la consideración de muchos de estos medicamentos.

## ANTIPSICÓTICOS

---

[Fuente: 13_Farmacoterapia-en-el-tratamiento-de-la-obesidad.pdf]
Entre  los  pacientes  con  sobrepeso  u  obesidad  sin  diabetes,  la combinación de naltrexona/bupropión 32 mg / 360 mg en conjunto con una dieta hipocalórica (déficit de 500 kcal/día) y ejercicio se asoció  con  una  pérdida  de  peso  de  -6,1%  en  comparación  a -1,3% en el placebo. 5  Se observó una pérdida de peso ≥5% en el  48% de los pacientes, y ≥10% en el 25% de los pacientes, en comparación con el 16% y el 7% en los grupos de placebo, respectivamente. 5   Un  análisis  combinado  de  tres  estudios  (que evaluaron la asociación de naltrexona/bupropión) descubrió que la  mejora  temprana  en  los  antojos  era  predictivo  de  un  mayor éxito en la pérdida de peso. 30

Los  efectos  secundarios  más  comunes  de  la  combinación  de naltrexona/bupropión incluyen náuseas, estreñimiento, dolor de cabeza, vómitos, insomnio, sequedad de boca, mareos y diarrea. Las  náuseas  se  producen  generalmente  durante  el  período  de aumento de la dosis y son transitorias.

---

[Fuente: 04_Prevencion-y-reduccion-de-danos-de-la-obesidad-en-personas-adultas.pdf]
-  Muchos medicamentos pueden generar incremento de peso y consecuentemente sobrepeso u obesidad a largo plazo.

---

[Fuente: 13_Farmacoterapia-en-el-tratamiento-de-la-obesidad.pdf]
liraglutida 3,0 mg, la combinación de naltrexona/ bupropión en un comprimido combinado y orlistat. Estos medicamentos pueden ayudar a conseguir y mantener una pérdida de peso del 5% al 10%, y también a mejorar las complicaciones de salud asociadas al exceso de peso. Los tres  fármacos cuentan con registro vigente por el ISP en Chile. Adicionalmente, en Chile se encuentra la fentermina, aprobada para el uso continuo por un periodo de solo 12 semanas.

-  Los  medicamentos  que  no  están  aprobados  para  el tratamiento  de  la  obesidad  pueden  no  ser  seguros  o eficaces y deben evitarse.

implementación  de  medidas  de  cambios  del  estilo  de vida  saludable,  para  lograr  bajar  de  peso  y  alcanzar  una mejoría del control metabólico: liraglutida 3.0 mg (Nivel 1a, Grado A), 8  combinación de naltrexona/bupropion (Nivel 2a, Grado B) 9 u orlistat (Nivel 2a, Grado B). 10"
"5","La diferencia entre sobrepeso y obesidad se basa principalmente en el índice de masa corporal (IMC) y en la cantidad de grasa corporal que se considera perjudicial para la salud.

1. **Definición según el IMC**:
   - **Sobrepeso**: Se define como un IMC de 25,0 a 29,9 kg/m². Este rango indica un exceso de peso que puede representar un riesgo moderado para la salud.
   - **Obesidad**: Se define como un IMC de 30,0 kg/m² o más. Este nivel de adiposidad se asocia con un mayor riesgo de complicaciones médicas a largo plazo y un deterioro significativo de la salud.

2. **Clasificación de la obesidad**:
   - Dentro de la obesidad, hay grados que indican la severidad: 
     - Obesidad grado I (30-34,9 kg/m²)
     - Obesidad grado II (35-39,9 kg/m²)
     - Obesidad grado III (≥ 40 kg/m²), que se considera obesidad severa.

3. **Implicaciones para la salud**:
   - Aunque tanto el sobrepeso como la obesidad están relacionados con un aumento del riesgo de enfermedades crónicas, la obesidad se asocia con un riesgo más elevado de morbilidad y mortalidad. Esto sugiere que las personas con obesidad tienen una mayor probabilidad de desarrollar condiciones como diabetes, enfermedades cardiovasculares y otros problemas de salud.

4. **Consideraciones adicionales**:
   - Es importante destacar que no todas las personas con sobrepeso u obesidad desarrollarán problemas de salud. Existen individuos con obesidad que pueden ser metabólicamente sanos, lo que indica que la relación entre el IMC y la salud no es siempre directa (esto se puede inferir de la información sobre sujetos metabólicamente sanos con obesidad).

En resumen, la principal diferencia radica en el IMC y en el nivel de riesgo asociado a la salud, siendo la obesidad un estado más grave que el sobrepeso.","[Fuente: 12_Control-del-peso-durante-la-edad-reproductiva-de-las-mujeres-adultas-con-obesidad.pdf]
| Sobrepeso (25,0-29,9 kg/m 2 )   | 7-11,5                  | 15-25                   | 0,28 (0,23-0,33)                                | 0,6 (0,5-0,7)                                   |
| Obesidad (>30,0 kg/m 2 )        | 5-9                     | 11-20                   | 0,22 (0,17-0,27)                                | 0,5 (0,4-0,6)                                   |

---

[Fuente: 08_Terapia-de-nutricion-medica-de-la-obesidad.pdf]
## DEFINICIONES DE LOS TÉRMINOS UTILIZADOS EN ESTE CAPÍTULO

Obesidad : Históricamente, la obesidad ha sido definida utilizando el índice de masa corporal (IMC) de ≥ 30 kg/m 2 . En el capítulo sobre Evaluación de las personas que viven con obesidad se revisan las limitaciones y los prejuicios asociados a la utilización del IMC. Aunque el aumento de la grasa corporal suele repercutir en la salud y el bienestar, el aumento de la grasa corporal en sí mismo no implica necesariamente un deterioro de la salud ni lo predice  de  forma  inequívoca.  Por  esta  razón,  las  personas  con obesidad o sobrepeso según su IMC (≥ 25 kg/m 2  o ≥ 30 kg/m 2 , respectivamente), mencionadas en este capítulo, que su salud no se haya deteriorado y que su bienestar social no haya empeorado, son  mencionadas  como  'personas  con  un  IMC  ≥  25  kg/m 2 ' (características descriptivas del peso, no de la salud).

---

[Fuente: 06_Evaluacion-del-paciente-que-vive-con-obesidad.pdf]
| Obesidad grado III                             | 40-49,9                                        |
| Obesidad grado IV                              | 50-59,9                                        |
| Obesidad grado V                               | ≥ 60                                           |
| Etnias del sur, sudeste y este de Asia 58      | Etnias del sur, sudeste y este de Asia 58      |
| Bajo peso                                      | < 18,5                                         |
| Normal                                         | 18,5-22,9                                      |
| Sobrepeso - En riesgo                          | 23-24,9                                        |
| Sobrepeso - Riesgo moderado                    | 25-29,9                                        |
| Sobrepeso - Riesgo grave                       | ≥ 30                                           |

---

[Fuente: 04_Prevencion-y-reduccion-de-danos-de-la-obesidad-en-personas-adultas.pdf]
En lo que respecta a la obesidad, se puede pensar en esto como un chequeo regular para así prevenir un mayor aumento de peso en individuos con obesidad leve no complicada (es decir, el estadio 0  o  1  según  el  EOSS).  Aunque  la  obesidad  está  fuertemente asociada  a  la  morbilidad  y  la  mortalidad,  hay  una  variación sustancial  en  los  perfiles  de  salud  observados  entre  personas con  el  mismo  índice  de  masa  corporal.  Además,  en  el  umbral inferior de la obesidad, hay personas que aún no han desarrollado comorbilidades  relacionadas,  como  hipertensión,  dislipidemia, problemas ortopédicos o diabetes.

---

[Fuente: 02_Epidemiologia-de-la-obesidad-en-adultos-en-Chile.pdf]
Se han propuesto otros métodos para establecer la presencia de exceso de tejido adiposo que cause daño a la salud. Una definición apropiada para la obesidad es el exceso de tejido graso que causa daño a la salud, y por lo tanto, un diagnóstico de obesidad con mayor especificidad. Utilizar para el diagnóstico de obesidad un criterio que no discrimina la composición corporal como el IMC puede conducir a sobreestimación de la enfermedad. La medición de circunferencia de cintura es una medida fácil y práctica que ha demostrado buena correlación con riesgo de salud por exceso de tejido graso, especialmente en estudios de riesgo cardiovascular.

---

[Fuente: 08_Terapia-de-nutricion-medica-de-la-obesidad.pdf]
La obesidad es definida como una enfermedad crónica compleja en  la  que  la  grasa  corporal  anormal  o  excesiva  adiposidad perjudican  la  salud,  aumentan  el  riesgo  de  complicaciones médicas a largo plazo y reducen la esperanza de vida. Utilizamos esta definición en lugar de la de peso o IMC al referirnos a las personas adultas con obesidad aplicando un lenguaje que prioriza a  las  personas 61 y  apoyando  el  cambio  de  narrativa  sobre  la obesidad. 63,69

Reconocemos que esto puede ser controversial y que se necesita más  investigación  para  conciliar  las  intervenciones  nutricionales utilizando las nuevas definiciones de obesidad. De todas formas, un diagnóstico de obesidad desde la práctica clínica requiere una evaluación exhaustiva que mitigue los prejuicios involuntarios hacia el peso y otros estigmas que puedan surgir si sólo se utiliza el IMC.

---

[Fuente: 03_La-ciencia-de-la-obesidad.pdf]
A pesar de la fuerte relación entre el exceso de grasa corporal y el riesgo cardiometabólico, no todas las personas con sobrepeso u obesidad desarrollarán diabetes o enfermedades cardiovasculares. Un subgrupo de personas con obesidad no padece enfermedades crónicas ni factores de riesgo cardiometabólico. A estas personas se  les  suele  denominar  'sujetos  metabólicamente  sanos  con obesidad',  aunque  la  existencia  de  esta  entidad  está  sujeta  a controversia. La prevalencia de los sujetos metabólicamente sanos con fenotipo de obesidad en la población general varía en función de los criterios utilizados, y puede llegar a ser del 32%. 66  Datos más  recientes  de  la  Encuesta  Nacional  de  Examen  de  Salud  y Nutrición (NHANES) III identificaron que solamente 40 de 1160 de las personas con obesidad en el estudio cumplían los criterios de sujetos metabólicamente sanos con obesidad

---

[Fuente: 02_Epidemiologia-de-la-obesidad-en-adultos-en-Chile.pdf]
## CAUSAS Y FACTORES QUE CONTRIBUYEN AL PROBLEMA

La  prevalencia  de  sobrepeso  y  obesidad  difiere  en  función de  factores  demográficos  como  la  edad,  el  sexo,  y  el  nivel socioeconómico  y  educacional. En Chile, la prevalencia de obesidad refleja grandes inequidades poblacionales, por ejemplo, es mayor en mujeres y personas con menores ingresos económicos  y  bajo  nivel  educativo.  Se  inicia  precozmente  en la  niñez,  aumenta  con  la  edad,  y  regresa  en  la  tercera  edad. 15 Esto muestra la relevancia de los determinantes sociales entre las causas estructurales y poblacionales de la malnutrición por exceso (sobrepeso y obesidad).

Los determinantes estructurales sociales mencionados  y  los factores  ambientales  se  asocian  a  diferencias  en  el  riesgo  de obesidad, como el hecho de que las personas vivan en zonas con mayor o menor acceso y disponibilidad de alimentos saludables.

---

[Fuente: 05_Facilitar-la-participacion-en-las-actividades-de-la-vida-diaria-de-las-personas-con-obesidad.pdf]
Aptitud física: La aptitud física es importante para las tareas de la vida y la salud cotidiana. En general, la aptitud física es menor en las personas con sobrepeso u obesidad y la pueden mejorar al participar en programas de entrenamiento físico sin centrarse en la pérdida de peso. Los profesionales de la salud deben considerar las  necesidades  y  preferencias  de  la  persona  con  obesidad  a  la hora de asesorar sobre el ejercicio físico. 22

## DOLOR

Existe  una  asociación  significativa  entre  la  grasa  corporal  y  el dolor  musculoesquelético,  particularmente  dolor  generalizado  y en articulaciones como columna lumbar, rodillas y pies, siendo la grasa corporal un mejor indicador de riesgo en comparación con el peso corporal. 23  Además, se ha reportado que el dolor crónico relacionado con la obesidad incluye dolores de cabeza, abdominal, pélvico y neuropático, entre otros. 24

---

[Fuente: 06_Evaluacion-del-paciente-que-vive-con-obesidad.pdf]
Para  la  mayoría  de  los  tipos  de  población,  el  sobrepeso  (IMC ≥  25  kg/m 2 )  representa  un  riesgo  y  requiere  la  incorporación de otros parámetros antropométricos, hemodinámicos y bioquímicos. 4,60   Un  IMC ≥ 30 kg/m 2  se asocia con un aumento del  riesgo  cardiovascular  y  de  mortalidad  por  varias  causas  y debería  utilizarse  como  criterio  de  detección  para  identificar  la obesidad en la población general. 4,5  En las personas descendientes del sur, sudeste y este de Asia, el punto de corte recomendado para  el  IMC  para  determinar  sobrepeso  debería  ser  ≥  23  kg/ m 2 . En partes especiales de la población, como los ancianos, los pacientes con mucha masa muscular y los que tienen una estatura extremadamente alta o baja, el IMC puede ser engañoso y debe interpretarse con precaución. 9"
"6","Realizar actividad física regularmente si tienes obesidad ofrece varios beneficios significativos para la salud, que son en parte independientes de la pérdida de peso. Algunos de estos beneficios incluyen:

1. **Mejora de la salud cardiovascular**: La actividad física regular puede tener un efecto positivo sobre los factores de riesgo cardiovascular, incluso sin una pérdida de peso significativa.

2. **Reducción de la masa grasa y circunferencia de cintura**: La intervención conductual que incorpora ejercicio ha demostrado reducir el peso, la masa grasa y la circunferencia de cintura en personas con obesidad de clase II y III.

3. **Mejora de la función física**: En personas de edad avanzada, el ejercicio puede mejorar la función física sin necesidad de perder peso. Además, cuando se combina con cambios dietéticos, puede ayudar a mantener la masa muscular y ósea.

4. **Aumento de la aptitud física**: La actividad física regular puede aumentar la aptitud cardiorrespiratoria y la fuerza muscular, lo que es especialmente beneficioso después de una cirugía bariátrica.

5. **Mejora de la calidad de vida**: Aunque la evidencia es limitada, se ha observado que la actividad física puede mejorar la calidad de vida relacionada con la salud y los trastornos del estado de ánimo, como la depresión y la ansiedad, en personas adultas con sobrepeso u obesidad.

6. **Mantenimiento del peso**: La actividad física puede favorecer el mantenimiento del peso tras la pérdida de peso y ayudar a mantener la masa libre de grasa durante este proceso.

7. **Reducción del tiempo sedentario**: Aumentar la actividad física también implica reducir el tiempo sedentario, lo que contribuye a un mejor control del peso corporal y a obtener beneficios adicionales para la salud.

En resumen, se puede inferir que la actividad física es un componente integral en el tratamiento de la obesidad, proporcionando múltiples beneficios que van más allá de la simple pérdida de peso.","[Fuente: 09_La-actividad-fisica-en-el-tratamiento-de-la-obesidad.pdf]
Además, la terapia de actividad física, con o sin cambios dietéticos, se  asocia  con  varios  beneficios  para  la  salud. 30 Por  ejemplo,  la actividad física regular puede tener un efecto positivo sobre los factores de riesgo cardiovascular; esto ocurre independientemente de una pérdida de peso significativa. 21  La intervención conductual que  incorpora  el  ejercicio  también  reduce  peso,  masa  grasa, circunferencia de cintura y factores de riesgo cardiometabólicos en participantes con obesidad de clase II y III. 31-33 En participantes de edad avanzada, el ejercicio por sí solo condujo a una mejor función física sin una pérdida de peso significativa; pero cuando se añadió a los cambios dietéticos, atenuó la disminución de la masa muscular y ósea normalmente observada solo con la dieta. 34  El volumen y la intensidad de la actividad física afectan la magnitud de los beneficios para la salud que se asocian al ejercicio. 5,30,35-37

---

[Fuente: 09_La-actividad-fisica-en-el-tratamiento-de-la-obesidad.pdf]
- c) Dislipidemia (Nivel 2a, Grado B) 15,16
5. La  actividad  física  regular  puede  mejorar  la  calidad  de vida  relacionada  con  la  salud,  los  trastornos  del  estado de ánimo (la depresión, la ansiedad) y la imagen corporal en personas adultas con sobrepeso u obesidad (Nivel 2b, Grado B). 17,18
6. La  actividad  física/ejercicio  post  cirugía  bariátrica  puede contribuir  a  incrementar  levemente  la  pérdida  de  peso y  grasa  corporal,  además  de  incrementar  de  manera significativa la capacidad física aeróbica y fuerza muscular (Nivel 1a, Grado B). 19

Certeza de la evidencia: Baja Fuerza de la recomendación: Condicional

El  objetivo  de  este  capítulo  es  entregar  a  los  profesionales  de atención  primaria  y  a  los  kinesiólogos  actualizaciones  sobre  la eficacia  de  la  actividad  física  como  enfoque  terapéutico  en  el tratamiento de la obesidad.

## COMPOSICIÓN CORPORAL

---

[Fuente: 09_La-actividad-fisica-en-el-tratamiento-de-la-obesidad.pdf]
## CONCLUSIÓN

Las personas adultas con sobrepeso u obesidad deben considerar el aumento de la actividad física como un componente integral de todas las estrategias de tratamiento de la obesidad. La actividad física  ofrece  una  amplia  gama  de  beneficios  para  la  salud  que son en parte independientes de la pérdida de peso. Las personas sedentarias  deben  progresar  hacia  30-60  minutos  o  más  de actividad  física  aeróbica  de  intensidad  moderada  a  alta  (por ejemplo, caminar, montar en bicicleta) la mayoría de los días de la semana (es decir, tratar de acumular 150 minutos o más por semana), realizar actividades de fuerza (resistencia) al menos dos días por semana y reducir la cantidad de tiempo sedentario diario para controlar el peso corporal y obtener beneficios para la salud.

---

[Fuente: 09_La-actividad-fisica-en-el-tratamiento-de-la-obesidad.pdf]
## Cómo citar este documento

La actividad física en el tratamiento de la obesidad. Adaptación de la guía de práctica clínica (Coalición chilena para el estudio de la obesidad, version 1, 2022) por Podestá I, Pino J. Capítulo adaptado de: Boulé NG, Prud'homme D. Canadian Adult Obesity Clinical Practice Guidelines: Physical Activity in Obesity Management. (version 1, 2020). Disponible en: https://obesitycanada.ca/guidelines/physicalactivity. © 2020 Obesity Canada.

Disponible en: guiasobesidadchile.com/actividadfisica Fecha de consulta [Fecha].

la  movilidad,  la  fuerza  y  la  masa  muscular  durante  las intervenciones de control de la obesidad. Esto puede ser importante, ya que estos resultados no son originalmente el objetivo y a veces se ven afectados negativamente por otras terapias, como la restricción calórica, los medicamentos y la cirugía bariátrica.

---

[Fuente: 09_La-actividad-fisica-en-el-tratamiento-de-la-obesidad.pdf]
Por tanto y en general, hay poca evidencia como para recomendar que  la  terapia  de  actividad  física  por  sí  sola  pueda  mejorar  la calidad de vida, los trastornos del estado de ánimo y la imagen corporal en personas adultas con sobrepeso u obesidad. Lo cual ha sido ratificado recientemente en una revisión sistemática 106  que incluyó 3594 mujeres con obesidad. Las personas que realizaban ejercicio  de  intensidad  moderada  a  vigorosa  solo  mostraron cambios significativos en la calidad de vida, no así en los otros aspectos estudiados (ansiedad, depresión e imagen corporal).

## RELACIÓN RIESGO-BENEFICIO DE AUMENTAR LA ACTIVIDAD FÍSICA.

---

[Fuente: 05_Facilitar-la-participacion-en-las-actividades-de-la-vida-diaria-de-las-personas-con-obesidad.pdf]
Aptitud física: La aptitud física es importante para las tareas de la vida y la salud cotidiana. En general, la aptitud física es menor en las personas con sobrepeso u obesidad y la pueden mejorar al participar en programas de entrenamiento físico sin centrarse en la pérdida de peso. Los profesionales de la salud deben considerar las  necesidades  y  preferencias  de  la  persona  con  obesidad  a  la hora de asesorar sobre el ejercicio físico. 22

## DOLOR

Existe  una  asociación  significativa  entre  la  grasa  corporal  y  el dolor  musculoesquelético,  particularmente  dolor  generalizado  y en articulaciones como columna lumbar, rodillas y pies, siendo la grasa corporal un mejor indicador de riesgo en comparación con el peso corporal. 23  Además, se ha reportado que el dolor crónico relacionado con la obesidad incluye dolores de cabeza, abdominal, pélvico y neuropático, entre otros. 24

---

[Fuente: 09_La-actividad-fisica-en-el-tratamiento-de-la-obesidad.pdf]
## MENSAJES CLAVE PARA EL PERSONAL DE SALUD

<!-- image -->

-  La  actividad  física  regular  genera  una  amplia  gama  de beneficios para la salud en personas adultas de todas las categorías de IMC, incluso en ausencia de pérdida de peso.
-  El  ejercicio  aeróbico  y  de  resistencia  puede  favorecer  el mantenimiento o la mejora de la aptitud cardiorrespiratoria,

## RECOMENDACIONES ADOPTADAS

<!-- image -->

1. La actividad física aeróbica (30-60 minutos de intensidad moderada a intensa la mayoría de los días de la semana) puede considerarse para las personas adultas que tengan como objetivo:
- a) Lograr pequeñas pérdidas de peso y grasa corporal (Nivel 2a, Grado B); 1
- b) Lograr  la  reducción  de  la  grasa  visceral  abdominal  (Nivel 1a, Grado A) 2-4  y de la grasa ectópica, como la del hígado y el corazón (Nivel 1a, Grado A), 4  incluso en ausencia de pérdida de peso;

## Cómo citar este documento

---

[Fuente: 12_Control-del-peso-durante-la-edad-reproductiva-de-las-mujeres-adultas-con-obesidad.pdf]
Actividad  física: La  actividad  física  (término  utilizado  como sinónimo de ejercicio en este capítulo) durante el embarazo ha demostrado  ser  beneficiosa  para  las  mujeres  con  obesidad  en el  control  de  su  aumento  de  peso  durante  el  embarazo  (2019 Canadian Guideline for Physical Activity Throughout Pregnancy). Daly  et  al. 19 compararon  el  aumento  de  peso  gestacional  total a las 36 semanas en 88 mujeres embarazadas asignadas ya sea a una intervención consistente en ejercicio intensivo supervisado por  médicos  o  a  la  atención  habitual.  Un  menor  número  de mujeres del grupo de intervención de ejercicio aumentó de peso por encima de las directrices en comparación con las mujeres del grupo de control (23,5% frente a 45,2%; p &lt;0,05). Barakat et al

---

[Fuente: 09_La-actividad-fisica-en-el-tratamiento-de-la-obesidad.pdf]
.  En  los  participantes  con  obesidad  de  clase II  o  III,  se  desarrolló  una  discapacidad  de  movilidad  importante en el 36% del grupo de actividad física frente al 46% del grupo de educación sanitaria. El entrenamiento de resistencia también mejoró las  limitaciones  funcionales  en  los  adultos  mayores  con obesidad; añadir el entrenamiento de resistencia al entrenamiento aeróbico produjo beneficios adicionales. 8

---

[Fuente: 09_La-actividad-fisica-en-el-tratamiento-de-la-obesidad.pdf]
- c) Favorecer  el  mantenimiento  del  peso  tras  la  pérdida  de peso (Nivel 2a, Grado B); 1,5
- d) Favorecer  el  mantenimiento  de  la  masa  libre  de  grasa durante la pérdida de peso (Nivel 2a, Grado B); 6  y,
- e) Aumentar la aptitud cardiorrespiratoria (Nivel 2a, Grado B) 7 y la movilidad (Nivel 2a, Grado B). 8
2. Para  las  personas  adultas  con  sobrepeso  u  obesidad,  el entrenamiento  de  resistencia  puede  promover  el  mantenimiento del peso o un ligero aumento de la masa muscular o de la masa libre de grasa y de la movilidad (Nivel 2a, Grado B). 9"
"7","La obesidad aumenta el riesgo de desarrollar diabetes tipo 2 principalmente debido a la disfunción del tejido adiposo, que provoca resistencia a la insulina. Este fenómeno se debe a la mayor liberación de ácidos grasos libres desde el tejido adiposo, lo que genera efectos lipotóxicos en el hígado, aumentando la producción de glucosa y la lipogénesis. Esto sugiere que el exceso de adiposidad no solo afecta la regulación de la glucosa, sino que también contribuye a un estado inflamatorio que perjudica la sensibilidad a la insulina.

Además, se ha observado que las personas con prediabetes, que ya presentan alteraciones en la glucosa, tienen un alto riesgo de progresar a diabetes tipo 2. La pérdida de peso, incluso de un kilo, se asocia con una reducción significativa del riesgo de desarrollar esta enfermedad. Por lo tanto, la relación entre obesidad y diabetes tipo 2 se establece a través de mecanismos metabólicos y hormonales que afectan la regulación de la glucosa y la sensibilidad a la insulina.","[Fuente: 03_La-ciencia-de-la-obesidad.pdf]
## COMPLICACIONES MÉDICAS RELACIONADAS CON LA ADIPOSIDAD

La disfunción del tejido adiposo y la adiposidad excesiva predisponen  al  desarrollo  de  diversas  complicaciones  médicas de tipo metabólico, osteoarticular y psicológico. La complicación metabólica más común es la resistencia a la insulina y, en personas susceptibles, la diabetes de tipo 2. La teoría predominante postula que el exceso de adiposidad determina resistencia a la insulina. 62 Un potencial  mecanismo  es  a  través  de  la  mayor  liberación  de ácidos grasos libres desde el tejido adiposo, que genera efectos lipotóxicos. En el hígado, el aumento del flujo de ácidos grasos libres  aumenta  la  producción  de  glucosa,  la  lipogénesis  y  la secreción de lipoproteínas de muy baja densidad (VLDL).

---

[Fuente: 13_Farmacoterapia-en-el-tratamiento-de-la-obesidad.pdf]
## EFICACIA DE LA FARMACOTERAPIA EN LOS PARÁMETROS DE SALUD

## Prevención de la diabetes tipo 2

La  diabetes  tipo  2  es  una  complicación  común  de  la  obesidad, y su prevención es un objetivo importante en el tratamiento de la obesidad crónica. Las personas con prediabetes corren un alto riesgo de desarrollar diabetes tipo 2, ya que alrededor del 25% de las personas con alteración de la glucosa en ayunas o alteración de la tolerancia a la glucosa evolucionan a diabetes tipo 2 en un plazo de tres a cinco años. 50  Entre las personas con prediabetes, un kilo de pérdida de peso se asocia a una reducción del riesgo relativo del 16% en el desarrollo de diabetes tipo 2. 51

---

[Fuente: 02_Epidemiologia-de-la-obesidad-en-adultos-en-Chile.pdf]
## RIESGOS PARA LA SALUD

La obesidad, por sus características fisiopatológicas de inflamación,  alteraciones  hormonales,  inmunodepresión  y  por ser  una  enfermedad  crónica,  constituye  un  factor  reconocido de  riesgo  para  la  salud,  involucrado  en  el  desarrollo  de  cáncer y de enfermedades crónicas no transmisibles como la DM2 y la hipertensión arterial.  En años recientes, también se ha demostrado que constituye un factor de riesgo para enfermedades infecciosas causadas  por  los  virus  influenza  y  Sars-Cov  2. 21 El  exceso  de peso  categorizado  en  base  al  Índice  de  Masa  Corporal  (IMC) ha  mostrado  que  las  categorías  de  obesidad  II  y  III  se  asocian significativamente  con  mayor  mortalidad  por  cualquier  causa. 22 En  Chile,  la  obesidad  también  se  ha  identificado  dentro  de  los principales factores de riesgo modificables para desarrollar DM2 e hipertensión arterial. 23,24

---

[Fuente: 02_Epidemiologia-de-la-obesidad-en-adultos-en-Chile.pdf]
-  La  obesidad  aumenta  el  riesgo  de  padecer  enfermedades crónicas graves como enfermedades cardíacas, cáncer, derrames cerebrales, diabetes tipo 2 (DM2) e hígado graso no alcohólico, entre otras; perjudicando la calidad de vida relacionada con la salud de la persona, y reduce la esperanza de vida.
-  En  Chile,  la  prevalencia  de  la  obesidad  ha  aumentado  en todos  los  grupos  etarios  y  se  presenta  muy  precozmente desde la niñez. Además, se concentra en la población de menor nivel educativo y en mujeres.

---

[Fuente: 03_La-ciencia-de-la-obesidad.pdf]
Es  importante  destacar  que  las  células  inflamatorias,  como los  macrófagos  y  los  monocitos,  migran  a  la  grasa  visceral  de los  sujetos  con  obesidad,  lo  que  aumenta  aún  más  el  estado inflamatorio y perjudica la sensibilidad a la insulina. La adiposidad también  está  relacionada  con  un  mayor  riesgo  de  padecer muchas formas de cáncer a través de la liberación de factores de crecimiento hormonales y adipoquinas inflamatorias. 65

## LA PARADOJA DE LA OBESIDAD

---

[Fuente: 13_Farmacoterapia-en-el-tratamiento-de-la-obesidad.pdf]
## Diabetes tipo 2

La obesidad en la diabetes tipo 2 se asocia a un peor control glicémico, de la presión arterial y de los perfiles lipídicos, y a un mayor uso de fármacos hipolipemiantes y antihipertensivos, en comparación con las personas con diabetes que no tienen obesidad. 52

El  efecto de la farmacoterapia antidiabética sobre el peso debe tenerse en cuenta a la hora de elegir la medicación o medicaciones más  adecuadas  para  el  control  glicémico.  Los  agonistas  del receptor GLP1 y los inhibidores del cotransportador 2 de sodio/ glucosa se asocian a la pérdida de peso, además de mejorar el control glicémico. La metformina, los inhibidores de la dipeptidil peptidasa-4 y la acarbosa suelen tener un peso neutro. La insulina, los secretagogos de la insulina y las tiazolidinedionas se asocian al aumento de peso. 53  La farmacoterapia para la obesidad puede ser beneficiosa para la pérdida de peso y la mejora del control de la diabetes.

---

[Fuente: 04_Prevencion-y-reduccion-de-danos-de-la-obesidad-en-personas-adultas.pdf]
## TRATAMIENTO FARMACOLÓGICO DE LA DIABETES TIPO 2 (DM2)

La mayoría de las personas con diabetes de tipo 2 tienen obesidad, y se les recomienda perder peso con el fin de mejorar los factores de  riesgo  asociados  a  esta  enfermedad.  Algunos  medicamentos para tratar la diabetes se asocian paradójicamente a una mejora de  la  sensibilidad  a  la  insulina  y  a  un  aumento  de  peso. 62 Las tiazolidinedionas, glitazonas, sulfonilureas (SU) y las meglitinidas se asocian a un aumento de peso entre 1 y 4 kg  y la insulina a un aumento de peso mayor de 5 a 6 kg. 62  Los mecanismos responsables del aumento de peso varían según el tipo de medicamento, pero incluyen el aumento del apetito, favorecen el almacenamiento de lípidos y retención hídrica. 62 Los pacientes a los que se les prescriben sulfonilureas como estrategia de tratamiento como primera línea suelen tener un mayor aumento de peso que con otros fármacos. 34

---

[Fuente: 03_La-ciencia-de-la-obesidad.pdf]
La  adiponectina  también  es  una  hormona  producida  por  los adipocitos  que  alcanza  altas  concentraciones  en  el  plasma.  Se ha propuesto que la adiponectina ejerce efectos en una amplia gama de procesos fisiológicos, como la homeostasis energética, la  función  vascular,  la  inflamación  sistémica  y  el  crecimiento celular. Una de sus funciones más importantes parece ser la de agente sensibilizador de la insulina. Los niveles de adiponectina circulante  son  más  bajos  en  personas  con  obesidad,  síndrome de  ovario  poliquístico,  individuos  con  intolerancia  a  la  glucosa o  diabetes  tipo  2.  La  disminución  del  nivel  de  adiponectina,  o hipoadiponectinemia,  se  podría  asociar  a  un  mayor  riesgo  de desarrollar diabetes tipo 2. 47

---

[Fuente: 13_Farmacoterapia-en-el-tratamiento-de-la-obesidad.pdf]
La farmacoterapia para el tratamiento de la obesidad puede ser beneficiosa para prevenir o retrasar el desarrollo de la diabetes tipo  2.  Se  evaluó  orlistat  para  la  prevención  de  la  diabetes  en un  ensayo  de  3305  pacientes  con  obesidad  y  tolerancia  a  la glucosa normal (79%) o alterada (21%). Se asignaron pacientes aleatoriamente ante cambios en el comportamiento de salud más orlistat o placebo. 11     Después de cuatro años de tratamiento, la incidencia acumulada de diabetes fue del 6,2% en el grupo de orlistat  en  comparación  con  el  9,0%  en  el  de  placebo,  con  la correspondiente disminución del 37,3% del riesgo de progresión a  diabetes  tipo  2.  Las  personas  con  intolerancia  a  la  glucosa obtuvieron  el  mayor  beneficio  en  términos  de  disminución  de la  tasa  de  progresión  a  diabetes  tipo  2,  en  comparación  con los  participantes  del  estudio  con  normoglicemia

---

[Fuente: 01_Practicas-y-politicas-para-reducir-los-sesgos-sobre-el-peso-en-el-manejo-de-la-obesidad-1.pdf]
. La discriminación por peso corporal también aumenta el riesgo de obesidad. 10"
"8","Los alimentos ricos en fibra que pueden ayudarte a sentir más saciedad incluyen aquellos que contienen fibra soluble, como la avena, la cebada, el psyllium y el glucomanano. Estos tipos de fibra son conocidos por retrasar el vaciado gástrico, lo que aumenta la sensación de saciedad y puede reducir la ingesta de alimentos.

Además, se ha demostrado que una mayor ingesta de fibra dietética total, que se recomienda en cantidades superiores a 25-29 g al día, está asociada con beneficios en la salud, incluyendo la reducción del peso y la mejora de factores de riesgo cardiometabólicos. Esto sugiere que consumir alimentos ricos en fibra, como frutas, verduras, legumbres y cereales integrales, puede ser efectivo para aumentar la saciedad y contribuir a un mejor control del peso.","[Fuente: 17_Productos-y-programas-comerciales-para-el-control-de-la-obesidad.pdf]
## GLUCOMANANO

El  glucomanano es una fibra soluble que se cree que retrasa el vaciado  gástrico  y,  a  su  vez,  aumenta  la  saciedad  y  reduce  la ingesta de alimentos. 25  Una reciente revisión sistemática de seis breves ensayos aleatorios de control llegó a la conclusión de que había datos limitados que apoyaban que la suplementación con glucomanano podía ayudar a reducir el peso, pero no el índice de masa corporal. 26

## ACUPUNTURA

---

[Fuente: articulo.pdf]
## GLUCOMANANO

El  glucomanano es una fibra soluble que se cree que retrasa el vaciado  gástrico  y,  a  su  vez,  aumenta  la  saciedad  y  reduce  la ingesta de alimentos. 25  Una reciente revisión sistemática de seis breves ensayos aleatorios de control llegó a la conclusión de que había datos limitados que apoyaban que la suplementación con glucomanano podía ayudar a reducir el peso, pero no el índice de masa corporal. 26

## ACUPUNTURA

---

[Fuente: 08_Terapia-de-nutricion-medica-de-la-obesidad.pdf]
La Organización Mundial  de  la  Salud  (OMS)  encargó  una serie  de  revisiones  sistemáticas  y  metaanálisis  de  estudios  de cohortes prospectivos, que incluían a personas sin enfermedades agudas o crónicas (incluyendo personas con prediabetes, hipercolesterolemia de leve a moderada, hipertensión de leve a moderada o síndrome metabólico). Las pruebas mostraron que una mayor ingesta de fibra dietética total se asoció con una menor incidencia  de  diabetes,  enfermedad  coronaria  y  mortalidad, accidente  cerebrovascular  y  mortalidad,  cáncer  colorrectal y cáncer total y mortalidad. Los autores no observaron diferencias en la reducción del riesgo según el tipo de fibra (insoluble, soluble o viscosa soluble) o la fuente de fibra (cereales, frutas, verduras o  legumbres). 95 Los  análisis  de  metarregresión  dosis-respuesta mostraron que los beneficios se asociaban a ingestas superiores a 25-29 g al día

---

[Fuente: 17_Productos-y-programas-comerciales-para-el-control-de-la-obesidad.pdf]
10.   Solah VA, O'Mara-Wallace B, Meng X, et al. Consumption of the Soluble Dietary Fibre Complex PolyGlycopleX(®) Reduces Glycaemia and Increases Satiety of a Standard Meal Postprandially. Nutrients. 2016;8(5). doi:10.3390/NU8050268
11.   Onakpoya IJ, Heneghan CJ. Effect of the novel functional fibre, polyglycoplex (PGX), on  body  weight  and  metabolic  parameters:  A  systematic  review  of  randomized clinical trials. Clinical Nutrition. 2015;34(6). doi:10.1016/j.clnu.2015.01.004
12.   Thompson  S  v.,  Hannon  BA,  An  R,  Holscher  HD.  Effects  of  isolated  soluble fiber supplementation on body weight, glycemia, and insulinemia in adults with overweight and obesity: A systematic review and meta-analysis of randomized controlled trials. American Journal of Clinical Nutrition. 2017;106(6). doi:10.3945/ajcn.117.163246

---

[Fuente: articulo.pdf]
10.   Solah VA, O'Mara-Wallace B, Meng X, et al. Consumption of the Soluble Dietary Fibre Complex PolyGlycopleX(®) Reduces Glycaemia and Increases Satiety of a Standard Meal Postprandially. Nutrients. 2016;8(5). doi:10.3390/NU8050268
11.   Onakpoya IJ, Heneghan CJ. Effect of the novel functional fibre, polyglycoplex (PGX), on  body  weight  and  metabolic  parameters:  A  systematic  review  of  randomized clinical trials. Clinical Nutrition. 2015;34(6). doi:10.1016/j.clnu.2015.01.004
12.   Thompson  S  v.,  Hannon  BA,  An  R,  Holscher  HD.  Effects  of  isolated  soluble fiber supplementation on body weight, glycemia, and insulinemia in adults with overweight and obesity: A systematic review and meta-analysis of randomized controlled trials. American Journal of Clinical Nutrition. 2017;106(6). doi:10.3945/ajcn.117.163246

---

[Fuente: 08_Terapia-de-nutricion-medica-de-la-obesidad.pdf]
| Fibra dietética (25 g a 29 g)                                                                                        | Mayor ingesta: i Mortalidad por enfermedades cardiovasculares 15-30% i Incidencia de enfermedades coronarias y accidentes cerebrovasculares i T2DM i Presión arterial sistólica i Colesterol total 95                                                                                                                                                       | Mayor ingesta: i peso                                                                                                                                                                                         | Los suplementos de fibra pueden ayudar i a perder peso a corto plazo 106,195-199                                                                                            |                                                                                                                        |

---

[Fuente: 08_Terapia-de-nutricion-medica-de-la-obesidad.pdf]
. Estas  han  demostrado  que  las  intervenciones de  fibra  mixta  dan  lugar  a  reducciones  del  peso  corporal  y  a mejoras en la HbA1C, la glicemia posprandial, la presión arterial y los lípidos sanguíneos. 100-107,109-112 Los umbrales  de  dosis para  el  beneficio  no  están  claros,  pero  en  general  apoyan  los beneficios óptimos en ingestas de ≥ 25 g/día de fibra total en intervenciones de fibra mixta que proporcionan de 10 g/día a 20 g/día de fibra viscosa soluble. 95,96,98-107,109-114

---

[Fuente: 08_Terapia-de-nutricion-medica-de-la-obesidad.pdf]
A  pesar  de  la  falta  de  interacción  por  tipo  y  fuente  de  fibra en  los  estudios  de  cohortes  prospectivos,  las  pruebas  de  los ensayos  controlados  aleatorios  difieren.  Estos  datos  apoyan los beneficios de la fibra dietética sobre los factores de riesgo cardiometabólico intermedios y sugieren que estos se restringen en gran medida a la fibra viscosa soluble. La fibra viscosa soluble es  la  única  fibra  respaldada  por  el  Reglamento  Sanitario  de los  Alimentos 97   con  declaraciones  de  propiedades  saludables aprobadas para reducir el colesterol de la avena, la cebada, el psyllium  y  el  complejo  de  polisacáridos  (glucomanano,  goma xantana,  alginato  de  sodio), 98-100 y  la  glicemia  posprandial  en el  caso  del  complejo  de  polisacáridos  (glucomanano,  goma xantana, alginato de sodio). 100

---

[Fuente: 08_Terapia-de-nutricion-medica-de-la-obesidad.pdf]
Las revisiones sistemáticas y los metaanálisis de ensayos controlados  aleatorios  han  evaluado  tipos  específicos  de  fibra viscosa soluble. Las pruebas obtenidas con la avena (betaglucano), la  cebada  (betaglucano),  el  psyllium,  el  manano  de  konjac (glucomanano)  y  las  frutas  y  verduras  (pectina)  muestran  una mejora del control glicémico mediante la HbA1c y la glicemia en ayunas, de la resistencia a la insulina mediante el HOMA-IR, de la presión arterial y de los lípidos sanguíneos, incluidos los objetivos terapéuticos establecidos de LDL-C, no HDL-C y APO B. 101-106  Los estudios también han puesto de manifiesto que la fibra insoluble, aparte de contribuir al aumento de volumen de las heces, 107  no ha  mostrado  ventajas  cardiometabólicas  en  comparación  con los controles bajos en fibra o en las comparaciones directas con la  fibra  soluble  viscosa,  en  las  que  a  menudo  se  utiliza  como comparador neutro de la fibra viscosa soluble. 108-111

---

[Fuente: 08_Terapia-de-nutricion-medica-de-la-obesidad.pdf]
105.   Ho  HVT,  Sievenpiper  JL,  Zurbau  A,  et  al.  The  effect  of  oat β -glucan  on LDL-cholesterol,  non-HDL-cholesterol  and  apoB  for  CVD  risk  reduction:  a systematic review and meta-analysis of randomised-controlled trials. Br J Nutr. 2016;116(8):1369-1382. doi:10.1017/S000711451600341X
106.   Chew  KY,  Brownlee  IA.  The  impact  of  supplementation  with  dietary  fibers on  weight  loss:  A  systematic  review  of  randomised  controlled  trials.  Bioact Carbohydrates Diet Fibre. 2018;14:9-19. doi:10.1016/J.BCDF.2017.07.010
107.   Vuksan V, Jenkins AL, Jenkins DJA, Rogovik AL, Sievenpiper JL, Jovanovski E. Using cereal to increase dietary fiber intake to the recommended level and the effect of fiber on bowel function in healthy persons consuming North American diets. Am J Clin Nutr. 2008;88(5). doi:10.3945/ajcn.2008.25956"
"9","La resistencia a la insulina es una condición en la que las células del cuerpo no responden adecuadamente a la insulina, una hormona que regula el metabolismo de la glucosa. Esto significa que, a pesar de que hay insulina disponible, las células no pueden utilizar la glucosa de manera eficiente, lo que puede llevar a niveles elevados de glucosa en la sangre y, eventualmente, al desarrollo de diabetes tipo 2.

La obesidad está estrechamente relacionada con la resistencia a la insulina. Según el contexto, el exceso de adiposidad, especialmente la acumulación de grasa visceral, puede provocar un estado de resistencia a la insulina. Esto se debe a varios factores, como la mayor liberación de ácidos grasos libres desde el tejido adiposo, que genera efectos lipotóxicos en el hígado, aumentando la producción de glucosa y afectando la sensibilidad a la insulina. Además, la migración de células inflamatorias al tejido adiposo en personas con obesidad contribuye a un estado inflamatorio que también perjudica la sensibilidad a la insulina.

Se puede inferir que la resistencia a la insulina es una complicación metabólica común en personas con obesidad, lo que a su vez aumenta el riesgo de desarrollar diabetes tipo 2 y otras complicaciones médicas.","[Fuente: 03_La-ciencia-de-la-obesidad.pdf]
## COMPLICACIONES MÉDICAS RELACIONADAS CON LA ADIPOSIDAD

La disfunción del tejido adiposo y la adiposidad excesiva predisponen  al  desarrollo  de  diversas  complicaciones  médicas de tipo metabólico, osteoarticular y psicológico. La complicación metabólica más común es la resistencia a la insulina y, en personas susceptibles, la diabetes de tipo 2. La teoría predominante postula que el exceso de adiposidad determina resistencia a la insulina. 62 Un potencial  mecanismo  es  a  través  de  la  mayor  liberación  de ácidos grasos libres desde el tejido adiposo, que genera efectos lipotóxicos. En el hígado, el aumento del flujo de ácidos grasos libres  aumenta  la  producción  de  glucosa,  la  lipogénesis  y  la secreción de lipoproteínas de muy baja densidad (VLDL).

---

[Fuente: 03_La-ciencia-de-la-obesidad.pdf]
. 12  Por otro lado, se ha propuesto que en personas con excesiva adiposidad se genera un estado de resistencia a la leptina, lo que perpetúa la acumulación de masa grasa en la obesidad. 13

---

[Fuente: 03_La-ciencia-de-la-obesidad.pdf]
Es  importante  destacar  que  las  células  inflamatorias,  como los  macrófagos  y  los  monocitos,  migran  a  la  grasa  visceral  de los  sujetos  con  obesidad,  lo  que  aumenta  aún  más  el  estado inflamatorio y perjudica la sensibilidad a la insulina. La adiposidad también  está  relacionada  con  un  mayor  riesgo  de  padecer muchas formas de cáncer a través de la liberación de factores de crecimiento hormonales y adipoquinas inflamatorias. 65

## LA PARADOJA DE LA OBESIDAD

---

[Fuente: 03_La-ciencia-de-la-obesidad.pdf]
64.   Chen L, Chen R, Wang H, Liang F. Mechanisms Linking Inflammation to Insulin Resistance. Int J Endocrinol. 2015;2015. doi:10.1155/2015/508409
65.   Zhang Z, Scherer PE. Adipose tissue: The dysfunctional adipocyte - a cancer cell' s  best  friend.  Nat  Rev  Endocrinol.  2018;14(3):132-134.  doi:10.1038/ NRENDO.2017.174
66.   Wildman RP, Muntner P , Reynolds K, et al. The obese without cardiometabolic risk factor  clustering  and  the  normal  weight  with  cardiometabolic  risk factor  clustering:  prevalence  and  correlates  of  2  phenotypes  among  the  US population (NHANES 1999-2004). Arch Intern Med. 2008;168(15):1617-1624. doi:10.1001/ARCHINTE.168.15.1617
67.   WC K, E BC, SE F, et al. Reduction in the incidence of type 2 diabetes with lifestyle  intervention  or  metformin.  N  Engl  J  Med.  2002;346(6):393-403. doi:10.1056/NEJMOA012512

---

[Fuente: 03_La-ciencia-de-la-obesidad.pdf]
La  adiponectina  también  es  una  hormona  producida  por  los adipocitos  que  alcanza  altas  concentraciones  en  el  plasma.  Se ha propuesto que la adiponectina ejerce efectos en una amplia gama de procesos fisiológicos, como la homeostasis energética, la  función  vascular,  la  inflamación  sistémica  y  el  crecimiento celular. Una de sus funciones más importantes parece ser la de agente sensibilizador de la insulina. Los niveles de adiponectina circulante  son  más  bajos  en  personas  con  obesidad,  síndrome de  ovario  poliquístico,  individuos  con  intolerancia  a  la  glucosa o  diabetes  tipo  2.  La  disminución  del  nivel  de  adiponectina,  o hipoadiponectinemia,  se  podría  asociar  a  un  mayor  riesgo  de desarrollar diabetes tipo 2. 47

---

[Fuente: 03_La-ciencia-de-la-obesidad.pdf]
## EL MICROBIOMA INTESTINAL Y LA OBESIDAD

La  microbiota  intestinal  es  el  conjunto  de  todos  los  microorganismos del  tracto  gastrointestinal. 50 Datos  recientes  sugieren  que  la microbiota intestinal  puede influir  en  el  aumento  de  peso  y  en la  resistencia  a  la  insulina  a  través  de  diferentes  vías,  como  la obtención de energía a partir de la fermentación bacteriana, la señalización de los ácidos grasos de cadena corta y el metabolismo de los ácidos biliares. 51

---

[Fuente: 02_Epidemiologia-de-la-obesidad-en-adultos-en-Chile.pdf]
## RIESGOS PARA LA SALUD

La obesidad, por sus características fisiopatológicas de inflamación,  alteraciones  hormonales,  inmunodepresión  y  por ser  una  enfermedad  crónica,  constituye  un  factor  reconocido de  riesgo  para  la  salud,  involucrado  en  el  desarrollo  de  cáncer y de enfermedades crónicas no transmisibles como la DM2 y la hipertensión arterial.  En años recientes, también se ha demostrado que constituye un factor de riesgo para enfermedades infecciosas causadas  por  los  virus  influenza  y  Sars-Cov  2. 21 El  exceso  de peso  categorizado  en  base  al  Índice  de  Masa  Corporal  (IMC) ha  mostrado  que  las  categorías  de  obesidad  II  y  III  se  asocian significativamente  con  mayor  mortalidad  por  cualquier  causa. 22 En  Chile,  la  obesidad  también  se  ha  identificado  dentro  de  los principales factores de riesgo modificables para desarrollar DM2 e hipertensión arterial. 23,24

---

[Fuente: 08_Terapia-de-nutricion-medica-de-la-obesidad.pdf]
La obesidad es definida como una enfermedad crónica compleja en  la  que  la  grasa  corporal  anormal  o  excesiva  adiposidad perjudican  la  salud,  aumentan  el  riesgo  de  complicaciones médicas a largo plazo y reducen la esperanza de vida. Utilizamos esta definición en lugar de la de peso o IMC al referirnos a las personas adultas con obesidad aplicando un lenguaje que prioriza a  las  personas 61 y  apoyando  el  cambio  de  narrativa  sobre  la obesidad. 63,69

Reconocemos que esto puede ser controversial y que se necesita más  investigación  para  conciliar  las  intervenciones  nutricionales utilizando las nuevas definiciones de obesidad. De todas formas, un diagnóstico de obesidad desde la práctica clínica requiere una evaluación exhaustiva que mitigue los prejuicios involuntarios hacia el peso y otros estigmas que puedan surgir si sólo se utiliza el IMC.

---

[Fuente: 13_Farmacoterapia-en-el-tratamiento-de-la-obesidad.pdf]
## EFICACIA DE LA FARMACOTERAPIA EN LOS PARÁMETROS DE SALUD

## Prevención de la diabetes tipo 2

La  diabetes  tipo  2  es  una  complicación  común  de  la  obesidad, y su prevención es un objetivo importante en el tratamiento de la obesidad crónica. Las personas con prediabetes corren un alto riesgo de desarrollar diabetes tipo 2, ya que alrededor del 25% de las personas con alteración de la glucosa en ayunas o alteración de la tolerancia a la glucosa evolucionan a diabetes tipo 2 en un plazo de tres a cinco años. 50  Entre las personas con prediabetes, un kilo de pérdida de peso se asocia a una reducción del riesgo relativo del 16% en el desarrollo de diabetes tipo 2. 51

---

[Fuente: 13_Farmacoterapia-en-el-tratamiento-de-la-obesidad.pdf]
## Diabetes tipo 2

La obesidad en la diabetes tipo 2 se asocia a un peor control glicémico, de la presión arterial y de los perfiles lipídicos, y a un mayor uso de fármacos hipolipemiantes y antihipertensivos, en comparación con las personas con diabetes que no tienen obesidad. 52

El  efecto de la farmacoterapia antidiabética sobre el peso debe tenerse en cuenta a la hora de elegir la medicación o medicaciones más  adecuadas  para  el  control  glicémico.  Los  agonistas  del receptor GLP1 y los inhibidores del cotransportador 2 de sodio/ glucosa se asocian a la pérdida de peso, además de mejorar el control glicémico. La metformina, los inhibidores de la dipeptidil peptidasa-4 y la acarbosa suelen tener un peso neutro. La insulina, los secretagogos de la insulina y las tiazolidinedionas se asocian al aumento de peso. 53  La farmacoterapia para la obesidad puede ser beneficiosa para la pérdida de peso y la mejora del control de la diabetes."
"10","Para controlar el hambre durante un plan de alimentación, se pueden considerar las siguientes recomendaciones basadas en el contexto proporcionado:

1. **Comer de manera consciente**: Practicar la atención plena al comer puede ayudar a aumentar la conciencia sobre las sensaciones de hambre y saciedad. Esto implica dedicar tiempo a comer, notar cuándo se tiene hambre y cuándo se está satisfecho, lo que puede reducir la ansiedad por la comida y mejorar la relación con ella.

2. **Incluir alimentos de alta calidad**: Incorporar legumbres, frutas, verduras, frutos secos y cereales integrales en la dieta puede mejorar el control del peso y la saciedad. Estos alimentos son ricos en nutrientes y fibra, lo que puede ayudar a mantener la sensación de plenitud por más tiempo.

3. **Planificación de comidas**: Planificar lo que se va a comer puede ayudar a evitar decisiones impulsivas y a mantener un enfoque en la calidad de los alimentos, lo que puede contribuir a un mejor control del hambre.

4. **Intervenciones conductuales**: Las estrategias que refuerzan la autorregulación alimentaria son efectivas, especialmente para aquellos que experimentan fuertes ansias de comer. Esto sugiere que el uso de técnicas de autocontrol y modificación del comportamiento puede ser beneficioso.

5. **Supervisión y evaluación**: Es importante supervisar y evaluar regularmente los resultados relacionados con la salud, lo que incluye el estado nutricional y la calidad de vida. Esto puede ayudar a ajustar el plan de alimentación según las necesidades individuales y los obstáculos que se presenten.

Se puede inferir que estas recomendaciones no solo ayudan a controlar el hambre, sino que también promueven una relación más saludable con la comida y pueden contribuir a la sostenibilidad de un plan de alimentación a largo plazo.","[Fuente: 08_Terapia-de-nutricion-medica-de-la-obesidad.pdf]
-  Las intervenciones nutricionales para el tratamiento de  la  obesidad  deben  hacer  hincapié  en  las  prácticas alimentarias individuales, la calidad de los alimentos y en una relación saludable con la comida. También se puede incluir  la  alimentación  basada  en  la  atención  plena,  lo que  puede  ayudar  a  reducir  la  ansiedad  por  la  comida, disminuir la alimentación basada en la recompensa, mejorar la satisfacción corporal y aumentar la conciencia de la sensación de hambre y saciedad.
-  La restricción calórica permite bajar de peso a corto plazo (&lt;12 meses) pero no ha demostrado ser sostenible a largo plazo (&gt;12 meses). La restricción calórica puede afectar a las vías neurobiológicas que controlan el apetito, el hambre, los antojos y la regulación del peso corporal, lo cual puede provocar  un  aumento  de  la  ingesta  de  alimentos  y  un aumento de peso.

---

[Fuente: 08_Terapia-de-nutricion-medica-de-la-obesidad.pdf]
- i.  La  restricción  intermitente o continua de calorías logró una reducción similar del peso a corto plazo (Nivel 2a, Grado B). 38
- j.  Legumbres  (porotos,  garbanzos,  lentejas,  arvejas  secas) para  mejorar  el  peso  (Nivel  2,  Grado  B), 39 mejorar  el control glicémico (Nivel 2, Grado B), 40 cumplir los objetivos

---

[Fuente: 10_Intervenciones-psicologicas-y-conductuales-eficaces-en-el-tratamiento-de-la-obesidad.pdf]
| El personal de salud debe conocer la importancia de los fundamentos neurobiológicos que subyacen al impulso de comer (antojos de comida), así como el rol de la comida como refuerzo (aprendizaje asociativo). Esta información debe utilizarse                             | Las intervenciones conductuales que refuerzan la autorregulación alimentaria mejoran los resultados, sobre todo en aquellos que reportan fuertes ansias de comer. 32-34                                            | NIVEL 2, GRADO B     |

---

[Fuente: 10_Intervenciones-psicologicas-y-conductuales-eficaces-en-el-tratamiento-de-la-obesidad.pdf]
27.   Semper HM, Povey R, Clark-Carter D. A systematic review of the effectiveness of  smartphone  applications  that  encourage  dietary  self-regulatory  strategies for weight loss in overweight and obese adults. Obesity Reviews. 2016;17(9). doi:10.1111/obr.12428
28.   Lowe  MR,  Butryn  ML.  Hedonic  hunger:  A  new  dimension  of  appetite? Physiology and Behavior. 2007;91(4). doi:10.1016/j.physbeh.2007.04.006
29.   Zheng  H,  Lenard  NR,  Shin  AC,  Berthoud  HR.  Appetite  control  and  energy balance  regulation  in  the  modern  world:  Reward-driven  brain  overrides repletion  signals.  International  Journal  of  Obesity.  2009;33.  doi:10.1038/ ijo.2009.65
30.   Epstein LH, Carr KA, Lin H, Fletcher KD. Food reinforcement, energy intake, and macronutrient choice. American Journal of Clinical Nutrition. 2011;94(1). doi:10.3945/ajcn.110.010314

---

[Fuente: 08_Terapia-de-nutricion-medica-de-la-obesidad.pdf]
Una revisión sistemática 180  descubrió que las dietas muy bajas en calorías pueden utilizarse sin exacerbar los trastornos alimentarios existentes  o  los  episodios  de  atracones  en  programas  con  supervisión médica. Da Luz et al. 180   encontraron que los atracones disminuyeron en las intervenciones de DMBC. Un ensayo prospectivo de control aleatorio  no  encontró  conductas  alimentarias  trastornadas,  ni trastornos por atracones y disminuyó los síntomas de depresión en los grupos con restricción calórica (1200 kcal-1500 kcal/día con alimentos  convencionales,  o  1000  kcal/día  con  sustituciones  de comidas completas) en comparación con un enfoque sin restricción calórica. 181 Los  síntomas  de  baja  autoestima  y  los  pensamientos negativos sobre la imagen corporal disminuyeron en los tres grupos a  lo  largo  del  tiempo

---

[Fuente: 08_Terapia-de-nutricion-medica-de-la-obesidad.pdf]
su  nutricionista  para  discutir  las  ventajas  y  desventajas  de los diferentes patrones de alimentación en cuanto le ayuden a  lograr  sus  objetivos  de  salud.  La  forma  de  comer  es  tan importante como cuánto y qué se come. Intente comer de manera consciente y tener una relación sana con la comida.

Hacer 'dieta' o restringir drásticamente la ingesta de alimentos puede provocar cambios en su cuerpo que, con el tiempo, podrían hacerle recuperar el peso.

Acuda a un nutricionista certificado que le ofrezca un plan personalizado  y  le  brinde  asesoramiento  continuo  sobre  su estado de salud y sus requerimientos nutricionales.

---

[Fuente: 08_Terapia-de-nutricion-medica-de-la-obesidad.pdf]
## Supervisar y evaluar los resultados relacionados con la salud,* incluyendo:

Conductas de salud, estado nutricional, calidad de vida, salud mental, cardiovascular, metabólica, estado funcional, estado físico

<!-- image -->

Reevaluar la intervención, el plan, la preparación, los obstáculos y los apoyos

## Intente comer de manera consciente y tener una relación sana con la comida

- Aparte tiempo para comer
- Note cuándo tiene hambre y cuándo está satisfecho
- Planifique lo que va a comer
- Haga que otros participen en la planificación y preparación de las comidas
- Recuerde que la cultura y las tradiciones culinarias pueden ser parte de una alimentación sana
- Reconecte con la experiencia de comer creando conciencia de sus pensamientos emociones, sensaciones y comportamientos

NO

Supervisar y evaluar la preparación en visitas de seguimiento.

NO

---

[Fuente: 03_La-ciencia-de-la-obesidad.pdf]
## NEUROBIOLOGÍA DE LA INGESTA HEDÓNICA

El  control  homeostático  de  la  ingesta  en  el  hipotálamo  está influido por factores tales como el estado nutricional, la detección y disponibilidad de nutrientes, gusto, olfato y preferencias alimentarias. Además del control hipotalámico de la ingesta, hay otros  sistemas  neuronales  que  intervienen  y  que  proporcionan los aspectos emocionales, placenteros y gratificantes de la alimentación,  también  conocidos  como  ingesta  hedónica.  La ingesta  hedónica  se  basa  en  las  sensaciones  de  gratificación  y placer  que  se  asocian  a  ver,  oler  o  comer  alimentos. 16 Esta  vía significa que el cerebro puede desear la comida, o incluso disfrutar de ella, incluso cuando la persona está completamente saciada. Las señales se transmiten por las vías dopaminérgica, opioide y endocanabinoide  a  través  de  los  respectivos  receptores  en  los blancos descendentes. 17

---

[Fuente: 08_Terapia-de-nutricion-medica-de-la-obesidad.pdf]
Las intervenciones nutricionales tradicionales para tratar la obesidad  se  han  concentrado  en  estrategias  que  promueven la  pérdida  de  peso  mediante  una  dieta  restrictiva.  Aunque es  necesario  un  déficit  calórico  para  empezar  a  perder  peso, mantenerlo puede ser difícil a largo plazo debido a los mecanismos de  compensación  que  estimulan  la  ingesta  de  calorías  a  través del aumento del hambre y el deseo de comer. 64-66  El personal de salud, los formuladores de políticas, los pacientes y el público en general han de saber que las intervenciones nutricionales afectan a  cada  persona  de  forma  diferente  y  que,  por  tanto,  no  existe un enfoque o una intervención nutricional único que sea el más adecuado. 67

---

[Fuente: 08_Terapia-de-nutricion-medica-de-la-obesidad.pdf]
| Enfoques alimentarios • Legumbres • Frutas y verduras • Frutos secos • Cereales integrales • Lácteos   | Patrones dietéticos • Patrones de restricción calórica con variación de macronutrientes • Mediterránea • Vegetariana • Portfolio • Bajo índice glicémico • DASH • Nórdica • Suplementos alimenticios • Ayuno intermitente   | Intervenciones conductuales intensivas con equipo multidisciplinario • Modificación del comportamiento • Nutrición • Suplementos alimenticios • Actividad física • Educación • Autocontrol/autocuidado • Medicamentos • Visitas de seguimiento frecuentes   |"
"11","Bajar solo un kilo en un mes puede ser normal y no necesariamente indica que el tratamiento no esté funcionando. Según el contexto, la reducción inicial de peso puede ser más evidente después de aproximadamente seis semanas de uso, con una pérdida de entre 2,2 y 3,4 kg en ese periodo. Esto sugiere que es posible que la pérdida de peso se vuelva más significativa con el tiempo.

Además, es importante considerar otros factores que pueden influir en la efectividad del tratamiento, como la dosificación, el cumplimiento del tratamiento y las barreras para el cambio conductual. Si después de tres meses no se observa una pérdida de peso clínicamente significativa, se recomienda evaluar otros factores o considerar cambiar la medicación, como se menciona en el contexto.

Por lo tanto, un kilo en un mes no necesariamente significa que el tratamiento esté fracasando, pero es recomendable seguir monitoreando tu progreso y discutir cualquier preocupación con tu médico o equipo de salud.","[Fuente: 04_Prevencion-y-reduccion-de-danos-de-la-obesidad-en-personas-adultas.pdf]
. La reducción inicial es mayor y se hace evidente después de aproximadamente seis semanas de uso con una baja de 2,2 a 3,4 Kg. 75

---

[Fuente: 13_Farmacoterapia-en-el-tratamiento-de-la-obesidad.pdf]
Si no se consigue una pérdida de peso clínicamente significativa con  la farmacoterapia, deben  evaluarse  otros factores  que contribuyan  a  la  percepción  del  fracaso  de  la  misma,  como  la dosificación  o  el  cumplimiento  inadecuado,  las  barreras  para el  cambio  conductual  y  los  problemas  psicosociales  o  médicos. También hay que reconocer que existe una considerable heterogeneidad en la respuesta a la farmacoterapia con cualquier agente farmacoterapéutico. Debe considerarse la posibilidad de probar otra medicación para la obesidad si no se ha conseguido un éxito clínicamente significativo en su control después de tres meses  con  la  dosis  completa/máxima  tolerada  y  no  hay  otras etiologías  evidentes  de  su  causa.  En  la  actualidad,  no  tenemos capacidad  para  predecir  qué  medicación  beneficiará  más  a  un paciente

---

[Fuente: 16_Cirugia-bariatrica-Tratamiento-postoperatorio.pdf]
4. Recuerde que su peso más bajo después de la cirugía se producirá entre los 12 y los 18 meses. Después de esto, se produce un aumento natural de peso. Si está subiendo una cantidad excesiva de peso, coméntelo con su equipo bariátrico o con su médico de atención primaria.

## RECOMENDACIONES ADOPTADAS

<!-- image -->

---

[Fuente: 11_La-atencion-y-asistencia-primaria-en-el-manejo-de-la-obesidad.pdf]
Los participantes de las tres ramas del ensayo perdieron un peso significativo  a  los  12  meses  (p  &lt;0,01).  Los  del  grupo  ASPIRE perdieron  significativamente  más  peso  a  los  12  meses  que  los de los otros dos grupos de tratamiento. (Grupo ASPIRE -2,8 kg, IC  95%  -3,8  a  -1,9;  ASPIRE-Teléfono  -1,4  kg,  IC  95%  -2,4  a -0,5;  MOVE!  -1,4  kg,  IC  95%  -2,3  a  -0,4).  Los  porcentajes  de personas que perdieron al menos 5% de su peso corporal basal a los 12 meses fueron del 23,8% en el grupo ASPIRE, del 21,7% en el grupo por teléfono ASPIRE y del 20,2% en el grupo MOVE! (p  =  0,79)

---

[Fuente: 11_La-atencion-y-asistencia-primaria-en-el-manejo-de-la-obesidad.pdf]
Más recientemente, un ensayo clínico realizado por Hageman et al. comparó la eficacia de una intervención basada únicamente en la web, con intervenciones basadas en la web complementadas con  un  grupo  de  apoyo  de  discusión  dirigido  por  pares  o  con asesoramiento profesional por correo electrónico para lograr un cambio en el peso corporal. Este ensayo descubrió que un 42% de los  participantes  que  solo  utilizaron  la  web,  un  38%  de  los que utilizaron la web más el grupo de discusión y un 51% de los que utilizaron la web más el correo electrónico fueron capaces de conseguir una pérdida de peso clínicamente relevante de &gt; 5% a los seis meses. 54  La mitad de los participantes recuperaron el peso a los 30 meses. Esto podría deberse a que la intervención dietética era más indicativa y no individualizada; y, por lo tanto, insostenible

---

[Fuente: 13_Farmacoterapia-en-el-tratamiento-de-la-obesidad.pdf]
| Efecto sobre el %de pérdida de peso a 1 año, restando el efecto placebo         | -3,0 a 8,0%                                                                                                                                                                                                                                                | -2,9% 6                                                                               | -5,4% 3                                                                                                                                                                                                             | -4,8% 5                                                                                                                                                                                                                                                                  |

---

[Fuente: 11_La-atencion-y-asistencia-primaria-en-el-manejo-de-la-obesidad.pdf]
Los  únicos  estudios  que  incluyeron  seguimientos  fueron  los  de la  terapia  de  aceptación  y  compromiso. Se comprobó que, tras la  intervención,  la  mayoría  de  los  participantes  mantuvieron  su pérdida de peso durante cuatro y seis meses. Entre estos hallazgos se encuentra un estudio de Forman et al., que descubrió que el 64% de los participantes era capaz de mantener una reducción del  10%  del  peso  seis  meses  después  del  tratamiento. 41 Estos resultados se compararon con un tratamiento conductual estándar basado en el Programa de Prevención de la Diabetes (DPP por sus siglas en inglés), en el que solamente el 46% de los participantes era capaz de mantener una reducción del 10% del peso. Al éxito de este programa puede deberse a su diseño intensivo en el que se impartieron 30 sesiones de grupo de 75 minutos

---

[Fuente: 11_La-atencion-y-asistencia-primaria-en-el-manejo-de-la-obesidad.pdf]
Los objetivos individualizados y alcanzables para la salud, la  nutrición  y  la  reducción  de  la  ingesta  calórica  efectiva  se personalizaron  según  el  historial  y  las  rutinas  dietéticas,  con  la fijación de objetivos y seguimiento. Para la intervención de ejercicio, se evaluó el estado inicial y se elaboraron objetivos alcanzables individualizados en conjunto con los participantes. La adherencia fue muy buena durante el periodo intensivo de seis meses, con un 82% de deserción debido a razones médicas, problemas logísticos, razones personales y necesidades no satisfechas en las sesiones de asesoramiento. Tanto el grupo nutricional como el nutricional más ejercicio perdieron más peso que el control a los seis meses: -2,7 (-4,2 a -1,1) kg y -3,5 (-5,1 a -1,8) kg, respectivamente. A los 12 meses, el grupo de asesoramiento nutricional había conseguido -1,3 (-4,0 a -1,4) kg y el grupo de nutrición más ejercicio había conseguido -2,4 (-5,2 a 0,5) kg. 51

---

[Fuente: 11_La-atencion-y-asistencia-primaria-en-el-manejo-de-la-obesidad.pdf]
A  los  12  meses,  el  grupo  de  control  (POWeR)  mantuvo  una pérdida de peso de 2,7 kg, el grupo POWeR + F logró una pérdida de peso adicional de 1,5 kg (IC del 95%: 0,6 a 2,4; p = 0,001), y POWeR + R logró una reducción de peso adicional de 1,3 kg (IC del 95%: 0,34 a 2,2; p = 0,007). La pérdida de peso no fue estadísticamente relevante entre los tres grupos; sin embargo, se logró una pérdida de peso clínicamente significativa de al menos el 5% del peso basal en el 20% del grupo POWeR, el 29,2% del grupo POWeR + F (IC del 95%: 0,96 a 2,51) y el 32,4% del grupo POWeR + R (IC del 95%: 1,31 a 2,74). Los autores concluyeron que este programa conductual basado en la web se traduce en una pérdida de peso clínicamente significativa en el 20% de las personas, con un 10% adicional de participantes que mantienen una pérdida de peso valiosa cuando se combina con un intervalo breve  de  apoyo. 19 El  mantenimiento  más  allá  de  un  año  aún no  está  claro

---

[Fuente: 11_La-atencion-y-asistencia-primaria-en-el-manejo-de-la-obesidad.pdf]
La pérdida de peso se produjo en ambos grupos; sin embargo, casi la mitad del grupo de intervención reforzada logró una pérdida de  peso  clínicamente  significativa  de  al  menos  el  5%  del  peso corporal basal a los 12 meses (47,8% frente al 11,6%; p &lt;0,001). A los 24 meses, el 33,3% de la intervención reforzada y el 24,6% de la intervención estándar tenían &gt;5% de pérdida de peso, y las diferencias  entre  los  grupos  ya  no  eran  significativas.  Hubo  un aumento en la actividad física autoreportada, ya que el grupo de intervención mejorada afirmó realizar 126,1 minutos de ejercicio de moderado a intensidad alta por semana, en comparación con 73,7 minutos en el grupo estándar (p = 0,04). Si bien hubo una reducción  a  101,3  minutos  en  el  grupo  mejorado  en  la  marca de 24 meses, seguía siendo superior a la rama de control en 75 minutos (p = 0,04). 8"
"12","Comer en un cumpleaños y disfrutar de diferentes alimentos no necesariamente significa que hayas echado a perder todo tu tratamiento. Es importante recordar que las intervenciones para el tratamiento de la obesidad deben enfocarse en hábitos alimentarios sostenibles y en una relación saludable con la comida (como se menciona en el contexto). 

La restricción calórica puede ser efectiva a corto plazo, pero no ha demostrado ser sostenible a largo plazo, lo que sugiere que un enfoque más equilibrado y consciente es fundamental (como se indica en el contexto). Además, la alimentación basada en la atención plena puede ayudarte a reconectar con tus sensaciones de hambre y saciedad, lo que puede ser beneficioso después de un evento social donde comiste más de lo habitual.

Si sientes que esto ha afectado tu progreso, lo mejor es reevaluar tu plan y considerar hablar con un nutricionista para ajustar tu enfoque y asegurarte de que sigues en el camino hacia tus objetivos de salud. Recuerda que un desliz ocasional no significa que todo esté perdido; lo importante es cómo continúas después de esa experiencia.","[Fuente: 15_Cirugia-bariatrica-Opciones-quirurgicas-y-resultados.pdf]
Para la mayoría de las personas que viven con obesidad severa, las intervenciones destinadas a establecer hábitos saludables pueden inducir pérdidas de peso de baja magnitud y de corta duración, siendo la recuperación del peso perdido un fenómeno frecuente una  vez  terminado  el  tratamiento.  Adicionalmente,  el  impacto de estas intervenciones en  conseguir  un  adecuado  control de  las  enfermedades  o  trastornos  metabólicos  asociados  es limitado. Por ejemplo, la gran mayoría (74%) de las personas con obesidad severa y diabetes que se sometieron a una intervención conductual  intensiva  en  el  estudio  Look  AHEAD  (Action  for Health in Diabetes) no mantuvieron una pérdida de peso mayor o igual al 10% del peso corporal inicial luego de cuatro años

---

[Fuente: 08_Terapia-de-nutricion-medica-de-la-obesidad.pdf]
Las  DMBC  que  utilizan  sustitutivos  de  las  comidas  incluyen supervisión médica y un amplio apoyo (asesoramiento nutricional, psicológico  y  de  ejercicio)  como  parte  de  la  intervención.  Los estudios a largo plazo que utilizaron intervenciones de DMBC con sustituciones  parciales  de  comidas  informaron  de  resultados  de peso de -6,2% al primer año y de -2,3% a los tres años en aquellos que asistieron durante más de tres años y que no tenían tratamiento farmacológico  añadido. 135   Como  se  informó  anteriormente,  la pérdida de peso o los ciclos de peso pueden dar lugar a mecanismos compensatorios biológicos que pueden promover el aumento de peso a largo plazo en algunas personas. 64-66 A pesar de la falta de mantenimiento del peso a largo plazo, sin tratamiento, podrían esperarse trayectorias de peso más elevadas

---

[Fuente: 08_Terapia-de-nutricion-medica-de-la-obesidad.pdf]
-  Las intervenciones nutricionales para el tratamiento de  la  obesidad  deben  hacer  hincapié  en  las  prácticas alimentarias individuales, la calidad de los alimentos y en una relación saludable con la comida. También se puede incluir  la  alimentación  basada  en  la  atención  plena,  lo que  puede  ayudar  a  reducir  la  ansiedad  por  la  comida, disminuir la alimentación basada en la recompensa, mejorar la satisfacción corporal y aumentar la conciencia de la sensación de hambre y saciedad.
-  La restricción calórica permite bajar de peso a corto plazo (&lt;12 meses) pero no ha demostrado ser sostenible a largo plazo (&gt;12 meses). La restricción calórica puede afectar a las vías neurobiológicas que controlan el apetito, el hambre, los antojos y la regulación del peso corporal, lo cual puede provocar  un  aumento  de  la  ingesta  de  alimentos  y  un aumento de peso.

---

[Fuente: 08_Terapia-de-nutricion-medica-de-la-obesidad.pdf]
Una revisión sistemática 180  descubrió que las dietas muy bajas en calorías pueden utilizarse sin exacerbar los trastornos alimentarios existentes  o  los  episodios  de  atracones  en  programas  con  supervisión médica. Da Luz et al. 180   encontraron que los atracones disminuyeron en las intervenciones de DMBC. Un ensayo prospectivo de control aleatorio  no  encontró  conductas  alimentarias  trastornadas,  ni trastornos por atracones y disminuyó los síntomas de depresión en los grupos con restricción calórica (1200 kcal-1500 kcal/día con alimentos  convencionales,  o  1000  kcal/día  con  sustituciones  de comidas completas) en comparación con un enfoque sin restricción calórica. 181 Los  síntomas  de  baja  autoestima  y  los  pensamientos negativos sobre la imagen corporal disminuyeron en los tres grupos a  lo  largo  del  tiempo

---

[Fuente: 04_Prevencion-y-reduccion-de-danos-de-la-obesidad-en-personas-adultas.pdf]
## TRATAMIENTO DEL CÁNCER

Si bien las personas en tratamiento por cáncer pueden presentar más frecuentemente baja de peso, algunos pacientes aumentan de  peso,  especialmente  en  pacientes  tratados  por  cáncer  de mama, colorrectal,  próstata  y  ovario. 31,56,57 El  aumento  de  peso puede  estar  relacionado  al  uso  de  ciertos  medicamentos,  la quimioterapia  y/o  cambios  hormonales. 58   La  gran  mayoría  de la  literatura  se  ha  centrado  en  la  eficacia  de  las  intervenciones de estilo de vida para la prevención del aumento de peso de las pacientes con cáncer de mama, ya que la mayoría experimenta un aumento de peso durante el tratamiento. 59  De hecho, menos del 10% de las mujeres que aumentan de peso después de recibir un diagnóstico de cáncer de mama vuelven a su peso anterior al diagnóstico, incluso después de seis años. 32

---

[Fuente: 07_El-rol-de-la-salud-mental-en-el-tratamiento-de-la-obesidad.pdf]
. En relación con la reducción de la severidad de los  atracones  en  pacientes  con  obesidad,  la  dosis  de  la  terapia conductual  también  puede  influir  sobre  la  efectividad  de  la intervención,  con  la  evidencia  actual  apuntando  a  que  serían necesarias  dosis  moderadas-altas  para  abordar  adecuadamente los atracones, consistiendo en 16 a 24 sesiones. 80

---

[Fuente: 08_Terapia-de-nutricion-medica-de-la-obesidad.pdf]
su  nutricionista  para  discutir  las  ventajas  y  desventajas  de los diferentes patrones de alimentación en cuanto le ayuden a  lograr  sus  objetivos  de  salud.  La  forma  de  comer  es  tan importante como cuánto y qué se come. Intente comer de manera consciente y tener una relación sana con la comida.

Hacer 'dieta' o restringir drásticamente la ingesta de alimentos puede provocar cambios en su cuerpo que, con el tiempo, podrían hacerle recuperar el peso.

Acuda a un nutricionista certificado que le ofrezca un plan personalizado  y  le  brinde  asesoramiento  continuo  sobre  su estado de salud y sus requerimientos nutricionales.

---

[Fuente: 13_Farmacoterapia-en-el-tratamiento-de-la-obesidad.pdf]
El  tratamiento con orlistat se asocia a efectos gastrointestinales adversos  significativos,  entre  los  que  se  incluyen  el  manchado aceitoso y las heces, flatos con secreción, la urgencia fecal y el aumento de la defecación. 6  Estos efectos adversos pueden hacer que  los  pacientes  que  no  reduzcan  la  ingesta  de  grasas  en  la dieta interrumpan el tratamiento. Un análisis a largo plazo de los medicamentos  para  la  obesidad  en  Canadá  demostró  tasas  de persistencia a los seis meses, al año y a los dos años del 18%, 6% y 2% con orlistat, respectivamente. 18

---

[Fuente: 08_Terapia-de-nutricion-medica-de-la-obesidad.pdf]
. 132 Estos resultados son coherentes con un metaanálisis anterior. 133 Al año, las tasas de abandono fueron altas, pero mejores para el grupo de sustituciones parciales de comidas en comparación con el de restricción calórica.

---

[Fuente: 08_Terapia-de-nutricion-medica-de-la-obesidad.pdf]
## Supervisar y evaluar los resultados relacionados con la salud,* incluyendo:

Conductas de salud, estado nutricional, calidad de vida, salud mental, cardiovascular, metabólica, estado funcional, estado físico

<!-- image -->

Reevaluar la intervención, el plan, la preparación, los obstáculos y los apoyos

## Intente comer de manera consciente y tener una relación sana con la comida

- Aparte tiempo para comer
- Note cuándo tiene hambre y cuándo está satisfecho
- Planifique lo que va a comer
- Haga que otros participen en la planificación y preparación de las comidas
- Recuerde que la cultura y las tradiciones culinarias pueden ser parte de una alimentación sana
- Reconecte con la experiencia de comer creando conciencia de sus pensamientos emociones, sensaciones y comportamientos

NO

Supervisar y evaluar la preparación en visitas de seguimiento.

NO"
"13","Retomar la dieta y el ejercicio definitivamente vale la pena, incluso después de dos semanas de inactividad. Aunque es común experimentar una meseta o una recuperación de peso tras un periodo de inactividad, los cambios de comportamiento son fundamentales para mantener un estilo de vida saludable a largo plazo. 

El contexto indica que los cambios de comportamiento, como el autocontrol y el apoyo social, son cruciales para integrar patrones de alimentación y actividad física que sean sostenibles. Además, aunque la pérdida de peso puede ser difícil de mantener, retomar hábitos saludables puede ayudar a evitar la recuperación del peso perdido. 

Se puede inferir que, aunque hayas dejado de seguir la dieta y el ejercicio temporalmente, volver a estos hábitos puede contribuir a mantener o incluso mejorar tu salud y bienestar general. La actividad física regular y una alimentación adecuada son esenciales para el gasto energético y la salud cardiovascular, lo que sugiere que retomar estos hábitos puede ser beneficioso a largo plazo.","[Fuente: 03_La-ciencia-de-la-obesidad.pdf]
La actividad física regular aumenta el gasto energético y mejora la salud cardiovascular. Los cambios de comportamiento son, con mucho, el  componente  más  importante  para  integrar  patrones de alimentación y actividad que sean satisfactorios a largo plazo. Pueden incluir el autocontrol o el registro de un diario de alimentos y ejercicios, el apoyo de familiares o amistades o el asesoramiento individual o en grupo. Los cambios de comportamiento a corto plazo conducen a una pérdida de peso discreta del 3-5%, pero suele ser difícil de mantener. Las tasas de reincidencia en la pérdida de  peso  son  altas  porque  nuestro  cuerpo  está  diseñado  para resistirse a la pérdida de peso. La reducción del gasto energético y las respuestas hormonales adaptativas tras la pérdida de peso pueden favorecer la recuperación de peso.

Una revisión sistemática descubrió que la tasa promedio de gasto energético  en  reposo  disminuía  en  aproximadamente  15  kcal/kg

---

[Fuente: 11_La-atencion-y-asistencia-primaria-en-el-manejo-de-la-obesidad.pdf]
Los objetivos individualizados y alcanzables para la salud, la  nutrición  y  la  reducción  de  la  ingesta  calórica  efectiva  se personalizaron  según  el  historial  y  las  rutinas  dietéticas,  con  la fijación de objetivos y seguimiento. Para la intervención de ejercicio, se evaluó el estado inicial y se elaboraron objetivos alcanzables individualizados en conjunto con los participantes. La adherencia fue muy buena durante el periodo intensivo de seis meses, con un 82% de deserción debido a razones médicas, problemas logísticos, razones personales y necesidades no satisfechas en las sesiones de asesoramiento. Tanto el grupo nutricional como el nutricional más ejercicio perdieron más peso que el control a los seis meses: -2,7 (-4,2 a -1,1) kg y -3,5 (-5,1 a -1,8) kg, respectivamente. A los 12 meses, el grupo de asesoramiento nutricional había conseguido -1,3 (-4,0 a -1,4) kg y el grupo de nutrición más ejercicio había conseguido -2,4 (-5,2 a 0,5) kg. 51

---

[Fuente: 11_La-atencion-y-asistencia-primaria-en-el-manejo-de-la-obesidad.pdf]
La pérdida de peso se produjo en ambos grupos; sin embargo, casi la mitad del grupo de intervención reforzada logró una pérdida de  peso  clínicamente  significativa  de  al  menos  el  5%  del  peso corporal basal a los 12 meses (47,8% frente al 11,6%; p &lt;0,001). A los 24 meses, el 33,3% de la intervención reforzada y el 24,6% de la intervención estándar tenían &gt;5% de pérdida de peso, y las diferencias  entre  los  grupos  ya  no  eran  significativas.  Hubo  un aumento en la actividad física autoreportada, ya que el grupo de intervención mejorada afirmó realizar 126,1 minutos de ejercicio de moderado a intensidad alta por semana, en comparación con 73,7 minutos en el grupo estándar (p = 0,04). Si bien hubo una reducción  a  101,3  minutos  en  el  grupo  mejorado  en  la  marca de 24 meses, seguía siendo superior a la rama de control en 75 minutos (p = 0,04). 8

---

[Fuente: 11_La-atencion-y-asistencia-primaria-en-el-manejo-de-la-obesidad.pdf]
. Esto podría deberse a que la intervención dietética era más indicativa y no individualizada; y, por lo tanto, insostenible. El uso de intervenciones basadas en la web puede seguir siendo una opción rentable en la comunidad para lograr una pérdida de peso  relevante,  especialmente  en  aquellas  comunidades  donde los recursos son escasos. Para mitigar la recuperación de peso, lo ideal es que el asesoramiento sobre la dieta y la actividad física se adapte a cada persona.

---

[Fuente: 10_Intervenciones-psicologicas-y-conductuales-eficaces-en-el-tratamiento-de-la-obesidad.pdf]
Consideremos,  por  ejemplo,  la  experiencia  de  la  meseta  en  el peso. Cuando una persona se esfuerza mucho por perder peso y luego alcanza una meseta, ¿continuará con los comportamientos asociados a los resultados positivos o dejará de hacerlo? Si perciben la  meseta  como  un  fracaso,  es  probable  que  dejen  de  hacerlo (porque el refuerzo cesó, es decir, un castigo). Si comprendieran el  concepto  de  'mejor  peso'  y  vieran  la  meseta  como  un éxito  (refuerzo),  probablemente  continuarían.  Muchas  de  las intervenciones cognitivas en el tratamiento de la obesidad están diseñadas  para  ayudar  al  paciente  a  replantear  las  experiencias desde  un  contexto  interpretativo  negativo  (castigo)  a  uno  más positivo (refuerzo). Aquí se puede ver que el comportamiento y la psicología están fuertemente entrelazados.

---

[Fuente: 09_La-actividad-fisica-en-el-tratamiento-de-la-obesidad.pdf]
## COMPOSICIÓN CORPORAL

Se puede esperar una pérdida de peso significativa pero discreta a  largo  plazo  (unos  2  kg)  tan  solo  con  ejercicio  (por  ejemplo, aeróbico y de resistencia) en personas adultas con sobrepeso u obesidad. 19,27 En  general,  las  intervenciones  de  dietas  producen una mayor pérdida de peso (alrededor de 4 kg) en comparación con el ejercicio solo, y cuando el ejercicio se combina con la dieta, hay  un  aumento  adicional  en  la  cantidad  de  pérdida  de  peso (alrededor de 6 kg). 5,6,28,29  Las intervenciones para el manejo de la obesidad que incorporan el ejercicio, generalmente informan del mantenimiento o el aumento de la masa libre de grasa. 1,6,19

---

[Fuente: 18_Tecnologias-emergentes-y-medicina-virtual-para-el-tratamiento-de-la-obesidad.pdf]
. 9  Además, puede suponer una oportunidad para solucionar los problemas relacionados con el mantenimiento de la pérdida de peso a mediano y largo plazo ya que varios estudios han señalado que muchos pacientes recuperan peso después de haberlo perdido con éxito en el corto plazo. 10-12

---

[Fuente: 09_La-actividad-fisica-en-el-tratamiento-de-la-obesidad.pdf]
Respecto de la mantención del peso a largo plazo, existen aún pocos  estudios  que  han  abordado  esta  variable,  sin  embargo, pareciera que el ejercicio  favorece  la  mantención  del  peso  perdido. 19 En esta misma línea, otro estudio (que incluyó 872 participantes con un seguimiento de 39 meses postcirugía bariátrica) 112  mostró que realizar más de 200 minutos por semana de actividad física se relaciona con una mayor pérdida de peso a mediano plazo. No obstante, una importante limitación de este estudio fue que los valores de actividad física fueron obtenidos por autorreporte.

Por  lo  tanto,  el  ejercicio  en  pacientes  post  operados  de  cirugía bariátrica ha mostrado incrementar la capacidad cardiorrespiratoria y la fuerza muscular, además de incrementar levemente la pérdida de  peso  y  grasa  corporal.  Estudios  analizando  los  efectos  del ejercicio  físico  pre-quirúrgicos  aún  necesitan  ser  realizados  para obtener conclusiones más concretas. 19

---

[Fuente: 09_La-actividad-fisica-en-el-tratamiento-de-la-obesidad.pdf]
. 56 Después  de  la  intervención,  la  actividad  física disminuyó y las diferencias en la pérdida de peso entre los grupos ya no estaban presentes; pero una vez más, se observó que los que mantuvieron mayores niveles de actividad física mantuvieron una mayor pérdida de peso. 57

---

[Fuente: 15_Cirugia-bariatrica-Opciones-quirurgicas-y-resultados.pdf]
Para la mayoría de las personas que viven con obesidad severa, las intervenciones destinadas a establecer hábitos saludables pueden inducir pérdidas de peso de baja magnitud y de corta duración, siendo la recuperación del peso perdido un fenómeno frecuente una  vez  terminado  el  tratamiento.  Adicionalmente,  el  impacto de estas intervenciones en  conseguir  un  adecuado  control de  las  enfermedades  o  trastornos  metabólicos  asociados  es limitado. Por ejemplo, la gran mayoría (74%) de las personas con obesidad severa y diabetes que se sometieron a una intervención conductual  intensiva  en  el  estudio  Look  AHEAD  (Action  for Health in Diabetes) no mantuvieron una pérdida de peso mayor o igual al 10% del peso corporal inicial luego de cuatro años"
"14","Si trabajas todo el día sentado y tienes poco tiempo para hacer ejercicio, hay varios pequeños cambios que podrías implementar para mejorar tu salud y reducir el tiempo sedentario. Aquí hay algunas sugerencias basadas en el contexto proporcionado:

1. **Interrumpir el tiempo sedentario**: Se ha demostrado que interrumpir períodos prolongados de estar sentado con breves episodios de actividad ligera a moderada (como levantarte y caminar durante 2 a 5 minutos cada 30 minutos) puede tener beneficios para la salud, como mejorar los factores de riesgo cardiometabólico. Esto sugiere que hacer pausas cortas y frecuentes puede ser efectivo.

2. **Incrementar la actividad física diaria**: Aunque no puedas dedicar tiempo específico para hacer ejercicio, puedes aumentar tu actividad física diaria. Por ejemplo, optar por las escaleras en lugar del ascensor, caminar durante las llamadas telefónicas o realizar estiramientos en tu lugar de trabajo.

3. **Establecer pequeños objetivos**: Siguiendo el enfoque de ""Pequeños Cambios"", puedes fijarte metas alcanzables relacionadas con tu actividad física. Por ejemplo, proponerte caminar un número específico de pasos al día o realizar una serie de ejercicios de fuerza con tu propio peso corporal (como sentadillas o flexiones) durante breves momentos a lo largo del día.

4. **Reducir el tiempo sedentario**: Además de las pausas activas, intenta ser consciente del tiempo que pasas sentado y busca oportunidades para moverte más, como levantarte para hablar con un compañero en lugar de enviar un correo electrónico.

Implementar estos pequeños cambios puede ayudarte a aumentar tu nivel de actividad física y mejorar tu salud general, incluso con un horario apretado.","[Fuente: 09_La-actividad-fisica-en-el-tratamiento-de-la-obesidad.pdf]
Los beneficios para la salud relacionados con la actividad física se asocian en parte con la dosis de actividad física (es decir tipo, duración, intensidad y frecuencia). 23  Sin embargo, la reducción de la actividad sedentaria durante el día también puede producir beneficios para la salud, independientemente de los niveles de actividad  física  regular. 24 Para  mejorar  la  salud,  se  recomienda que las personas realicen un mínimo de 30 minutos de actividad física aeróbica de intensidad moderada a intensa la mayor parte de los días de la semana, (sumando al menos 150 minutos por semana), realicen actividades de fuerza (resistencia) al menos dos días por semana 25  y reduzcan la cantidad de tiempo sedentario diario. 26

---

[Fuente: 11_La-atencion-y-asistencia-primaria-en-el-manejo-de-la-obesidad.pdf]
Una estrategia constructiva en el ámbito de la atención primaria que puede utilizarse para promover la capacidad de las personas de participar activamente en su atención es darse cuenta del valor de trabajar con las personas para realizar pequeños cambios en los comportamientos de salud a lo largo del tiempo. El enfoque de  Pequeños  Cambios  para  el  control  de  la  obesidad  es  una intervención  individualizada  que  anima  a  los  participantes  a marcarse  pequeños  objetivos  que  ellos  mismos  seleccionan  en base  a  sus  actuales  patrones  de  comportamiento  en  materia de  salud. 11 Pequeños  Cambios  plantea  la  hipótesis  de  que  un déficit  energético  de  200-300  kcal  al  día  puede  ser  suficiente para producir reducción de peso y mantenimiento de la pérdida de peso a largo plazo

---

[Fuente: 09_La-actividad-fisica-en-el-tratamiento-de-la-obesidad.pdf]
Como este es el único estudio identificado por nuestra búsqueda, estos  resultados  deben  confirmarse  antes  de  recomendar  una frecuencia  reducida  de  sesiones  de  ejercicio.  También  hay  que tener  en  cuenta  que,  en  los  últimos  años,  un  gran  número  de publicaciones informan de mejoras a corto plazo en los factores de riesgo cardiometabólico (p. ej., glucosa y triglicéridos)  al  interrumpir el tiempo sedentario con múltiples episodios frecuentes en que se ponen de pie o caminan con intensidad ligera a moderada (p. ej., de dos a cinco minutos cada 30 minutos). 70,71  Todavía se necesitan estudios adicionales a largo plazo sobre los efectos de interrumpir el tiempo sedentario con sesiones cortas y frecuentes de actividad.

## FACTORES DE RIESGO CARDIOMETABÓLICO Y ENFERMEDADES CRÓNICAS

---

[Fuente: 09_La-actividad-fisica-en-el-tratamiento-de-la-obesidad.pdf]
## CONCLUSIÓN

Las personas adultas con sobrepeso u obesidad deben considerar el aumento de la actividad física como un componente integral de todas las estrategias de tratamiento de la obesidad. La actividad física  ofrece  una  amplia  gama  de  beneficios  para  la  salud  que son en parte independientes de la pérdida de peso. Las personas sedentarias  deben  progresar  hacia  30-60  minutos  o  más  de actividad  física  aeróbica  de  intensidad  moderada  a  alta  (por ejemplo, caminar, montar en bicicleta) la mayoría de los días de la semana (es decir, tratar de acumular 150 minutos o más por semana), realizar actividades de fuerza (resistencia) al menos dos días por semana y reducir la cantidad de tiempo sedentario diario para controlar el peso corporal y obtener beneficios para la salud.

---

[Fuente: 09_La-actividad-fisica-en-el-tratamiento-de-la-obesidad.pdf]
68.   Roy M, Williams SM, Brown RC, et al. High-Intensity Interval Training in the Real World: Outcomes from a 12-Month Intervention in Overweight Adults. Med Sci Sports Exerc. 2018;50(9). doi:10.1249/MSS.0000000000001642
69.   Madjd A, Taylor MA, Neek LS, et al. Effect of weekly physical activity frequency on weight loss in healthy overweight and obese women attending a weight loss  program:  A  randomized  controlled  trial.  Am  J  Clin  Nutr.  2016;104(5). doi:10.3945/ajcn.116.136408
70.   Henson  J,  Davies  MJ,  Bodicoat  DH,  et  al.  Breaking  Up  Prolonged  Sitting with  Standing  or  Walking  Attenuates  the  Postprandial  Metabolic  Response in  Postmenopausal  Women:  A  Randomized  Acute  Study.  Diabetes  Care. 2016;39(1). doi:10.2337/dc15-1240
71.   Dunstan  DW,  Kingwell  BA,  Larsen  R,  et  al.  Breaking  up  prolonged  sitting reduces postprandial glucose and insulin responses. Diabetes Care. 2012;35(5). doi:10.2337/dc11-1931

---

[Fuente: 03_La-ciencia-de-la-obesidad.pdf]
La actividad física regular aumenta el gasto energético y mejora la salud cardiovascular. Los cambios de comportamiento son, con mucho, el  componente  más  importante  para  integrar  patrones de alimentación y actividad que sean satisfactorios a largo plazo. Pueden incluir el autocontrol o el registro de un diario de alimentos y ejercicios, el apoyo de familiares o amistades o el asesoramiento individual o en grupo. Los cambios de comportamiento a corto plazo conducen a una pérdida de peso discreta del 3-5%, pero suele ser difícil de mantener. Las tasas de reincidencia en la pérdida de  peso  son  altas  porque  nuestro  cuerpo  está  diseñado  para resistirse a la pérdida de peso. La reducción del gasto energético y las respuestas hormonales adaptativas tras la pérdida de peso pueden favorecer la recuperación de peso.

Una revisión sistemática descubrió que la tasa promedio de gasto energético  en  reposo  disminuía  en  aproximadamente  15  kcal/kg

---

[Fuente: 09_La-actividad-fisica-en-el-tratamiento-de-la-obesidad.pdf]
26.   Hamilton  MT,  Healy  GN,  Dunstan  DW,  Zderic  TW,  Owen  N.  Too  Little Exercise  and  Too  Much  Sitting:  Inactivity  Physiology  and  the  Need  for New  Recommendations  on  Sedentary  Behavior.  Curr  Cardiovasc  Risk  Rep. 2008;2(4):292-298. doi:10.1007/S12170-008-0054-8
27.   O'Donoghue G, Blake C, Cunningham C, Lennon O, Perrotta C. What exercise prescription  is  optimal  to  improve  body  composition  and  cardiorespiratory fitness  in  adults  living  with  obesity?  A  network  meta-analysis.  Obes  Rev. 2021;22(2). doi:10.1111/obr.13137
28.   W.C. M, D.M. K, E.J. H. A meta-analysis of the past 25 years of weight loss research  using  diet,  exercise  or  diet  plus  exercise  intervention.  Int  J  Obes. 1997;21(10).

---

[Fuente: 09_La-actividad-fisica-en-el-tratamiento-de-la-obesidad.pdf]
4. Frecuencia: Nuestra búsqueda identificó pocos estudios que compararan  directamente  diferentes frecuencias de ejercicio manteniendo  constante  el  volumen  total  de  ejercicio.  En  un estudio de Madjd et al., 69  75 mujeres con sobrepeso y obesidad fueron  asignadas  aleatoriamente  a  grupos  de  actividad  física de alta frecuencia frente a grupos de baja frecuencia. A ambos grupos se les pidió que siguieran el mismo programa dietético de pérdida de peso y que hicieran ejercicio durante 300 minutos a la semana, pero bien durante 50 minutos al día, seis días a la semana (alta frecuencia) o 100 minutos al día, tres días a la semana (baja frecuencia). En comparación con el grupo de alta frecuencia, el grupo de baja frecuencia tuvo una mayor disminución de peso (9,6 kg frente a 7,8 kg) y un mayor aumento de pasos diarios

---

[Fuente: 09_La-actividad-fisica-en-el-tratamiento-de-la-obesidad.pdf]
Otros estudios más recientes han relacionado de manera inversa el  nivel  de  actividad  física  con  la  grasa  abdominal. 58 El  estudio de  Chiang  TL  2019, 37   utilizó  una  estrategia  combinada  para aumentar  el  gasto  calórico  en  personas  adultas  con  obesidad. Un grupo debía completar 12000 pasos al día y el otro  grupo además de completar los  12000  pasos,  debía  realizar  parte  de estos pasos a una intensidad moderada. El grupo que incorporó ejercicio de intensidad moderada tuvo mejores resultados sobre los parámetros del síndrome metabólico y mejoras en la composición corporal.  Finalmente,  el  estudio  de  Creasy  2018, 59 que  incluyó a  260  mujeres  de  42  años  en  promedio,  mostró  que  caminar alrededor de 10000 pasos al día, con 3500 de estos pasos a una intensidad moderada, se asocia a una mayor baja de peso a los 18 meses luego de terminar una intervención de estilos de vida.

---

[Fuente: 09_La-actividad-fisica-en-el-tratamiento-de-la-obesidad.pdf]
. Es interesante observar que los grupos de menor volumen en estos estudios a menudo realizaban menos de 150 minutos por semana 7,13,42  y mostraban algunos  beneficios  como  la  aptitud  cardiorrespiratoria 13 ,  o  una disminución de la circunferencia de la cintura. 7"
"15","Para seguir tu tratamiento de obesidad sin tener que cocinar algo distinto para ti, puedes considerar las siguientes estrategias basadas en el contexto proporcionado:

1. **Comer de manera consciente**: Intenta practicar la alimentación basada en la atención plena. Esto implica prestar atención a tus sensaciones de hambre y saciedad, lo que puede ayudarte a disfrutar de las comidas familiares sin excederte en la ingesta calórica. Puedes planificar tus porciones y elegir opciones más saludables dentro de lo que se cocina en casa.

2. **Incorporar alimentos saludables**: Aunque en casa se consuman alimentos calóricos, puedes incluir más frutas, verduras, legumbres y cereales integrales en tu dieta. Esto sugiere que puedes complementar las comidas familiares con estos alimentos, aumentando la calidad de tu ingesta sin necesidad de preparar platos completamente diferentes.

3. **Modificación del comportamiento**: Considera hablar con un nutricionista para que te ayude a adaptar las recetas familiares a opciones más saludables. Esto puede incluir hacer pequeñas modificaciones en los platos que ya se preparan, como usar menos aceite o elegir panes integrales en lugar de blancos.

4. **Participación en la planificación**: Involucra a tu familia en la planificación de las comidas. Esto no solo puede facilitar que todos coman de manera más saludable, sino que también puede hacer que te sientas más apoyado en tu proceso.

5. **Sustitutos parciales de comidas**: Si es necesario, puedes utilizar sustitutos parciales de comidas en lugar de una o dos comidas al día, lo que ha demostrado ser efectivo en la reducción de peso y mejora del control glicémico, según el contexto.

Recuerda que la clave es encontrar un equilibrio que te permita disfrutar de las comidas familiares mientras sigues comprometido con tus objetivos de salud.","[Fuente: 08_Terapia-de-nutricion-medica-de-la-obesidad.pdf]
-  Las intervenciones nutricionales para el tratamiento de  la  obesidad  deben  hacer  hincapié  en  las  prácticas alimentarias individuales, la calidad de los alimentos y en una relación saludable con la comida. También se puede incluir  la  alimentación  basada  en  la  atención  plena,  lo que  puede  ayudar  a  reducir  la  ansiedad  por  la  comida, disminuir la alimentación basada en la recompensa, mejorar la satisfacción corporal y aumentar la conciencia de la sensación de hambre y saciedad.
-  La restricción calórica permite bajar de peso a corto plazo (&lt;12 meses) pero no ha demostrado ser sostenible a largo plazo (&gt;12 meses). La restricción calórica puede afectar a las vías neurobiológicas que controlan el apetito, el hambre, los antojos y la regulación del peso corporal, lo cual puede provocar  un  aumento  de  la  ingesta  de  alimentos  y  un aumento de peso.

---

[Fuente: 08_Terapia-de-nutricion-medica-de-la-obesidad.pdf]
su  nutricionista  para  discutir  las  ventajas  y  desventajas  de los diferentes patrones de alimentación en cuanto le ayuden a  lograr  sus  objetivos  de  salud.  La  forma  de  comer  es  tan importante como cuánto y qué se come. Intente comer de manera consciente y tener una relación sana con la comida.

Hacer 'dieta' o restringir drásticamente la ingesta de alimentos puede provocar cambios en su cuerpo que, con el tiempo, podrían hacerle recuperar el peso.

Acuda a un nutricionista certificado que le ofrezca un plan personalizado  y  le  brinde  asesoramiento  continuo  sobre  su estado de salud y sus requerimientos nutricionales.

---

[Fuente: 08_Terapia-de-nutricion-medica-de-la-obesidad.pdf]
| Enfoques alimentarios • Legumbres • Frutas y verduras • Frutos secos • Cereales integrales • Lácteos   | Patrones dietéticos • Patrones de restricción calórica con variación de macronutrientes • Mediterránea • Vegetariana • Portfolio • Bajo índice glicémico • DASH • Nórdica • Suplementos alimenticios • Ayuno intermitente   | Intervenciones conductuales intensivas con equipo multidisciplinario • Modificación del comportamiento • Nutrición • Suplementos alimenticios • Actividad física • Educación • Autocontrol/autocuidado • Medicamentos • Visitas de seguimiento frecuentes   |

---

[Fuente: 11_La-atencion-y-asistencia-primaria-en-el-manejo-de-la-obesidad.pdf]
Los pacientes recibieron un programa de intervención domiciliaria de 12 meses con una fase de mantenimiento de 12 meses. Los participantes  recibieron  un  plan  de  comidas  estructurado  por un consejero de comportamiento que incluía un déficit calórico prescrito,  así  como  un  plan  para  aumentar  la  actividad  física. Se  les  pidió  que  hicieran  un  seguimiento  de  sus  progresos  en los  formularios  de  autocontrol  proporcionados.  La  rama  de intervención estándar realizó tres reuniones presenciales, y la rama de  intervención  mejorada  también  incluyó  llamadas  telefónicas periódicas, envíos por correo y retroalimentación. 8

---

[Fuente: 08_Terapia-de-nutricion-medica-de-la-obesidad.pdf]
Los  sustitutos  parciales  de  las  comidas  se  utilizan  para  sustituir una o dos comidas al día como parte de una intervención con restricción  calórica.  Estas  intervenciones  con  restricción  calórica han demostrado reducir el peso corporal, la circunferencia de la cintura, la presión arterial y el control glicémico en comparación con las dietas convencionales de pérdida de peso con restricción calórica.  Esto  se  evidenció  en  una  revisión  sistemática  y  un metaanálisis de nueve ensayos de control aleatorio en personas con un IMC ≥ 25 kg/m 2  y diabetes tipo 2 durante una mediana de  seguimiento  de  seis  meses. 37 Otra  revisión  sistemática  y  un metaanálisis de 23 ensayos de control aleatorio informaron que los  programas  que  incluyen  sustituciones  parciales  de  comidas lograron una mayor pérdida de peso al año, en comparación con los programas de pérdida de peso sin uso de sustituciones parciales de comidas, con o sin apoyo de cambio de comportamiento

---

[Fuente: 08_Terapia-de-nutricion-medica-de-la-obesidad.pdf]
## INTERVENCIONES NUTRICIONALES

Se deben considerar intervenciones nutricionales seguras, eficaces, apropiadas desde el punto de vista nutricional, culturalmente aceptadas y adecuadas al contexto socioeconómico para la continuidad a largo plazo para las personas con obesidad. 1   Los  profesionales  de  la  salud  deben  adaptar  las intervenciones nutricionales y/o la terapia complementaria a los valores, preferencias y objetivos de cada paciente. Sin embargo, hasta ahora, no se ha demostrado que incluso con las mejores intervenciones  nutricionales  se  mantenga  la  pérdida  de  peso a  largo  plazo,  y  la  literatura  sigue  respaldando  la  importancia del  compromiso  prolongado,  independientemente  del  tipo  de intervención. 68

## RESTRICCIÓN CALÓRICA

---

[Fuente: 08_Terapia-de-nutricion-medica-de-la-obesidad.pdf]
## Supervisar y evaluar los resultados relacionados con la salud,* incluyendo:

Conductas de salud, estado nutricional, calidad de vida, salud mental, cardiovascular, metabólica, estado funcional, estado físico

<!-- image -->

Reevaluar la intervención, el plan, la preparación, los obstáculos y los apoyos

## Intente comer de manera consciente y tener una relación sana con la comida

- Aparte tiempo para comer
- Note cuándo tiene hambre y cuándo está satisfecho
- Planifique lo que va a comer
- Haga que otros participen en la planificación y preparación de las comidas
- Recuerde que la cultura y las tradiciones culinarias pueden ser parte de una alimentación sana
- Reconecte con la experiencia de comer creando conciencia de sus pensamientos emociones, sensaciones y comportamientos

NO

Supervisar y evaluar la preparación en visitas de seguimiento.

NO

---

[Fuente: 08_Terapia-de-nutricion-medica-de-la-obesidad.pdf]
Así, algunas personas pueden preferir un enfoque basado en los macronutrientes (que consiste en una ingesta mayor, moderada o  menor  de  hidratos  de  carbono,  proteínas  y/o  grasas),  o  uno restringido  en  calorías,  basado  en  alimentos  o  sin  dietas.  La nutrición y la alimentación saludable son importantes para la salud y el bienestar de todas las personas de Chile, independientemente de su peso, tamaño corporal o estado de salud. El mejor enfoque nutricional para el tratamiento de la obesidad es el que la persona puede mantener a largo plazo y así conseguir resultados de salud y peso duraderos. 7  La tabla 1 y la figura 2 ofrecen una visión general de las distintas intervenciones nutricionales utilizadas para tratar el peso, la salud y los indicadores de calidad de vida, así como las ventajas y desventajas de cada una.

## TERAPIA MÉDICA NUTRICIONAL PERSONALIZADA

---

[Fuente: 08_Terapia-de-nutricion-medica-de-la-obesidad.pdf]
Una revisión sistemática 180  descubrió que las dietas muy bajas en calorías pueden utilizarse sin exacerbar los trastornos alimentarios existentes  o  los  episodios  de  atracones  en  programas  con  supervisión médica. Da Luz et al. 180   encontraron que los atracones disminuyeron en las intervenciones de DMBC. Un ensayo prospectivo de control aleatorio  no  encontró  conductas  alimentarias  trastornadas,  ni trastornos por atracones y disminuyó los síntomas de depresión en los grupos con restricción calórica (1200 kcal-1500 kcal/día con alimentos  convencionales,  o  1000  kcal/día  con  sustituciones  de comidas completas) en comparación con un enfoque sin restricción calórica. 181 Los  síntomas  de  baja  autoestima  y  los  pensamientos negativos sobre la imagen corporal disminuyeron en los tres grupos a  lo  largo  del  tiempo

---

[Fuente: 08_Terapia-de-nutricion-medica-de-la-obesidad.pdf]
Las intervenciones nutricionales tradicionales para tratar la obesidad  se  han  concentrado  en  estrategias  que  promueven la  pérdida  de  peso  mediante  una  dieta  restrictiva.  Aunque es  necesario  un  déficit  calórico  para  empezar  a  perder  peso, mantenerlo puede ser difícil a largo plazo debido a los mecanismos de  compensación  que  estimulan  la  ingesta  de  calorías  a  través del aumento del hambre y el deseo de comer. 64-66  El personal de salud, los formuladores de políticas, los pacientes y el público en general han de saber que las intervenciones nutricionales afectan a  cada  persona  de  forma  diferente  y  que,  por  tanto,  no  existe un enfoque o una intervención nutricional único que sea el más adecuado. 67"
"16","Para disfrutar de tu asado familiar sin salir completamente de tu plan de alimentación, puedes seguir estos consejos basados en el contexto proporcionado:

1. **Comer de manera consciente**: Tómate el tiempo para disfrutar de la comida. Aprecia los sabores y texturas, lo que te ayudará a sentirte satisfecho con porciones más pequeñas. Esto sugiere que reconectar con la experiencia de comer puede mejorar tu relación con la comida.

2. **Planificación**: Antes del asado, piensa en lo que vas a comer. Puedes optar por porciones más pequeñas de los alimentos que más te gustan y complementar con opciones más saludables, como ensaladas o verduras asadas. Esto se alinea con la idea de planificar lo que vas a comer.

3. **Participación**: Si es posible, involucra a otros en la planificación y preparación de las comidas. Esto puede ayudarte a elegir opciones más saludables y hacer que la experiencia sea más divertida y menos centrada en la comida poco saludable.

4. **Variedad de alimentos**: Asegúrate de incluir una variedad de alimentos saludables en tu plato. Esto no solo es más nutritivo, sino que también puede hacer que la comida sea más satisfactoria.

5. **Limitar alimentos poco saludables**: Si hay opciones con alto contenido de sodio, azúcares o grasas saturadas, trata de limitarlas. Esto se relaciona con la recomendación de ser consciente de los hábitos alimentarios y de la calidad de los alimentos que consumes.

6. **Escuchar a tu cuerpo**: Presta atención a tus señales de hambre y saciedad. Esto puede ayudarte a evitar comer en exceso y a disfrutar de la comida sin sentirte culpable.

Recuerda que disfrutar de la comida en un contexto social es importante, y tener una relación sana con la comida implica también permitirte disfrutar de momentos especiales sin sentir que estás rompiendo tu plan de alimentación.","[Fuente: 08_Terapia-de-nutricion-medica-de-la-obesidad.pdf]
## Supervisar y evaluar los resultados relacionados con la salud,* incluyendo:

Conductas de salud, estado nutricional, calidad de vida, salud mental, cardiovascular, metabólica, estado funcional, estado físico

<!-- image -->

Reevaluar la intervención, el plan, la preparación, los obstáculos y los apoyos

## Intente comer de manera consciente y tener una relación sana con la comida

- Aparte tiempo para comer
- Note cuándo tiene hambre y cuándo está satisfecho
- Planifique lo que va a comer
- Haga que otros participen en la planificación y preparación de las comidas
- Recuerde que la cultura y las tradiciones culinarias pueden ser parte de una alimentación sana
- Reconecte con la experiencia de comer creando conciencia de sus pensamientos emociones, sensaciones y comportamientos

NO

Supervisar y evaluar la preparación en visitas de seguimiento.

NO

---

[Fuente: 08_Terapia-de-nutricion-medica-de-la-obesidad.pdf]
su  nutricionista  para  discutir  las  ventajas  y  desventajas  de los diferentes patrones de alimentación en cuanto le ayuden a  lograr  sus  objetivos  de  salud.  La  forma  de  comer  es  tan importante como cuánto y qué se come. Intente comer de manera consciente y tener una relación sana con la comida.

Hacer 'dieta' o restringir drásticamente la ingesta de alimentos puede provocar cambios en su cuerpo que, con el tiempo, podrían hacerle recuperar el peso.

Acuda a un nutricionista certificado que le ofrezca un plan personalizado  y  le  brinde  asesoramiento  continuo  sobre  su estado de salud y sus requerimientos nutricionales.

---

[Fuente: 08_Terapia-de-nutricion-medica-de-la-obesidad.pdf]
## ENFOQUES NO DIETÉTICOS

Los  enfoques  no  dietéticos  incluyen  un  paraguas  de  conceptos descritos  en  la  literatura  que  ofrecen  al  personal  de  salud alternativas a las intervenciones centradas en la pérdida de peso. 151 Estos enfoques suelen rechazar las prácticas de pérdida de peso o de dieta y suelen utilizar conceptos de atención plena en respuesta al hambre, la saciedad, los antojos y el apetito internos en lugar de la restricción calórica o la restricción cognitiva. Los componentes de un enfoque no dietético pueden  incluir los siguientes conceptos: peso neutro, peso inclusivo, alimentación consciente, intervenciones  basadas  en  la  atención  plena,  aceptación  del tamaño o del cuerpo y/o Health at Every Size ®  (HAES ® ).

---

[Fuente: 11_La-atencion-y-asistencia-primaria-en-el-manejo-de-la-obesidad.pdf]
Los objetivos individualizados y alcanzables para la salud, la  nutrición  y  la  reducción  de  la  ingesta  calórica  efectiva  se personalizaron  según  el  historial  y  las  rutinas  dietéticas,  con  la fijación de objetivos y seguimiento. Para la intervención de ejercicio, se evaluó el estado inicial y se elaboraron objetivos alcanzables individualizados en conjunto con los participantes. La adherencia fue muy buena durante el periodo intensivo de seis meses, con un 82% de deserción debido a razones médicas, problemas logísticos, razones personales y necesidades no satisfechas en las sesiones de asesoramiento. Tanto el grupo nutricional como el nutricional más ejercicio perdieron más peso que el control a los seis meses: -2,7 (-4,2 a -1,1) kg y -3,5 (-5,1 a -1,8) kg, respectivamente. A los 12 meses, el grupo de asesoramiento nutricional había conseguido -1,3 (-4,0 a -1,4) kg y el grupo de nutrición más ejercicio había conseguido -2,4 (-5,2 a 0,5) kg. 51

---

[Fuente: 08_Terapia-de-nutricion-medica-de-la-obesidad.pdf]
- i.  La  restricción  intermitente o continua de calorías logró una reducción similar del peso a corto plazo (Nivel 2a, Grado B). 38
- j.  Legumbres  (porotos,  garbanzos,  lentejas,  arvejas  secas) para  mejorar  el  peso  (Nivel  2,  Grado  B), 39 mejorar  el control glicémico (Nivel 2, Grado B), 40 cumplir los objetivos

---

[Fuente: 08_Terapia-de-nutricion-medica-de-la-obesidad.pdf]
-  Las intervenciones nutricionales para el tratamiento de  la  obesidad  deben  hacer  hincapié  en  las  prácticas alimentarias individuales, la calidad de los alimentos y en una relación saludable con la comida. También se puede incluir  la  alimentación  basada  en  la  atención  plena,  lo que  puede  ayudar  a  reducir  la  ansiedad  por  la  comida, disminuir la alimentación basada en la recompensa, mejorar la satisfacción corporal y aumentar la conciencia de la sensación de hambre y saciedad.
-  La restricción calórica permite bajar de peso a corto plazo (&lt;12 meses) pero no ha demostrado ser sostenible a largo plazo (&gt;12 meses). La restricción calórica puede afectar a las vías neurobiológicas que controlan el apetito, el hambre, los antojos y la regulación del peso corporal, lo cual puede provocar  un  aumento  de  la  ingesta  de  alimentos  y  un aumento de peso.

---

[Fuente: 11_La-atencion-y-asistencia-primaria-en-el-manejo-de-la-obesidad.pdf]
Los pacientes recibieron un programa de intervención domiciliaria de 12 meses con una fase de mantenimiento de 12 meses. Los participantes  recibieron  un  plan  de  comidas  estructurado  por un consejero de comportamiento que incluía un déficit calórico prescrito,  así  como  un  plan  para  aumentar  la  actividad  física. Se  les  pidió  que  hicieran  un  seguimiento  de  sus  progresos  en los  formularios  de  autocontrol  proporcionados.  La  rama  de intervención estándar realizó tres reuniones presenciales, y la rama de  intervención  mejorada  también  incluyó  llamadas  telefónicas periódicas, envíos por correo y retroalimentación. 8

---

[Fuente: 04_Prevencion-y-reduccion-de-danos-de-la-obesidad-en-personas-adultas.pdf]
17.   Boutelle KN, Baker RC, Kirschenbaum DS, Mitchell ME. How can obese weight controllers minimize weight gain during the high risk holiday season? By selfmonitoring very consistently. Health Psychology. 1999;18(4). doi:10.1037/02786133.18.4.364
18.   Mason F, Farley A, Pallan M, Sitch A, Easter C, Daley AJ. Effectiveness of a brief behavioural  intervention  to  prevent  weight  gain  over  the  Christmas  holiday period: Randomised controlled trial. BMJ (Online). 2018;363. doi:10.1136/bmj. k4867
19.   Lacaille  LJ,  Schultz  JF ,  Goei  R,  et  al.  Go!:  Results  from  a  quasi-experimental obesity prevention trial with hospital employees. BMC  Public Health. 2016;16(1). doi:10.1186/s12889-016-2828-0

---

[Fuente: 08_Terapia-de-nutricion-medica-de-la-obesidad.pdf]
## ENFOQUES BASADOS EN LA ALIMENTACIÓN

Varios  patrones  dietéticos  que  hacen  hincapié  en  enfoques específicos basados en los alimentos han demostrado sus ventajas (Tabla  1).  Entre  ellas  se  encuentran  las  legumbres  (porotos, garbanzos,  lentejas  y  arvejas  secas), 39-43 frutas  y  verduras, 44,45,47 frutos secos, 48-50,139-141 cereales integrales (especialmente de avena  y  cebada) 46,51,95,105,142,143 y  lácteos. 52,144-146 Estos  enfoques basados  en  los  alimentos  han  demostrado  la  pérdida  y/o  el mantenimiento del peso, con mejoras en los factores de riesgo cardiometabólico, en ensayos controlados aleatorios. También hay pruebas de reducciones asociadas en la incidencia de diabetes y enfermedades cardiovasculares en grandes estudios de cohortes prospectivos que incluyen a personas con un IMC ≥ 25 kg/m 2 .

## PROGRAMAS INTENSIVOS DE INTERVENCIÓN EN EL ESTILO DE VIDA

---

[Fuente: 08_Terapia-de-nutricion-medica-de-la-obesidad.pdf]
SI

## ACONSEJAR: Proporcionar/reforzar los mensajes nutricionales clave para todos los adultos

- Satisfacer los valores, preferencias y objetivos individuales que sean culturalmente aceptables, asequibles y sostenibles
- Utilizar un lenguaje centrado en la persona y enfocado en el paciente que no excluya a la persona por su peso y que excluya dietas.
- Seguir las recomendaciones de la Guía alimentaria para una alimentación saludable (según corresponda a la persona)

## Comer sanamente no solo se limita a los alimentos que consumimos

- Sea consciente de sus hábitos alimentarios
- Cocine más a menudo
- Saboree sus alimentos
- Consuma sus comidas en buena compañía
- Utilice la información contenida en las etiquetas de los alimentos
- Limite el consume de alimentos con alto contenido de sodio, azúcares o grasas saturadas
- Sea consciente de que la publicidad sobre alimentos puede influir en sus decisiones alimentarias

## Acostúmbrese a comer variedad de alimentos saludables cada día"
"17","Es comprensible que te sientas desanimado si no estás viendo los resultados esperados de tu tratamiento. Según el contexto, es común que los pacientes experimenten frustración y consideren abandonar el tratamiento cuando no logran una pérdida de peso clínicamente significativa. Esto puede estar relacionado con varios factores, como la dosificación, el cumplimiento del tratamiento, o incluso problemas psicosociales que pueden influir en tu percepción del éxito (Fuente: 13_Farmacoterapia-en-el-tratamiento-de-la-obesidad.pdf).

Además, es importante considerar que la experiencia de alcanzar una meseta en la pérdida de peso puede ser interpretada negativamente, lo que podría llevar a la desmotivación. Si ves la meseta como un fracaso, es probable que dejes de seguir con los comportamientos que te han llevado a perder peso (Fuente: 10_Intervenciones-psicologicas-y-conductuales-eficaces-en-el-tratamiento-de-la-obesidad.pdf). Sin embargo, si logras replantear esta situación como un éxito, podrías encontrar más motivación para continuar (esto sugiere que el enfoque psicológico puede ser clave en tu proceso).

Si sientes que el tratamiento no es adecuado para ti, podría ser útil discutir tus preocupaciones con tu médico o un profesional de la salud. Ellos pueden evaluar si hay otros factores que están afectando tu progreso y considerar la posibilidad de ajustar tu tratamiento o explorar otras opciones. Recuerda que la adherencia a un tratamiento puede ser un desafío y que no estás solo en esta experiencia (Fuente: 07_El-rol-de-la-salud-mental-en-el-tratamiento-de-la-obesidad.pdf).","[Fuente: 01_Practicas-y-politicas-para-reducir-los-sesgos-sobre-el-peso-en-el-manejo-de-la-obesidad-1.pdf]
.  En  ciertos  casos, puede ocurrir  que  los  mismos  pacientes  eviten  buscar  ayuda  o abandonen los tratamientos en el sistema de salud. 41-45

---

[Fuente: 13_Farmacoterapia-en-el-tratamiento-de-la-obesidad.pdf]
Si no se consigue una pérdida de peso clínicamente significativa con  la farmacoterapia, deben  evaluarse  otros factores  que contribuyan  a  la  percepción  del  fracaso  de  la  misma,  como  la dosificación  o  el  cumplimiento  inadecuado,  las  barreras  para el  cambio  conductual  y  los  problemas  psicosociales  o  médicos. También hay que reconocer que existe una considerable heterogeneidad en la respuesta a la farmacoterapia con cualquier agente farmacoterapéutico. Debe considerarse la posibilidad de probar otra medicación para la obesidad si no se ha conseguido un éxito clínicamente significativo en su control después de tres meses  con  la  dosis  completa/máxima  tolerada  y  no  hay  otras etiologías  evidentes  de  su  causa.  En  la  actualidad,  no  tenemos capacidad  para  predecir  qué  medicación  beneficiará  más  a  un paciente

---

[Fuente: 11_La-atencion-y-asistencia-primaria-en-el-manejo-de-la-obesidad.pdf]
. Se cree que este enfoque del tratamiento reduce la sensación de privación y aumenta la autoeficacia y el empoderamiento, todo lo cual puede repercutir positivamente en la adherencia y el éxito a largo plazo.

---

[Fuente: 10_Intervenciones-psicologicas-y-conductuales-eficaces-en-el-tratamiento-de-la-obesidad.pdf]
Consideremos,  por  ejemplo,  la  experiencia  de  la  meseta  en  el peso. Cuando una persona se esfuerza mucho por perder peso y luego alcanza una meseta, ¿continuará con los comportamientos asociados a los resultados positivos o dejará de hacerlo? Si perciben la  meseta  como  un  fracaso,  es  probable  que  dejen  de  hacerlo (porque el refuerzo cesó, es decir, un castigo). Si comprendieran el  concepto  de  'mejor  peso'  y  vieran  la  meseta  como  un éxito  (refuerzo),  probablemente  continuarían.  Muchas  de  las intervenciones cognitivas en el tratamiento de la obesidad están diseñadas  para  ayudar  al  paciente  a  replantear  las  experiencias desde  un  contexto  interpretativo  negativo  (castigo)  a  uno  más positivo (refuerzo). Aquí se puede ver que el comportamiento y la psicología están fuertemente entrelazados.

---

[Fuente: 10_Intervenciones-psicologicas-y-conductuales-eficaces-en-el-tratamiento-de-la-obesidad.pdf]
. A medida que  avanzaba  el  ensayo,  las  expectativas  no  cumplidas  no  se asociaron con el abandono, ni con los resultados de peso, pero sí con la satisfacción.

---

[Fuente: 07_El-rol-de-la-salud-mental-en-el-tratamiento-de-la-obesidad.pdf]
<!-- image -->

<!-- image -->

<!-- image -->

A pesar de que no existe un consenso en relación a las razones de la no adherencia de los pacientes al seguimiento recomendado tras  la  cirugía  bariátrica,  un  estudio  cualitativo  que  exploró  los factores que influyen en la decisión de los pacientes de asistir a los  controles  posteriores  a  la  cirugía  bariátrica  identificó  varias variables. Los pacientes que dejaron de acudir a las consultas de seguimiento postoperatorio:

1.  Confiaban  más  en  la  capacidad  de  su  médico  de  atención primaria para manejar su tratamiento postcirugía bariátrica;
2.  Tenían dificultades para desplazarse, en términos de tiempo y de implicancias financieras;
3.  Consideraron  que  no  habían  conseguido  sus  objetivos  de pérdida de peso; y
4.  Percibían que el seguimiento tenía una limitada utilidad para su atención actual. 145

---

[Fuente: 10_Intervenciones-psicologicas-y-conductuales-eficaces-en-el-tratamiento-de-la-obesidad.pdf]
. Jeffrey et  al. 81 intentaron  sin  éxito  aumentar  la  satisfacción  con  los resultados del peso en un ensayo clínico aleatorio.

---

[Fuente: 07_El-rol-de-la-salud-mental-en-el-tratamiento-de-la-obesidad.pdf]
Se  necesitan  estudios  adicionales  para  identificar  más  factores potenciales que contribuyan en los abandonos  durante el seguimiento.

También  se  han  estudiado  en  la  literatura,  las  dificultades  en la  adherencia  de  los  pacientes  a  los  cambios  conductuales  y  al régimen  postcirugía  bariátrica.  La  pobre  adherencia  nutricional se  ha  asociado  a  síntomas  depresivos  de  base  y  a  la  presencia de un  trastorno por atracón. 146   Adicionalmente,  un  mayor grado  de  apego  (relacional)  ansioso  y  una  menor  edad  (por ejemplo,  adolescentes)  también  han  sido  asociados  con  una pobre adherencia a las vitaminas postoperatorias. 144,146 Las intervenciones para mejorar el compromiso y la adherencia a las recomendaciones  de  seguimiento  postcirugía  bariátrica  no  han sido bien estudiadas.

Correspondence: info@ifsochile.cl

<!-- image -->

<!-- image -->

<!-- image -->

## Referencias

---

[Fuente: 11_La-atencion-y-asistencia-primaria-en-el-manejo-de-la-obesidad.pdf]
Los  únicos  estudios  que  incluyeron  seguimientos  fueron  los  de la  terapia  de  aceptación  y  compromiso. Se comprobó que, tras la  intervención,  la  mayoría  de  los  participantes  mantuvieron  su pérdida de peso durante cuatro y seis meses. Entre estos hallazgos se encuentra un estudio de Forman et al., que descubrió que el 64% de los participantes era capaz de mantener una reducción del  10%  del  peso  seis  meses  después  del  tratamiento. 41 Estos resultados se compararon con un tratamiento conductual estándar basado en el Programa de Prevención de la Diabetes (DPP por sus siglas en inglés), en el que solamente el 46% de los participantes era capaz de mantener una reducción del 10% del peso. Al éxito de este programa puede deberse a su diseño intensivo en el que se impartieron 30 sesiones de grupo de 75 minutos

---

[Fuente: 10_Intervenciones-psicologicas-y-conductuales-eficaces-en-el-tratamiento-de-la-obesidad.pdf]
76.   Gorin AA, Pinto AM, Tate DF, Raynor HA, Fava JL, Wing RR. Failure to meet weight loss  expectations  does  not  impact  maintenance  in  successful  weight losers. Obesity. 2007;15(12). doi:10.1038/oby.2007.367
77.   Dalle  Grave  R,  Calugi  S,  Magri  F ,  et  al.  Weight  loss  expectations  in  obese patients seeking treatment at medical centers. Obesity Research. 2004;12(12). doi:10.1038/oby.2004.251 . . . . .
78.   Baldwin AS, Rothman AJ, Jeffery RW. Satisfaction with weight loss: Examining the  longitudinal  covariation  between  people's  weight-loss-related  outcomes and  experiences and  their satisfaction. Annals of Behavioral Medicine. 2009;38(3). doi:10.1007/s12160-009-9148-x
79.   Ames  GE,  Thomas  CS,  Patel  RH,  McMullen  JS,  Lutes  LD.  Should  providers encourage  realistic  weight  expectations  and  satisfaction  with  lost  weight  in commercial weight loss programs? a preliminary study. Springerplus. 2014;3(1). doi:10.1186/2193-1801-3-477"
"18","El estrés laboral puede ser un factor que contribuye a un aumento en la ingesta de alimentos, como se menciona en el contexto. Es importante abordar tanto el estrés como la relación con la comida para mejorar tu situación. Aquí hay algunas sugerencias basadas en la información proporcionada:

1. **Identificación de factores estresantes**: Considera identificar las causas de tu estrés en el trabajo y cómo estas pueden estar influyendo en tus hábitos alimentarios. Esto sugiere que reconocer y abordar el estrés puede ser un primer paso importante.

2. **Comer de manera consciente**: Intenta practicar la alimentación consciente. Esto implica prestar atención a tus señales de hambre y saciedad, así como a tus emociones y pensamientos mientras comes. La atención plena puede ayudarte a reducir la ansiedad por la comida y mejorar tu relación con ella.

3. **Planificación de comidas**: Planifica lo que vas a comer y establece horarios para tus comidas. Esto puede ayudarte a evitar comer en exceso cuando llegas a casa, ya que tendrás un plan claro.

4. **Buscar apoyo profesional**: Considera acudir a un nutricionista certificado que pueda ofrecerte un plan personalizado y asesoramiento continuo sobre tu estado de salud y requerimientos nutricionales. Esto puede ser útil para abordar tanto la alimentación como el manejo del estrés.

5. **Revisar y atender problemas subyacentes**: Es importante también considerar otros factores que pueden estar afectando tu ingesta alimentaria, como la falta de sueño o la fatiga. Abordar estos problemas puede ayudarte a mejorar tu bienestar general y, por ende, tus hábitos alimentarios.

Implementar estas estrategias puede ayudarte a manejar mejor el estrés y a desarrollar una relación más saludable con la comida.","[Fuente: 10_Intervenciones-psicologicas-y-conductuales-eficaces-en-el-tratamiento-de-la-obesidad.pdf]
| El personal de salud debe conocer la importancia de los fundamentos neurobiológicos que subyacen al impulso de comer (antojos de comida), así como el rol de la comida como refuerzo (aprendizaje asociativo). Esta información debe utilizarse                             | Las intervenciones conductuales que refuerzan la autorregulación alimentaria mejoran los resultados, sobre todo en aquellos que reportan fuertes ansias de comer. 32-34                                            | NIVEL 2, GRADO B     |

---

[Fuente: 08_Terapia-de-nutricion-medica-de-la-obesidad.pdf]
su  nutricionista  para  discutir  las  ventajas  y  desventajas  de los diferentes patrones de alimentación en cuanto le ayuden a  lograr  sus  objetivos  de  salud.  La  forma  de  comer  es  tan importante como cuánto y qué se come. Intente comer de manera consciente y tener una relación sana con la comida.

Hacer 'dieta' o restringir drásticamente la ingesta de alimentos puede provocar cambios en su cuerpo que, con el tiempo, podrían hacerle recuperar el peso.

Acuda a un nutricionista certificado que le ofrezca un plan personalizado  y  le  brinde  asesoramiento  continuo  sobre  su estado de salud y sus requerimientos nutricionales.

---

[Fuente: 08_Terapia-de-nutricion-medica-de-la-obesidad.pdf]
Las intervenciones basadas en la atención plena que se centran en la autoconciencia, concretamente en el hambre, la saciedad y la satisfacción, han resultado eficaces para el  consumo compulsivo, 155-157 los  trastornos  alimentarios, 155 y  han  afectado positivamente  a  las  conductas  alimentarias 151 y  a  la  pérdida de  peso. 158,159 Sin  embargo,  es  necesario  tener  precaución  al interpretar  los  resultados  de  los  enfoques  no  dietéticos.  Hay varias  intervenciones  no  dietéticas  en  la  literatura  sin  grupo  de control,  y  existe  un  alto  riesgo  de  sesgo  en  los  ensayos  y  de herramientas  inconsistentes  que  han  utilizado  para  medir  los resultados

---

[Fuente: 04_Prevencion-y-reduccion-de-danos-de-la-obesidad-en-personas-adultas.pdf]
Por otra parte, aunque es indudable que una mala alimentación y  la  falta  de  actividad  física  son  importantes  factores  de  riesgo para  el  desarrollo  de  obesidad,  pueden  existir  otros  factores que también jueguen un rol muy importante. Es por esto que el personal médico deba considerar las posibles causas subyacentes del  aumento  de  peso,  y  no  solo  enfocarse  en  el  síntoma  del aumento de peso. Por ejemplo, el estrés, el trabajo por turnos o la falta de sueño podrían ser la causa principal del aumento de la ingesta alimentaria; y por otra parte la depresión y el cansancio pueden provocar una disminución de la actividad física. Además, dependiendo de la situación, el atenuar el aumento de peso en lugar de prevenirlo o bajar de peso puede ser un objetivo más razonable y posible de alcanzar. 13

---

[Fuente: 10_Intervenciones-psicologicas-y-conductuales-eficaces-en-el-tratamiento-de-la-obesidad.pdf]
| El personal de salud debe conocer la importancia de los fundamentos neurobiológicos que subyacen al impulso de comer (antojos de comida), así como el rol de la comida como refuerzo (aprendizaje asociativo). Esta información debe utilizarse                             | Las terapias de aceptación y compromiso son complementos de valor añadido a las intervenciones conductuales multicomponentes. 35,36                                                                                | NIVEL 2, GRADO B     |

---

[Fuente: 08_Terapia-de-nutricion-medica-de-la-obesidad.pdf]
-  Las intervenciones nutricionales para el tratamiento de  la  obesidad  deben  hacer  hincapié  en  las  prácticas alimentarias individuales, la calidad de los alimentos y en una relación saludable con la comida. También se puede incluir  la  alimentación  basada  en  la  atención  plena,  lo que  puede  ayudar  a  reducir  la  ansiedad  por  la  comida, disminuir la alimentación basada en la recompensa, mejorar la satisfacción corporal y aumentar la conciencia de la sensación de hambre y saciedad.
-  La restricción calórica permite bajar de peso a corto plazo (&lt;12 meses) pero no ha demostrado ser sostenible a largo plazo (&gt;12 meses). La restricción calórica puede afectar a las vías neurobiológicas que controlan el apetito, el hambre, los antojos y la regulación del peso corporal, lo cual puede provocar  un  aumento  de  la  ingesta  de  alimentos  y  un aumento de peso.

---

[Fuente: 08_Terapia-de-nutricion-medica-de-la-obesidad.pdf]
## Supervisar y evaluar los resultados relacionados con la salud,* incluyendo:

Conductas de salud, estado nutricional, calidad de vida, salud mental, cardiovascular, metabólica, estado funcional, estado físico

<!-- image -->

Reevaluar la intervención, el plan, la preparación, los obstáculos y los apoyos

## Intente comer de manera consciente y tener una relación sana con la comida

- Aparte tiempo para comer
- Note cuándo tiene hambre y cuándo está satisfecho
- Planifique lo que va a comer
- Haga que otros participen en la planificación y preparación de las comidas
- Recuerde que la cultura y las tradiciones culinarias pueden ser parte de una alimentación sana
- Reconecte con la experiencia de comer creando conciencia de sus pensamientos emociones, sensaciones y comportamientos

NO

Supervisar y evaluar la preparación en visitas de seguimiento.

NO

---

[Fuente: 04_Prevencion-y-reduccion-de-danos-de-la-obesidad-en-personas-adultas.pdf]
17.   Boutelle KN, Baker RC, Kirschenbaum DS, Mitchell ME. How can obese weight controllers minimize weight gain during the high risk holiday season? By selfmonitoring very consistently. Health Psychology. 1999;18(4). doi:10.1037/02786133.18.4.364
18.   Mason F, Farley A, Pallan M, Sitch A, Easter C, Daley AJ. Effectiveness of a brief behavioural  intervention  to  prevent  weight  gain  over  the  Christmas  holiday period: Randomised controlled trial. BMJ (Online). 2018;363. doi:10.1136/bmj. k4867
19.   Lacaille  LJ,  Schultz  JF ,  Goei  R,  et  al.  Go!:  Results  from  a  quasi-experimental obesity prevention trial with hospital employees. BMC  Public Health. 2016;16(1). doi:10.1186/s12889-016-2828-0

---

[Fuente: 10_Intervenciones-psicologicas-y-conductuales-eficaces-en-el-tratamiento-de-la-obesidad.pdf]
## Fomentar la conciencia del deseo de comer

Utilice la CM para:

-   Fomentar una comprensión del sistema motivacional del deseo como una función cerebral normal.
-   Animar a la PcO a identificar entornos de alto riesgo que generan deseo de comer (condicionamiento pavloviano).
- Fomentar en la PcO la posibilidad de aceptar el deseo de comer como un proceso biológico normal, considerando que la moderación de este puede generar malestar. Sin embargo es de gran utilidad si es en apoyo de los objetivos y valores

## Moduladores

Utilice la CM para:

- Fomentar la identificación y la aceptación de una delimitada lista de moduladores internos que afectan el apetito y que tienen efecto en la capacidad de desear y restringir.
- Revisar y atender problemas como estrés, fatiga, depresión o ansiedad.

## Tabla 1: Revisión de las evidencias

---

[Fuente: 01_Practicas-y-politicas-para-reducir-los-sesgos-sobre-el-peso-en-el-manejo-de-la-obesidad-1.pdf]
29.   Schmalz DL, Colistra CM. Obesity stigma as a barrier to healthy eating behavior. Top Clin Nutr. 2016;31(1). doi:10.1097/TIN.0000000000000060
30.   Almeida L, Savoy S, Boxer P . The role of weight stigmatization in cumulative risk for binge eating. J Clin Psychol. 2011;67(3). doi:10.1002/jclp.20749
31.   Schvey  NA,  Puhl  RM,  Brownell  KD.  The  impact  of  weight  stigma  on  caloric consumption. Obesity. 2011;19(10). doi:10.1038/oby.2011.204
32.   Pearl RL, Dovidio JF, Puhl RM, Brownell KD. Exposure to Weight-Stigmatizing Media:  Effects  on  Exercise  Intentions,  Motivation,  and  Behavior.  J  Health Commun. 2015;20(9). doi:10.1080/10810730.2015.1018601
33.   Nolan LJ, Eshleman A. Paved with good intentions: Paradoxical eating responses to weight stigma. Appetite. 2016;102. doi:10.1016/j.appet.2016.01.027"
"19","Es posible que tu aumento de hambre y mareos estén relacionados con tu dieta, especialmente si estás siguiendo un enfoque de restricción calórica. Según el contexto, la restricción calórica puede llevar a un aumento del hambre y del apetito, lo que podría explicar por qué te sientes más hambriento de lo normal. Además, los síntomas de mareo pueden estar relacionados con la hipoglucemia, que puede ocurrir si no estás ingiriendo suficientes calorías o nutrientes, lo que también se menciona en el contexto.

Se puede inferir que si estás experimentando estos síntomas, podría ser útil revisar tu plan de alimentación con un nutricionista certificado para asegurarte de que estás recibiendo la nutrición adecuada y para discutir cualquier ajuste necesario en tu dieta.","[Fuente: 08_Terapia-de-nutricion-medica-de-la-obesidad.pdf]
| Mejora relacionada al apetito     | Hambre, saciedad, antojos, ganas de comer, palatabilidad de los alimentos Salud Estado Relación                          | intestinal de con                                                                                                                     |
| Salud mental                      | Conductas alimentarias trastornadas, autoestima, autoeficacia, regulación emocional, estado de ánimo/ ansiedad, adicción | Hambre Ansiedad Salud general                                                                                                         |

---

[Fuente: 16_Cirugia-bariatrica-Tratamiento-postoperatorio.pdf]
El síndrome de dumping se divide en fases tempranas y tardías. El  síndrome  de  dumping  temprano  se  produce  en  la  primera hora después de una comida. Debido a la hiperosmolalidad de los  alimentos,  se  producen  rápidos  desplazamientos  de  fluidos desde  el  compartimento  plasmático  hacia  la  luz  intestinal,  lo que  provoca  hipotensión  y  una  respuesta  del  sistema  nervioso simpático. El dumping  precoz se caracteriza por síntomas gastrointestinales, como dolor abdominal, distensión abdominal, borborigmos, náuseas y diarrea; y síntomas vasomotores, como fatiga,  deseo  de  acostarse  después de las comidas (un síntoma clásico), rubor, palpitaciones, sudoración, taquicardia, hipotensión y,  raramente, síncope. Por el contrario, el dumping tardío suele producirse entre una y tres horas después de la comida y es el resultado  de  una  respuesta  hiperinsulinémica  impulsada  tras la  ingestión  de  carbohidratos

---

[Fuente: 08_Terapia-de-nutricion-medica-de-la-obesidad.pdf]
Una revisión sistemática 180  descubrió que las dietas muy bajas en calorías pueden utilizarse sin exacerbar los trastornos alimentarios existentes  o  los  episodios  de  atracones  en  programas  con  supervisión médica. Da Luz et al. 180   encontraron que los atracones disminuyeron en las intervenciones de DMBC. Un ensayo prospectivo de control aleatorio  no  encontró  conductas  alimentarias  trastornadas,  ni trastornos por atracones y disminuyó los síntomas de depresión en los grupos con restricción calórica (1200 kcal-1500 kcal/día con alimentos  convencionales,  o  1000  kcal/día  con  sustituciones  de comidas completas) en comparación con un enfoque sin restricción calórica. 181 Los  síntomas  de  baja  autoestima  y  los  pensamientos negativos sobre la imagen corporal disminuyeron en los tres grupos a  lo  largo  del  tiempo

---

[Fuente: 08_Terapia-de-nutricion-medica-de-la-obesidad.pdf]
Aunque  el  TMN  que  consigue  un  déficit  calórico  puede  dar lugar a una pérdida de peso a corto plazo (de seis a 12 meses), el cambio de peso no suele mantenerse en el tiempo. Además, la recomendación común de que un déficit calórico de 500 kcal/día o 3500 kcal/semana produciría una pérdida de peso de 0,45 kg no es válida, ya que la pérdida de peso no es lineal. 73,74 Polidori et al. cuantificaron por primera vez la cantidad de ingesta calórica compensada por los cambios de pérdida de peso en seres humanos de vida libre y estimaron que el apetito aumentaba en ~100 kcal/día por cada kilogramo de peso perdido, lo que contribuía al aumento de peso con el tiempo. 75  La restricción calórica puede, en algunas personas, conducir a impulsos fisiopatológicos que promueven el aumento de peso a través del aumento del hambre, el apetito y la disminución de la saciedad. 66 Además, las restricciones calóricas pueden tener consecuencias negativas para la salud del esqueleto

---

[Fuente: 03_La-ciencia-de-la-obesidad.pdf]
. El nivel de grelina aumenta en estado de ayuno y desciende rápidamente tras  la  ingesta  de  una  comida.  Tras  la  ingesta  de  alimentos,  la información sensorial sobre el volumen y la composición de las comidas,  y  sobre  todo  la  saciedad,  se  transmite  al  núcleo  del tracto solitario (NTS) en el tronco del encéfalo a través de las fibras aferentes vagales. El NTS, a su vez, integra y transmite las señales a  las  vías  de  control  homeostático  del  hipotálamo,  influyendo principalmente en la saciedad. 10

---

[Fuente: 08_Terapia-de-nutricion-medica-de-la-obesidad.pdf]
su  nutricionista  para  discutir  las  ventajas  y  desventajas  de los diferentes patrones de alimentación en cuanto le ayuden a  lograr  sus  objetivos  de  salud.  La  forma  de  comer  es  tan importante como cuánto y qué se come. Intente comer de manera consciente y tener una relación sana con la comida.

Hacer 'dieta' o restringir drásticamente la ingesta de alimentos puede provocar cambios en su cuerpo que, con el tiempo, podrían hacerle recuperar el peso.

Acuda a un nutricionista certificado que le ofrezca un plan personalizado  y  le  brinde  asesoramiento  continuo  sobre  su estado de salud y sus requerimientos nutricionales.

---

[Fuente: 16_Cirugia-bariatrica-Tratamiento-postoperatorio.pdf]
.  Los  síntomas  relacionados  con la hipoglucemia  están  relacionados  con  la  neuroglucopenia (fatiga,  debilidad,  confusión, hambre y síncope) y la reactividad autonómica adrenérgica (sudoración, palpitaciones, temblores e irritabilidad). 12

---

[Fuente: 08_Terapia-de-nutricion-medica-de-la-obesidad.pdf]
## ENFOQUES NO DIETÉTICOS

Los  enfoques  no  dietéticos  incluyen  un  paraguas  de  conceptos descritos  en  la  literatura  que  ofrecen  al  personal  de  salud alternativas a las intervenciones centradas en la pérdida de peso. 151 Estos enfoques suelen rechazar las prácticas de pérdida de peso o de dieta y suelen utilizar conceptos de atención plena en respuesta al hambre, la saciedad, los antojos y el apetito internos en lugar de la restricción calórica o la restricción cognitiva. Los componentes de un enfoque no dietético pueden  incluir los siguientes conceptos: peso neutro, peso inclusivo, alimentación consciente, intervenciones  basadas  en  la  atención  plena,  aceptación  del tamaño o del cuerpo y/o Health at Every Size ®  (HAES ® ).

---

[Fuente: 08_Terapia-de-nutricion-medica-de-la-obesidad.pdf]
El  personal de salud puede dudar en recomendar la restricción de  la  ingesta  o  las  DMBC,  ya  que  una  revisión  bibliográfica temprana descubrió que el desarrollo de trastornos alimentarios en  mujeres  de  edad  universitaria  estaba  asociado  con  un historial  de  restricción  calórica  intencional  para  perder  peso. 178 Sin embargo, la evidencia actual muestra resultados mixtos, ya que los  estudios  limitados  han  evaluado  específicamente  si  las prácticas de dieta (para la búsqueda de un peso o forma corporal ideal, el impulso de delgadez y los objetivos de pérdida de peso) precipitan  los  trastornos  alimentarios  (como  el  trastorno  por atracón  o  las  conductas  alimentarias  trastornadas)

---

[Fuente: 16_Cirugia-bariatrica-Tratamiento-postoperatorio.pdf]
Debe haber un alto nivel de sospecha de una ulceración en los pacientes  que  utilizan  antiinflamatorios  no  esteroideos  (AINE). Se  debe  considerar  la  derivación  al  cirujano  bariátrico  cuando aparezcan  alarmas  tales  como  dolor  abdominal  inexplicable, frecuente y de moderado a grave, intolerancia diaria a la mayoría de  los  alimentos  sólidos,  náuseas  y  vómitos  persistentes  que interfirieran con la alimentación habitual. En ese caso el paciente debe  ser  hospitalizado  para  un  estudio  exhaustivo  e  iniciar rápidamente un suplemento de tiamina oral o parenteral, incluso en ausencia o antes de recibir datos de laboratorio confirmatorios. 14

## Salud ósea"
"20","El ayuno intermitente, que incluye enfoques como el ayuno de días alternos, puede ser una estrategia para la pérdida de peso, pero la evidencia sobre su efectividad a largo plazo es limitada. Aunque algunas personas pueden experimentar pérdida de peso a corto plazo, como se menciona en el contexto, el cambio de peso no suele mantenerse en el tiempo. Además, la restricción calórica puede llevar a un aumento del hambre y el apetito, lo que podría dificultar el mantenimiento de la pérdida de peso.

Por lo tanto, hacer un ayuno de dos días seguidos podría no ser la mejor estrategia para todos, ya que puede ser difícil de sostener y podría tener efectos negativos en el apetito y la saciedad. Se sugiere que cualquier enfoque para la pérdida de peso debe ser considerado con precaución y, preferiblemente, bajo la supervisión de un profesional de la salud.","[Fuente: 08_Terapia-de-nutricion-medica-de-la-obesidad.pdf]
| Ayuno intermitente                                                     |                                                                                                                                                                                                                                       | i 0,61 kg durante 24 semanas 38                                                                                             |                                                          |                                                                                                  |

---

[Fuente: 08_Terapia-de-nutricion-medica-de-la-obesidad.pdf]
Aunque  el  TMN  que  consigue  un  déficit  calórico  puede  dar lugar a una pérdida de peso a corto plazo (de seis a 12 meses), el cambio de peso no suele mantenerse en el tiempo. Además, la recomendación común de que un déficit calórico de 500 kcal/día o 3500 kcal/semana produciría una pérdida de peso de 0,45 kg no es válida, ya que la pérdida de peso no es lineal. 73,74 Polidori et al. cuantificaron por primera vez la cantidad de ingesta calórica compensada por los cambios de pérdida de peso en seres humanos de vida libre y estimaron que el apetito aumentaba en ~100 kcal/día por cada kilogramo de peso perdido, lo que contribuía al aumento de peso con el tiempo. 75  La restricción calórica puede, en algunas personas, conducir a impulsos fisiopatológicos que promueven el aumento de peso a través del aumento del hambre, el apetito y la disminución de la saciedad. 66 Además, las restricciones calóricas pueden tener consecuencias negativas para la salud del esqueleto

---

[Fuente: 17_Productos-y-programas-comerciales-para-el-control-de-la-obesidad.pdf]
La gente debería desconfiar de los programas de pérdida de peso que:

-  Prometen la pérdida de peso sin dieta ni ejercicio;
-  Promete perder peso comiendo todo lo que quiera;
-  Prometen una reducción puntual del peso de determinados lugares;
-  Prometer una pérdida demasiado rápida (por ejemplo, perder 13 kilos en 30 días);
-  Incluye fotos del antes y el después y testimonios personales que parezcan demasiado buenos para ser verdad.

## PRODUCTOS COMERCIALES

---

[Fuente: articulo.pdf]
La gente debería desconfiar de los programas de pérdida de peso que:

-  Prometen la pérdida de peso sin dieta ni ejercicio;
-  Promete perder peso comiendo todo lo que quiera;
-  Prometen una reducción puntual del peso de determinados lugares;
-  Prometer una pérdida demasiado rápida (por ejemplo, perder 13 kilos en 30 días);
-  Incluye fotos del antes y el después y testimonios personales que parezcan demasiado buenos para ser verdad.

## PRODUCTOS COMERCIALES

---

[Fuente: 08_Terapia-de-nutricion-medica-de-la-obesidad.pdf]
## AYUNO INTERMITENTE

El  ayuno  intermitente  incluye  una  variedad  de  enfoques  sobre el  horario  de  las  comidas  que  alternan  períodos  de  ayuno prolongado (sin ingesta, o menos del 25% de las necesidades) y  períodos  de  ingesta  sin  restricciones.  El  ayuno  intermitente también se describe como alimentación restringida en el tiempo, ayuno de días alternos o restricción energética intermitente. Sin embargo, hay múltiples variaciones reportadas en la literatura. 136 Hubo evidencia limitada en estudios de fisiología y metabolismo humano.

---

[Fuente: 08_Terapia-de-nutricion-medica-de-la-obesidad.pdf]
Un ensayo clínico aleatorizado con personas mayores (≥ 65 años) a los que se les aconsejó que disminuyeran su ingesta calórica en 500 kcal/día por debajo de su necesidad calórica estimada, con un mínimo de 1000 kcal/día, registró una disminución significativa del  peso  corporal  (4%)  durante  12  meses,  así  como  mejoras significativas en la glicemia y el colesterol HDL. 71

En una revisión sistemática y metaanálisis de los ensayos de control aleatorizados que utilizaron dietas muy bajas en calorías (DMBC), con o sin sustitutos alimentarios para la pérdida de peso, se concluyó que el uso de una DMBC dentro de un programa conductual de pérdida de peso se tradujo en una mayor pérdida de peso en 12 meses (-3,9 kg) y 24 meses (1,4 kg) que en un programa conductual aislado. 72  No se encontraron evidencias de que las intervenciones de DMBC sean efectivas sin apoyo conductual. 72

---

[Fuente: 08_Terapia-de-nutricion-medica-de-la-obesidad.pdf]
En una revisión sistemática y metaanálisis de ensayos controlados aleatorios, Cioffi et al. 38   identificaron 11 ensayos (de ocho a 24 semanas)  que  encontraron  resultados  comparables  entre  las intervenciones que utilizaban la restricción energética intermitente en comparación con la restricción energética continua (peso, masa grasa, masa libre de grasa, circunferencia de la cintura, glucosa, HbA1C,  triglicéridos  y  HDL-C).  Se  identificó  que  la  restricción energética intermitente reducía los niveles de insulina en ayunas (diferencia  agrupada  de  -0,89  uU/mL)  en  comparación  con  los controles;  sin  embargo,  los  autores  del  estudio  cuestionaron  la importancia  clínica  de  esto,  ya  que  no  hubo  diferencias  en  la glucosa, la HbA1C o el HOMA-IR. La adherencia fue similar entre los grupos de restricción energética continua e intermitente, con mayores tasas de deserción y eventos adversos en los grupos de restricción energética intermitente. 38

---

[Fuente: 17_Productos-y-programas-comerciales-para-el-control-de-la-obesidad.pdf]
mantenimiento del peso a largo plazo; un buen perfil de seguridad; y costos razonables.

-  Las  personas  con  sobrepeso  u  obesidad  deben  desconfiar de  los  programas  de  adelgazamiento  que:  i)  prometen  la pérdida de peso sin dieta ni ejercicio; ii) prometen la pérdida de peso comiendo todo lo que se quiera; iii) prometen la reducción  de  peso  en  lugares  concretos  del  cuerpo; iv)  prometen una pérdida demasiado rápida (por ejemplo, perder 13 kilos en 30 días); o v) incluyen fotos del antes y el después, y testimonios personales que parecen demasiado buenos para ser verdad.

## MENSAJES CLAVE PARA LAS PERSONAS CON OBESIDAD continuación

-  Existen muchos productos naturales para la pérdida de peso sin receta médica, pero ninguno de ellos ha demostrado proporcionar una pérdida de peso clínicamente significativa en estudios científicos de alta calidad.

## RECOMENDACIONES ADOPTADAS

<!-- image -->

---

[Fuente: articulo.pdf]
mantenimiento del peso a largo plazo; un buen perfil de seguridad; y costos razonables.

-  Las  personas  con  sobrepeso  u  obesidad  deben  desconfiar de  los  programas  de  adelgazamiento  que:  i)  prometen  la pérdida de peso sin dieta ni ejercicio; ii) prometen la pérdida de peso comiendo todo lo que se quiera; iii) prometen la reducción  de  peso  en  lugares  concretos  del  cuerpo; iv)  prometen una pérdida demasiado rápida (por ejemplo, perder 13 kilos en 30 días); o v) incluyen fotos del antes y el después, y testimonios personales que parecen demasiado buenos para ser verdad.

## MENSAJES CLAVE PARA LAS PERSONAS CON OBESIDAD continuación

-  Existen muchos productos naturales para la pérdida de peso sin receta médica, pero ninguno de ellos ha demostrado proporcionar una pérdida de peso clínicamente significativa en estudios científicos de alta calidad.

## RECOMENDACIONES ADOPTADAS

<!-- image -->

---

[Fuente: 08_Terapia-de-nutricion-medica-de-la-obesidad.pdf]
En un ensayo clínico aleatorizado con mujeres (de 25 a 75 años) con un IMC de 37,84 +/- 3,94 kg/m 2  se observó que la prescripción de  1000  kcal/día  en  comparación  con  1500  kcal/día  junto  con el  tratamiento conductual producía una mayor pérdida de peso durante seis meses (pero se producía una recuperación significativa de peso a los 12 meses en comparación con el grupo de 1500 kcal/día). 70   A  los  12  meses,  un  porcentaje  significativamente mayor de participantes a los que se les prescribió 1000 kcal/día presentaron reducciones de peso corporal del 5% o más que los que se les asignó 1500 kcal/día. 70  Ahora bien, una prescripción de 1000 kcal/día puede ser más difícil de sostener, especialmente en el caso de personas cuya reducción calórica es superior al 50% de su ingesta habitual. 70"
